ensembl_gene_id,supercluster,subcluster
ENSDARG00000000001,0,2
ENSDARG00000000002,3,0
ENSDARG00000000018,1,1
ENSDARG00000000019,0,0
ENSDARG00000000068,5,2
ENSDARG00000000103,4,2
ENSDARG00000000142,1,0
ENSDARG00000000151,0,2
ENSDARG00000000161,2,1
ENSDARG00000000175,4,0
ENSDARG00000000183,0,0
ENSDARG00000000189,3,0
ENSDARG00000000241,4,1
ENSDARG00000000349,4,0
ENSDARG00000000369,4,1
ENSDARG00000000370,4,0
ENSDARG00000000380,2,1
ENSDARG00000000394,5,0
ENSDARG00000000423,5,2
ENSDARG00000000442,5,2
ENSDARG00000000472,3,0
ENSDARG00000000474,2,1
ENSDARG00000000476,5,1
ENSDARG00000000489,1,1
ENSDARG00000000503,3,2
ENSDARG00000000516,4,1
ENSDARG00000000529,0,0
ENSDARG00000000540,5,1
ENSDARG00000000542,5,1
ENSDARG00000000551,3,0
ENSDARG00000000563,3,2
ENSDARG00000000567,4,1
ENSDARG00000000568,0,0
ENSDARG00000000588,5,1
ENSDARG00000000606,4,1
ENSDARG00000000631,5,1
ENSDARG00000000638,1,1
ENSDARG00000000656,5,1
ENSDARG00000000666,3,2
ENSDARG00000000690,4,0
ENSDARG00000000729,5,1
ENSDARG00000000730,0,0
ENSDARG00000000747,5,1
ENSDARG00000000760,5,1
ENSDARG00000000767,4,1
ENSDARG00000000779,1,0
ENSDARG00000000796,3,0
ENSDARG00000000804,4,0
ENSDARG00000000830,1,0
ENSDARG00000000837,0,1
ENSDARG00000000853,0,0
ENSDARG00000000857,5,2
ENSDARG00000000861,1,0
ENSDARG00000000887,5,1
ENSDARG00000000906,0,2
ENSDARG00000000935,0,2
ENSDARG00000000966,3,0
ENSDARG00000001014,3,0
ENSDARG00000001015,3,1
ENSDARG00000001127,2,0
ENSDARG00000001129,1,0
ENSDARG00000001154,2,0
ENSDARG00000001162,5,0
ENSDARG00000001169,0,1
ENSDARG00000001210,5,1
ENSDARG00000001220,3,1
ENSDARG00000001234,3,0
ENSDARG00000001241,1,1
ENSDARG00000001244,5,0
ENSDARG00000001249,0,0
ENSDARG00000001259,3,0
ENSDARG00000001303,5,2
ENSDARG00000001313,1,0
ENSDARG00000001354,3,2
ENSDARG00000001431,3,2
ENSDARG00000001437,4,1
ENSDARG00000001442,0,0
ENSDARG00000001447,1,0
ENSDARG00000001463,3,2
ENSDARG00000001470,0,0
ENSDARG00000001498,4,0
ENSDARG00000001549,5,2
ENSDARG00000001557,1,0
ENSDARG00000001558,1,0
ENSDARG00000001559,2,0
ENSDARG00000001621,0,1
ENSDARG00000001634,4,0
ENSDARG00000001676,3,0
ENSDARG00000001686,2,1
ENSDARG00000001710,3,0
ENSDARG00000001712,4,2
ENSDARG00000001721,4,0
ENSDARG00000001734,0,2
ENSDARG00000001754,5,0
ENSDARG00000001760,2,1
ENSDARG00000001769,0,1
ENSDARG00000001771,2,1
ENSDARG00000001776,1,0
ENSDARG00000001777,1,0
ENSDARG00000001781,4,2
ENSDARG00000001782,4,0
ENSDARG00000001785,3,2
ENSDARG00000001788,4,2
ENSDARG00000001803,4,0
ENSDARG00000001804,0,0
ENSDARG00000001807,3,2
ENSDARG00000001817,0,2
ENSDARG00000001818,3,2
ENSDARG00000001825,4,0
ENSDARG00000001835,3,0
ENSDARG00000001857,0,2
ENSDARG00000001859,4,0
ENSDARG00000001870,3,1
ENSDARG00000001873,1,1
ENSDARG00000001880,0,0
ENSDARG00000001881,2,0
ENSDARG00000001882,3,2
ENSDARG00000001888,5,0
ENSDARG00000001889,4,1
ENSDARG00000001890,1,0
ENSDARG00000001891,2,0
ENSDARG00000001897,5,1
ENSDARG00000001906,2,1
ENSDARG00000001909,3,2
ENSDARG00000001910,3,2
ENSDARG00000001912,0,2
ENSDARG00000001913,4,1
ENSDARG00000001929,0,2
ENSDARG00000001930,0,2
ENSDARG00000001933,3,2
ENSDARG00000001937,4,1
ENSDARG00000001939,5,2
ENSDARG00000001940,5,1
ENSDARG00000001950,3,2
ENSDARG00000001953,2,1
ENSDARG00000001968,0,2
ENSDARG00000001969,0,0
ENSDARG00000001971,2,1
ENSDARG00000001975,3,2
ENSDARG00000001976,4,1
ENSDARG00000001993,2,1
ENSDARG00000001994,3,2
ENSDARG00000002002,2,0
ENSDARG00000002006,0,2
ENSDARG00000002013,5,1
ENSDARG00000002016,5,2
ENSDARG00000002020,0,2
ENSDARG00000002021,2,0
ENSDARG00000002026,3,2
ENSDARG00000002031,1,0
ENSDARG00000002037,2,0
ENSDARG00000002060,0,0
ENSDARG00000002071,3,2
ENSDARG00000002077,0,2
ENSDARG00000002082,1,1
ENSDARG00000002084,4,1
ENSDARG00000002097,3,2
ENSDARG00000002128,5,1
ENSDARG00000002131,3,0
ENSDARG00000002165,5,1
ENSDARG00000002167,3,0
ENSDARG00000002168,5,2
ENSDARG00000002174,1,0
ENSDARG00000002184,1,0
ENSDARG00000002190,0,1
ENSDARG00000002192,2,1
ENSDARG00000002193,2,1
ENSDARG00000002194,3,2
ENSDARG00000002196,4,0
ENSDARG00000002197,2,0
ENSDARG00000002204,4,1
ENSDARG00000002210,2,1
ENSDARG00000002213,5,1
ENSDARG00000002215,1,1
ENSDARG00000002216,4,0
ENSDARG00000002217,4,1
ENSDARG00000002219,2,1
ENSDARG00000002220,5,0
ENSDARG00000002230,3,2
ENSDARG00000002231,0,1
ENSDARG00000002235,3,2
ENSDARG00000002240,4,1
ENSDARG00000002241,3,1
ENSDARG00000002249,2,0
ENSDARG00000002255,3,1
ENSDARG00000002259,2,1
ENSDARG00000002264,4,1
ENSDARG00000002267,5,2
ENSDARG00000002271,0,1
ENSDARG00000002285,0,2
ENSDARG00000002293,5,0
ENSDARG00000002295,2,1
ENSDARG00000002298,0,2
ENSDARG00000002299,4,0
ENSDARG00000002300,2,1
ENSDARG00000002311,3,0
ENSDARG00000002330,0,2
ENSDARG00000002332,5,2
ENSDARG00000002333,2,0
ENSDARG00000002339,5,2
ENSDARG00000002344,4,0
ENSDARG00000002347,5,1
ENSDARG00000002353,5,0
ENSDARG00000002355,5,2
ENSDARG00000002362,2,1
ENSDARG00000002369,5,0
ENSDARG00000002377,0,0
ENSDARG00000002391,2,1
ENSDARG00000002394,2,1
ENSDARG00000002396,5,1
ENSDARG00000002401,1,0
ENSDARG00000002402,5,0
ENSDARG00000002403,1,1
ENSDARG00000002405,3,2
ENSDARG00000002406,1,0
ENSDARG00000002411,4,0
ENSDARG00000002463,0,0
ENSDARG00000002467,5,2
ENSDARG00000002479,1,1
ENSDARG00000002483,4,0
ENSDARG00000002494,3,0
ENSDARG00000002506,5,1
ENSDARG00000002507,3,2
ENSDARG00000002508,2,1
ENSDARG00000002509,5,2
ENSDARG00000002510,4,0
ENSDARG00000002533,4,0
ENSDARG00000002536,5,1
ENSDARG00000002538,5,1
ENSDARG00000002546,3,0
ENSDARG00000002549,0,1
ENSDARG00000002552,5,1
ENSDARG00000002564,3,0
ENSDARG00000002571,5,2
ENSDARG00000002576,2,1
ENSDARG00000002582,3,2
ENSDARG00000002587,3,2
ENSDARG00000002589,3,2
ENSDARG00000002591,5,1
ENSDARG00000002593,3,2
ENSDARG00000002597,0,1
ENSDARG00000002600,2,1
ENSDARG00000002601,5,0
ENSDARG00000002607,3,0
ENSDARG00000002609,5,0
ENSDARG00000002613,5,1
ENSDARG00000002632,4,2
ENSDARG00000002635,2,1
ENSDARG00000002644,3,2
ENSDARG00000002656,2,0
ENSDARG00000002659,1,1
ENSDARG00000002663,4,2
ENSDARG00000002666,0,1
ENSDARG00000002670,0,0
ENSDARG00000002682,2,0
ENSDARG00000002685,0,1
ENSDARG00000002696,2,1
ENSDARG00000002701,2,1
ENSDARG00000002707,5,0
ENSDARG00000002710,5,0
ENSDARG00000002720,5,0
ENSDARG00000002722,2,1
ENSDARG00000002728,2,1
ENSDARG00000002731,3,1
ENSDARG00000002732,2,0
ENSDARG00000002748,0,2
ENSDARG00000002754,5,0
ENSDARG00000002758,2,0
ENSDARG00000002760,2,0
ENSDARG00000002764,3,2
ENSDARG00000002768,3,2
ENSDARG00000002771,2,0
ENSDARG00000002773,2,1
ENSDARG00000002779,2,0
ENSDARG00000002787,1,0
ENSDARG00000002790,4,1
ENSDARG00000002791,5,2
ENSDARG00000002792,1,0
ENSDARG00000002795,4,0
ENSDARG00000002797,5,0
ENSDARG00000002798,5,2
ENSDARG00000002816,2,0
ENSDARG00000002830,0,1
ENSDARG00000002831,4,2
ENSDARG00000002840,3,0
ENSDARG00000002877,0,0
ENSDARG00000002880,2,0
ENSDARG00000002894,5,2
ENSDARG00000002897,2,0
ENSDARG00000002909,0,1
ENSDARG00000002912,0,2
ENSDARG00000002916,5,2
ENSDARG00000002917,2,1
ENSDARG00000002933,4,0
ENSDARG00000002937,4,0
ENSDARG00000002945,2,0
ENSDARG00000002947,5,2
ENSDARG00000002949,5,1
ENSDARG00000002959,5,2
ENSDARG00000002967,0,0
ENSDARG00000002968,4,1
ENSDARG00000002970,1,1
ENSDARG00000002971,1,1
ENSDARG00000002986,2,1
ENSDARG00000002988,3,2
ENSDARG00000002994,0,2
ENSDARG00000003008,3,2
ENSDARG00000003017,0,2
ENSDARG00000003020,3,2
ENSDARG00000003021,5,1
ENSDARG00000003022,4,0
ENSDARG00000003027,0,2
ENSDARG00000003032,3,0
ENSDARG00000003035,1,1
ENSDARG00000003041,0,0
ENSDARG00000003046,3,0
ENSDARG00000003054,2,1
ENSDARG00000003058,4,0
ENSDARG00000003061,4,0
ENSDARG00000003068,5,0
ENSDARG00000003069,0,2
ENSDARG00000003077,3,2
ENSDARG00000003081,4,1
ENSDARG00000003084,0,2
ENSDARG00000003085,5,2
ENSDARG00000003087,2,0
ENSDARG00000003091,0,0
ENSDARG00000003109,4,0
ENSDARG00000003113,2,1
ENSDARG00000003127,5,1
ENSDARG00000003142,3,0
ENSDARG00000003144,0,1
ENSDARG00000003146,2,1
ENSDARG00000003151,1,0
ENSDARG00000003153,1,1
ENSDARG00000003157,1,0
ENSDARG00000003165,4,1
ENSDARG00000003167,5,2
ENSDARG00000003169,5,0
ENSDARG00000003175,1,0
ENSDARG00000003181,3,2
ENSDARG00000003189,4,1
ENSDARG00000003197,5,2
ENSDARG00000003200,1,0
ENSDARG00000003203,2,1
ENSDARG00000003205,5,1
ENSDARG00000003206,4,2
ENSDARG00000003207,5,2
ENSDARG00000003208,4,1
ENSDARG00000003210,2,1
ENSDARG00000003213,5,1
ENSDARG00000003216,4,0
ENSDARG00000003217,5,1
ENSDARG00000003219,3,1
ENSDARG00000003229,0,2
ENSDARG00000003235,1,0
ENSDARG00000003244,5,1
ENSDARG00000003250,0,0
ENSDARG00000003251,0,2
ENSDARG00000003257,4,1
ENSDARG00000003259,2,1
ENSDARG00000003270,5,2
ENSDARG00000003287,5,0
ENSDARG00000003290,3,2
ENSDARG00000003293,4,1
ENSDARG00000003303,2,1
ENSDARG00000003307,1,-1
ENSDARG00000003308,4,2
ENSDARG00000003311,3,2
ENSDARG00000003320,2,0
ENSDARG00000003326,2,0
ENSDARG00000003328,0,2
ENSDARG00000003344,5,0
ENSDARG00000003375,4,1
ENSDARG00000003380,2,1
ENSDARG00000003381,3,0
ENSDARG00000003382,5,1
ENSDARG00000003395,4,2
ENSDARG00000003398,5,1
ENSDARG00000003399,1,1
ENSDARG00000003403,2,0
ENSDARG00000003414,4,1
ENSDARG00000003420,3,2
ENSDARG00000003421,0,0
ENSDARG00000003444,4,1
ENSDARG00000003446,0,2
ENSDARG00000003449,0,2
ENSDARG00000003462,0,1
ENSDARG00000003469,4,1
ENSDARG00000003475,2,1
ENSDARG00000003486,5,1
ENSDARG00000003487,1,1
ENSDARG00000003495,3,1
ENSDARG00000003512,3,2
ENSDARG00000003517,3,1
ENSDARG00000003519,1,1
ENSDARG00000003520,0,2
ENSDARG00000003523,2,1
ENSDARG00000003526,1,1
ENSDARG00000003527,1,1
ENSDARG00000003531,5,2
ENSDARG00000003533,2,1
ENSDARG00000003544,0,1
ENSDARG00000003553,0,1
ENSDARG00000003564,1,1
ENSDARG00000003570,3,0
ENSDARG00000003573,3,1
ENSDARG00000003576,3,0
ENSDARG00000003584,2,0
ENSDARG00000003592,4,1
ENSDARG00000003599,4,1
ENSDARG00000003607,1,1
ENSDARG00000003615,2,1
ENSDARG00000003616,0,1
ENSDARG00000003631,0,0
ENSDARG00000003632,3,2
ENSDARG00000003635,4,1
ENSDARG00000003642,5,2
ENSDARG00000003655,3,0
ENSDARG00000003675,4,2
ENSDARG00000003680,3,0
ENSDARG00000003681,5,0
ENSDARG00000003684,4,1
ENSDARG00000003693,1,0
ENSDARG00000003695,3,1
ENSDARG00000003697,2,1
ENSDARG00000003699,5,1
ENSDARG00000003701,0,0
ENSDARG00000003705,3,0
ENSDARG00000003732,4,2
ENSDARG00000003749,1,1
ENSDARG00000003750,1,1
ENSDARG00000003751,0,0
ENSDARG00000003754,3,0
ENSDARG00000003757,0,0
ENSDARG00000003769,5,1
ENSDARG00000003779,4,0
ENSDARG00000003789,5,2
ENSDARG00000003795,4,1
ENSDARG00000003797,3,2
ENSDARG00000003803,3,2
ENSDARG00000003808,4,1
ENSDARG00000003811,5,2
ENSDARG00000003818,4,0
ENSDARG00000003820,2,1
ENSDARG00000003827,5,2
ENSDARG00000003829,5,1
ENSDARG00000003841,4,1
ENSDARG00000003845,0,1
ENSDARG00000003846,4,1
ENSDARG00000003854,4,1
ENSDARG00000003860,1,0
ENSDARG00000003865,0,2
ENSDARG00000003867,2,0
ENSDARG00000003869,0,0
ENSDARG00000003877,3,0
ENSDARG00000003899,5,2
ENSDARG00000003900,5,1
ENSDARG00000003903,2,1
ENSDARG00000003904,0,2
ENSDARG00000003909,2,1
ENSDARG00000003910,0,0
ENSDARG00000003920,1,1
ENSDARG00000003925,3,1
ENSDARG00000003931,5,0
ENSDARG00000003934,0,2
ENSDARG00000003938,1,0
ENSDARG00000003941,1,1
ENSDARG00000003952,3,0
ENSDARG00000003961,2,0
ENSDARG00000003963,4,0
ENSDARG00000003965,3,0
ENSDARG00000003968,0,1
ENSDARG00000003970,3,2
ENSDARG00000003971,4,0
ENSDARG00000003973,0,0
ENSDARG00000003974,1,1
ENSDARG00000003977,2,0
ENSDARG00000003984,5,0
ENSDARG00000003989,2,0
ENSDARG00000003991,2,1
ENSDARG00000003994,3,2
ENSDARG00000003998,2,1
ENSDARG00000004015,2,1
ENSDARG00000004018,1,0
ENSDARG00000004023,3,2
ENSDARG00000004034,3,1
ENSDARG00000004037,5,2
ENSDARG00000004046,5,2
ENSDARG00000004049,1,1
ENSDARG00000004051,2,1
ENSDARG00000004055,0,2
ENSDARG00000004059,5,2
ENSDARG00000004060,4,1
ENSDARG00000004074,3,2
ENSDARG00000004078,5,0
ENSDARG00000004082,3,2
ENSDARG00000004094,3,1
ENSDARG00000004105,4,1
ENSDARG00000004109,1,1
ENSDARG00000004111,3,2
ENSDARG00000004114,5,0
ENSDARG00000004131,0,0
ENSDARG00000004132,0,0
ENSDARG00000004141,2,1
ENSDARG00000004150,3,2
ENSDARG00000004151,5,2
ENSDARG00000004154,0,1
ENSDARG00000004158,3,2
ENSDARG00000004160,5,1
ENSDARG00000004169,1,1
ENSDARG00000004171,5,0
ENSDARG00000004174,1,1
ENSDARG00000004177,0,1
ENSDARG00000004184,0,2
ENSDARG00000004187,2,0
ENSDARG00000004189,5,2
ENSDARG00000004196,4,0
ENSDARG00000004199,3,2
ENSDARG00000004204,4,0
ENSDARG00000004219,2,0
ENSDARG00000004227,3,0
ENSDARG00000004232,4,1
ENSDARG00000004243,2,1
ENSDARG00000004246,4,0
ENSDARG00000004251,1,1
ENSDARG00000004256,5,0
ENSDARG00000004260,0,2
ENSDARG00000004262,2,1
ENSDARG00000004274,1,0
ENSDARG00000004280,1,0
ENSDARG00000004282,4,1
ENSDARG00000004291,3,0
ENSDARG00000004296,4,1
ENSDARG00000004297,3,1
ENSDARG00000004301,3,2
ENSDARG00000004302,3,0
ENSDARG00000004305,3,0
ENSDARG00000004306,0,0
ENSDARG00000004307,4,1
ENSDARG00000004308,1,-1
ENSDARG00000004318,3,0
ENSDARG00000004322,2,0
ENSDARG00000004325,0,1
ENSDARG00000004328,1,1
ENSDARG00000004336,0,1
ENSDARG00000004343,5,2
ENSDARG00000004358,2,1
ENSDARG00000004363,4,0
ENSDARG00000004372,4,0
ENSDARG00000004377,3,0
ENSDARG00000004378,4,1
ENSDARG00000004386,3,2
ENSDARG00000004396,5,1
ENSDARG00000004402,4,1
ENSDARG00000004405,0,0
ENSDARG00000004406,4,0
ENSDARG00000004415,4,1
ENSDARG00000004427,1,1
ENSDARG00000004433,1,0
ENSDARG00000004436,1,1
ENSDARG00000004445,2,1
ENSDARG00000004447,1,1
ENSDARG00000004451,3,2
ENSDARG00000004452,1,1
ENSDARG00000004455,4,1
ENSDARG00000004459,2,0
ENSDARG00000004460,0,0
ENSDARG00000004472,3,1
ENSDARG00000004473,3,2
ENSDARG00000004492,0,2
ENSDARG00000004497,3,0
ENSDARG00000004498,3,0
ENSDARG00000004502,0,2
ENSDARG00000004517,1,1
ENSDARG00000004525,5,2
ENSDARG00000004527,4,1
ENSDARG00000004529,0,1
ENSDARG00000004537,1,0
ENSDARG00000004539,4,1
ENSDARG00000004561,2,1
ENSDARG00000004574,0,0
ENSDARG00000004576,1,1
ENSDARG00000004577,3,2
ENSDARG00000004580,3,2
ENSDARG00000004581,0,2
ENSDARG00000004586,3,2
ENSDARG00000004588,4,1
ENSDARG00000004592,3,2
ENSDARG00000004594,5,2
ENSDARG00000004597,3,2
ENSDARG00000004598,2,1
ENSDARG00000004616,1,1
ENSDARG00000004618,3,1
ENSDARG00000004621,3,2
ENSDARG00000004627,2,0
ENSDARG00000004632,1,0
ENSDARG00000004633,2,1
ENSDARG00000004634,5,2
ENSDARG00000004635,4,0
ENSDARG00000004636,5,2
ENSDARG00000004643,2,1
ENSDARG00000004647,0,0
ENSDARG00000004648,2,1
ENSDARG00000004658,4,1
ENSDARG00000004672,3,0
ENSDARG00000004680,0,1
ENSDARG00000004692,1,0
ENSDARG00000004695,4,1
ENSDARG00000004697,4,0
ENSDARG00000004702,3,0
ENSDARG00000004706,5,2
ENSDARG00000004712,3,1
ENSDARG00000004713,1,0
ENSDARG00000004714,4,0
ENSDARG00000004721,0,1
ENSDARG00000004724,3,0
ENSDARG00000004726,1,0
ENSDARG00000004727,1,0
ENSDARG00000004735,1,1
ENSDARG00000004745,5,0
ENSDARG00000004753,2,1
ENSDARG00000004763,4,1
ENSDARG00000004771,4,1
ENSDARG00000004774,5,2
ENSDARG00000004782,4,0
ENSDARG00000004785,1,1
ENSDARG00000004789,2,0
ENSDARG00000004794,1,0
ENSDARG00000004796,0,2
ENSDARG00000004806,5,2
ENSDARG00000004823,0,2
ENSDARG00000004830,4,1
ENSDARG00000004836,2,0
ENSDARG00000004840,4,1
ENSDARG00000004851,0,0
ENSDARG00000004861,2,1
ENSDARG00000004866,5,2
ENSDARG00000004869,3,2
ENSDARG00000004871,3,0
ENSDARG00000004874,5,0
ENSDARG00000004877,0,2
ENSDARG00000004889,0,0
ENSDARG00000004891,2,0
ENSDARG00000004898,5,1
ENSDARG00000004904,3,0
ENSDARG00000004906,1,0
ENSDARG00000004925,0,1
ENSDARG00000004930,4,1
ENSDARG00000004931,4,1
ENSDARG00000004932,3,2
ENSDARG00000004937,1,0
ENSDARG00000004953,1,1
ENSDARG00000004954,2,0
ENSDARG00000004956,5,0
ENSDARG00000004964,4,1
ENSDARG00000004979,1,1
ENSDARG00000004988,3,2
ENSDARG00000005002,4,0
ENSDARG00000005004,2,1
ENSDARG00000005010,5,0
ENSDARG00000005015,0,1
ENSDARG00000005023,4,0
ENSDARG00000005026,3,0
ENSDARG00000005034,3,0
ENSDARG00000005050,3,2
ENSDARG00000005058,5,1
ENSDARG00000005078,0,0
ENSDARG00000005085,3,2
ENSDARG00000005092,4,0
ENSDARG00000005095,3,0
ENSDARG00000005104,1,0
ENSDARG00000005108,0,1
ENSDARG00000005112,4,1
ENSDARG00000005122,5,2
ENSDARG00000005126,0,2
ENSDARG00000005128,4,0
ENSDARG00000005134,1,1
ENSDARG00000005139,3,2
ENSDARG00000005141,2,1
ENSDARG00000005150,3,1
ENSDARG00000005154,0,1
ENSDARG00000005159,3,2
ENSDARG00000005162,3,0
ENSDARG00000005163,0,0
ENSDARG00000005172,5,2
ENSDARG00000005176,4,0
ENSDARG00000005179,3,2
ENSDARG00000005185,4,1
ENSDARG00000005186,3,0
ENSDARG00000005191,4,2
ENSDARG00000005210,1,1
ENSDARG00000005216,4,0
ENSDARG00000005218,5,1
ENSDARG00000005220,3,1
ENSDARG00000005221,2,1
ENSDARG00000005230,1,1
ENSDARG00000005232,4,0
ENSDARG00000005236,5,0
ENSDARG00000005246,0,2
ENSDARG00000005251,4,1
ENSDARG00000005271,0,2
ENSDARG00000005274,5,1
ENSDARG00000005284,4,1
ENSDARG00000005314,2,0
ENSDARG00000005315,5,1
ENSDARG00000005318,1,1
ENSDARG00000005320,5,0
ENSDARG00000005327,4,2
ENSDARG00000005332,2,1
ENSDARG00000005335,2,1
ENSDARG00000005343,3,2
ENSDARG00000005350,5,1
ENSDARG00000005355,0,1
ENSDARG00000005356,5,2
ENSDARG00000005359,3,0
ENSDARG00000005364,0,0
ENSDARG00000005368,4,1
ENSDARG00000005371,2,1
ENSDARG00000005372,2,0
ENSDARG00000005374,4,1
ENSDARG00000005382,0,2
ENSDARG00000005392,0,0
ENSDARG00000005394,1,0
ENSDARG00000005397,3,1
ENSDARG00000005414,3,2
ENSDARG00000005416,2,0
ENSDARG00000005423,2,0
ENSDARG00000005425,0,1
ENSDARG00000005448,5,1
ENSDARG00000005451,4,1
ENSDARG00000005453,3,1
ENSDARG00000005458,0,0
ENSDARG00000005468,5,1
ENSDARG00000005476,3,0
ENSDARG00000005479,4,0
ENSDARG00000005482,3,0
ENSDARG00000005485,3,2
ENSDARG00000005500,4,0
ENSDARG00000005510,4,0
ENSDARG00000005513,4,1
ENSDARG00000005518,3,1
ENSDARG00000005522,3,2
ENSDARG00000005526,3,2
ENSDARG00000005536,0,0
ENSDARG00000005540,1,1
ENSDARG00000005541,4,0
ENSDARG00000005544,0,2
ENSDARG00000005547,1,0
ENSDARG00000005549,3,0
ENSDARG00000005551,1,1
ENSDARG00000005559,3,2
ENSDARG00000005560,3,1
ENSDARG00000005561,4,2
ENSDARG00000005565,2,0
ENSDARG00000005574,4,2
ENSDARG00000005576,5,2
ENSDARG00000005578,2,1
ENSDARG00000005586,0,0
ENSDARG00000005590,1,0
ENSDARG00000005593,4,0
ENSDARG00000005595,0,1
ENSDARG00000005606,5,1
ENSDARG00000005612,5,1
ENSDARG00000005616,2,1
ENSDARG00000005619,0,0
ENSDARG00000005625,0,2
ENSDARG00000005626,0,2
ENSDARG00000005627,1,1
ENSDARG00000005629,4,1
ENSDARG00000005640,0,0
ENSDARG00000005643,0,1
ENSDARG00000005645,4,0
ENSDARG00000005648,4,1
ENSDARG00000005651,0,2
ENSDARG00000005652,0,0
ENSDARG00000005670,2,0
ENSDARG00000005675,5,0
ENSDARG00000005679,0,2
ENSDARG00000005690,3,2
ENSDARG00000005699,5,2
ENSDARG00000005704,2,1
ENSDARG00000005713,2,0
ENSDARG00000005716,3,2
ENSDARG00000005738,5,1
ENSDARG00000005739,3,2
ENSDARG00000005749,3,2
ENSDARG00000005754,4,1
ENSDARG00000005762,4,1
ENSDARG00000005772,5,0
ENSDARG00000005774,1,0
ENSDARG00000005775,3,0
ENSDARG00000005776,2,1
ENSDARG00000005780,2,1
ENSDARG00000005783,3,0
ENSDARG00000005786,0,1
ENSDARG00000005789,3,0
ENSDARG00000005791,4,1
ENSDARG00000005800,2,0
ENSDARG00000005814,2,0
ENSDARG00000005821,4,1
ENSDARG00000005823,5,0
ENSDARG00000005827,5,0
ENSDARG00000005828,5,1
ENSDARG00000005834,0,2
ENSDARG00000005840,3,0
ENSDARG00000005841,2,1
ENSDARG00000005842,3,2
ENSDARG00000005846,5,1
ENSDARG00000005853,2,0
ENSDARG00000005861,0,2
ENSDARG00000005865,2,1
ENSDARG00000005867,1,0
ENSDARG00000005883,3,2
ENSDARG00000005891,3,0
ENSDARG00000005894,2,0
ENSDARG00000005897,1,0
ENSDARG00000005913,2,1
ENSDARG00000005915,5,0
ENSDARG00000005916,4,0
ENSDARG00000005924,3,0
ENSDARG00000005926,4,1
ENSDARG00000005927,5,1
ENSDARG00000005941,5,2
ENSDARG00000005942,2,0
ENSDARG00000005943,2,0
ENSDARG00000005945,1,1
ENSDARG00000005948,5,1
ENSDARG00000005980,0,2
ENSDARG00000005989,1,1
ENSDARG00000005993,1,0
ENSDARG00000006003,5,1
ENSDARG00000006008,3,2
ENSDARG00000006010,1,0
ENSDARG00000006011,0,2
ENSDARG00000006019,1,1
ENSDARG00000006025,0,0
ENSDARG00000006029,0,1
ENSDARG00000006031,0,1
ENSDARG00000006038,5,1
ENSDARG00000006040,1,1
ENSDARG00000006052,3,2
ENSDARG00000006062,5,2
ENSDARG00000006065,2,0
ENSDARG00000006074,5,1
ENSDARG00000006079,3,2
ENSDARG00000006092,1,1
ENSDARG00000006093,2,0
ENSDARG00000006094,0,2
ENSDARG00000006109,4,1
ENSDARG00000006110,5,0
ENSDARG00000006112,0,1
ENSDARG00000006120,4,1
ENSDARG00000006125,0,0
ENSDARG00000006128,4,0
ENSDARG00000006137,3,2
ENSDARG00000006151,5,0
ENSDARG00000006169,3,0
ENSDARG00000006174,4,1
ENSDARG00000006181,3,0
ENSDARG00000006192,1,0
ENSDARG00000006200,1,1
ENSDARG00000006202,4,1
ENSDARG00000006206,2,1
ENSDARG00000006207,0,0
ENSDARG00000006215,4,1
ENSDARG00000006220,2,0
ENSDARG00000006225,1,0
ENSDARG00000006235,1,1
ENSDARG00000006251,5,2
ENSDARG00000006253,5,0
ENSDARG00000006257,0,1
ENSDARG00000006260,4,1
ENSDARG00000006266,2,0
ENSDARG00000006272,1,0
ENSDARG00000006283,5,2
ENSDARG00000006290,4,1
ENSDARG00000006292,4,1
ENSDARG00000006299,0,0
ENSDARG00000006300,4,1
ENSDARG00000006301,3,0
ENSDARG00000006307,3,0
ENSDARG00000006308,0,0
ENSDARG00000006314,3,0
ENSDARG00000006316,4,1
ENSDARG00000006332,0,1
ENSDARG00000006341,2,1
ENSDARG00000006345,1,1
ENSDARG00000006350,5,0
ENSDARG00000006353,5,2
ENSDARG00000006356,3,2
ENSDARG00000006368,0,2
ENSDARG00000006370,3,0
ENSDARG00000006372,2,0
ENSDARG00000006383,2,1
ENSDARG00000006385,0,0
ENSDARG00000006389,0,0
ENSDARG00000006392,1,0
ENSDARG00000006395,1,0
ENSDARG00000006396,3,0
ENSDARG00000006397,3,0
ENSDARG00000006408,5,1
ENSDARG00000006409,1,1
ENSDARG00000006413,4,1
ENSDARG00000006420,0,2
ENSDARG00000006422,5,1
ENSDARG00000006427,4,0
ENSDARG00000006434,5,0
ENSDARG00000006447,2,1
ENSDARG00000006456,3,2
ENSDARG00000006467,1,1
ENSDARG00000006468,3,1
ENSDARG00000006474,4,1
ENSDARG00000006477,5,1
ENSDARG00000006491,4,0
ENSDARG00000006494,0,2
ENSDARG00000006497,4,0
ENSDARG00000006501,2,1
ENSDARG00000006522,2,0
ENSDARG00000006524,5,2
ENSDARG00000006526,4,0
ENSDARG00000006527,5,2
ENSDARG00000006544,2,1
ENSDARG00000006545,5,2
ENSDARG00000006546,2,0
ENSDARG00000006553,0,0
ENSDARG00000006560,3,2
ENSDARG00000006567,5,1
ENSDARG00000006568,3,1
ENSDARG00000006577,1,1
ENSDARG00000006580,0,0
ENSDARG00000006584,1,1
ENSDARG00000006588,3,2
ENSDARG00000006598,3,2
ENSDARG00000006600,0,1
ENSDARG00000006601,3,2
ENSDARG00000006603,1,0
ENSDARG00000006604,5,1
ENSDARG00000006607,3,2
ENSDARG00000006609,0,2
ENSDARG00000006617,4,1
ENSDARG00000006624,1,-1
ENSDARG00000006636,3,2
ENSDARG00000006639,0,2
ENSDARG00000006642,1,1
ENSDARG00000006666,1,1
ENSDARG00000006672,4,2
ENSDARG00000006678,5,1
ENSDARG00000006683,0,0
ENSDARG00000006691,4,0
ENSDARG00000006712,1,0
ENSDARG00000006719,1,0
ENSDARG00000006747,3,2
ENSDARG00000006754,1,0
ENSDARG00000006757,4,0
ENSDARG00000006758,4,0
ENSDARG00000006760,2,1
ENSDARG00000006766,4,1
ENSDARG00000006773,4,1
ENSDARG00000006775,1,0
ENSDARG00000006782,1,1
ENSDARG00000006786,3,0
ENSDARG00000006797,0,0
ENSDARG00000006811,2,1
ENSDARG00000006812,0,0
ENSDARG00000006816,0,1
ENSDARG00000006818,1,0
ENSDARG00000006832,3,2
ENSDARG00000006838,2,0
ENSDARG00000006840,3,1
ENSDARG00000006848,0,2
ENSDARG00000006849,2,0
ENSDARG00000006862,0,1
ENSDARG00000006863,1,0
ENSDARG00000006865,3,2
ENSDARG00000006868,3,2
ENSDARG00000006869,0,2
ENSDARG00000006877,0,2
ENSDARG00000006878,4,1
ENSDARG00000006889,0,0
ENSDARG00000006891,3,2
ENSDARG00000006892,2,0
ENSDARG00000006894,2,0
ENSDARG00000006896,3,2
ENSDARG00000006899,2,0
ENSDARG00000006901,3,0
ENSDARG00000006911,4,0
ENSDARG00000006915,2,0
ENSDARG00000006921,2,0
ENSDARG00000006923,2,0
ENSDARG00000006939,5,0
ENSDARG00000006944,2,1
ENSDARG00000006978,0,2
ENSDARG00000006981,4,0
ENSDARG00000006983,3,2
ENSDARG00000006990,3,2
ENSDARG00000007009,4,0
ENSDARG00000007024,4,1
ENSDARG00000007025,0,0
ENSDARG00000007034,4,1
ENSDARG00000007040,2,1
ENSDARG00000007045,5,0
ENSDARG00000007065,1,1
ENSDARG00000007067,5,1
ENSDARG00000007077,4,0
ENSDARG00000007080,2,0
ENSDARG00000007081,5,1
ENSDARG00000007092,5,0
ENSDARG00000007097,4,1
ENSDARG00000007099,1,1
ENSDARG00000007125,1,1
ENSDARG00000007129,0,1
ENSDARG00000007130,1,1
ENSDARG00000007136,2,0
ENSDARG00000007141,1,0
ENSDARG00000007149,3,2
ENSDARG00000007151,3,2
ENSDARG00000007169,3,1
ENSDARG00000007171,3,0
ENSDARG00000007175,1,1
ENSDARG00000007179,5,2
ENSDARG00000007181,2,0
ENSDARG00000007184,4,0
ENSDARG00000007186,4,1
ENSDARG00000007195,3,2
ENSDARG00000007196,1,1
ENSDARG00000007198,5,2
ENSDARG00000007199,5,0
ENSDARG00000007207,3,1
ENSDARG00000007216,1,1
ENSDARG00000007217,5,0
ENSDARG00000007219,4,1
ENSDARG00000007220,3,0
ENSDARG00000007221,1,1
ENSDARG00000007231,1,1
ENSDARG00000007241,4,2
ENSDARG00000007244,2,0
ENSDARG00000007245,3,2
ENSDARG00000007247,2,0
ENSDARG00000007250,5,1
ENSDARG00000007264,3,1
ENSDARG00000007271,1,0
ENSDARG00000007275,3,2
ENSDARG00000007276,2,1
ENSDARG00000007279,5,1
ENSDARG00000007285,4,1
ENSDARG00000007294,3,0
ENSDARG00000007302,0,2
ENSDARG00000007315,1,0
ENSDARG00000007320,4,1
ENSDARG00000007323,1,1
ENSDARG00000007329,5,0
ENSDARG00000007344,3,2
ENSDARG00000007349,0,0
ENSDARG00000007356,3,2
ENSDARG00000007358,0,1
ENSDARG00000007359,1,1
ENSDARG00000007362,4,1
ENSDARG00000007366,3,2
ENSDARG00000007370,4,1
ENSDARG00000007371,5,0
ENSDARG00000007377,1,0
ENSDARG00000007382,3,1
ENSDARG00000007383,5,0
ENSDARG00000007387,5,0
ENSDARG00000007396,3,1
ENSDARG00000007398,0,1
ENSDARG00000007405,5,1
ENSDARG00000007406,4,0
ENSDARG00000007407,3,1
ENSDARG00000007412,3,2
ENSDARG00000007413,5,2
ENSDARG00000007418,5,1
ENSDARG00000007421,3,2
ENSDARG00000007425,3,2
ENSDARG00000007430,4,0
ENSDARG00000007436,3,2
ENSDARG00000007443,5,2
ENSDARG00000007444,5,1
ENSDARG00000007449,5,1
ENSDARG00000007461,0,2
ENSDARG00000007465,0,2
ENSDARG00000007467,2,1
ENSDARG00000007480,2,1
ENSDARG00000007485,0,0
ENSDARG00000007490,4,0
ENSDARG00000007494,5,2
ENSDARG00000007496,4,1
ENSDARG00000007526,3,0
ENSDARG00000007531,5,0
ENSDARG00000007534,0,2
ENSDARG00000007553,2,0
ENSDARG00000007560,3,1
ENSDARG00000007561,0,1
ENSDARG00000007566,5,2
ENSDARG00000007576,3,2
ENSDARG00000007582,5,0
ENSDARG00000007597,5,2
ENSDARG00000007601,2,0
ENSDARG00000007614,0,1
ENSDARG00000007624,1,0
ENSDARG00000007630,5,2
ENSDARG00000007639,5,2
ENSDARG00000007654,3,2
ENSDARG00000007655,3,2
ENSDARG00000007657,5,1
ENSDARG00000007663,3,2
ENSDARG00000007671,2,0
ENSDARG00000007678,3,2
ENSDARG00000007682,4,1
ENSDARG00000007691,1,0
ENSDARG00000007693,2,0
ENSDARG00000007697,3,1
ENSDARG00000007708,4,1
ENSDARG00000007709,2,1
ENSDARG00000007711,0,0
ENSDARG00000007715,2,0
ENSDARG00000007720,0,1
ENSDARG00000007722,0,2
ENSDARG00000007727,3,2
ENSDARG00000007734,0,0
ENSDARG00000007737,2,0
ENSDARG00000007739,3,2
ENSDARG00000007743,0,0
ENSDARG00000007744,1,1
ENSDARG00000007745,3,2
ENSDARG00000007751,0,1
ENSDARG00000007753,3,2
ENSDARG00000007755,1,1
ENSDARG00000007760,4,2
ENSDARG00000007764,0,0
ENSDARG00000007769,2,1
ENSDARG00000007774,5,2
ENSDARG00000007787,5,2
ENSDARG00000007788,2,0
ENSDARG00000007804,4,2
ENSDARG00000007807,3,0
ENSDARG00000007808,5,-1
ENSDARG00000007812,1,0
ENSDARG00000007813,0,0
ENSDARG00000007818,0,1
ENSDARG00000007823,0,0
ENSDARG00000007824,3,0
ENSDARG00000007825,3,0
ENSDARG00000007836,5,2
ENSDARG00000007842,2,0
ENSDARG00000007856,2,1
ENSDARG00000007863,5,0
ENSDARG00000007864,5,0
ENSDARG00000007867,0,1
ENSDARG00000007869,1,0
ENSDARG00000007885,0,0
ENSDARG00000007891,4,0
ENSDARG00000007892,1,1
ENSDARG00000007901,1,1
ENSDARG00000007906,2,1
ENSDARG00000007912,3,0
ENSDARG00000007916,1,1
ENSDARG00000007918,0,1
ENSDARG00000007923,5,1
ENSDARG00000007941,4,1
ENSDARG00000007943,5,2
ENSDARG00000007944,4,1
ENSDARG00000007950,2,0
ENSDARG00000007955,4,1
ENSDARG00000007959,3,0
ENSDARG00000007960,1,1
ENSDARG00000007971,1,1
ENSDARG00000007975,3,2
ENSDARG00000007976,5,2
ENSDARG00000007988,4,0
ENSDARG00000007989,1,1
ENSDARG00000007990,3,2
ENSDARG00000007996,5,2
ENSDARG00000008010,0,1
ENSDARG00000008014,0,2
ENSDARG00000008019,3,2
ENSDARG00000008020,5,2
ENSDARG00000008022,1,0
ENSDARG00000008030,4,0
ENSDARG00000008032,5,2
ENSDARG00000008034,4,1
ENSDARG00000008049,5,1
ENSDARG00000008060,3,1
ENSDARG00000008068,5,0
ENSDARG00000008075,3,2
ENSDARG00000008095,3,-1
ENSDARG00000008097,1,0
ENSDARG00000008098,5,0
ENSDARG00000008100,2,1
ENSDARG00000008105,5,2
ENSDARG00000008107,1,0
ENSDARG00000008119,1,1
ENSDARG00000008127,2,0
ENSDARG00000008131,4,0
ENSDARG00000008133,3,2
ENSDARG00000008140,3,2
ENSDARG00000008141,1,1
ENSDARG00000008142,1,0
ENSDARG00000008153,5,0
ENSDARG00000008164,3,2
ENSDARG00000008165,3,2
ENSDARG00000008170,4,0
ENSDARG00000008174,4,0
ENSDARG00000008182,2,0
ENSDARG00000008184,0,1
ENSDARG00000008186,3,1
ENSDARG00000008188,1,1
ENSDARG00000008191,2,1
ENSDARG00000008192,0,2
ENSDARG00000008200,0,2
ENSDARG00000008203,3,2
ENSDARG00000008209,2,1
ENSDARG00000008212,2,0
ENSDARG00000008218,4,1
ENSDARG00000008224,3,0
ENSDARG00000008235,5,2
ENSDARG00000008237,4,1
ENSDARG00000008238,5,2
ENSDARG00000008243,1,0
ENSDARG00000008247,1,1
ENSDARG00000008249,3,0
ENSDARG00000008255,5,2
ENSDARG00000008263,4,1
ENSDARG00000008275,2,1
ENSDARG00000008279,0,1
ENSDARG00000008305,4,0
ENSDARG00000008306,3,2
ENSDARG00000008310,4,1
ENSDARG00000008322,0,2
ENSDARG00000008329,2,0
ENSDARG00000008333,1,1
ENSDARG00000008363,0,1
ENSDARG00000008370,5,1
ENSDARG00000008372,4,1
ENSDARG00000008380,1,0
ENSDARG00000008384,4,0
ENSDARG00000008388,4,1
ENSDARG00000008395,0,0
ENSDARG00000008396,5,2
ENSDARG00000008398,2,1
ENSDARG00000008403,1,1
ENSDARG00000008407,3,0
ENSDARG00000008413,3,2
ENSDARG00000008414,3,2
ENSDARG00000008433,4,0
ENSDARG00000008434,0,0
ENSDARG00000008450,4,0
ENSDARG00000008454,0,0
ENSDARG00000008457,2,1
ENSDARG00000008461,1,1
ENSDARG00000008473,5,2
ENSDARG00000008480,5,2
ENSDARG00000008485,0,0
ENSDARG00000008490,5,2
ENSDARG00000008491,2,1
ENSDARG00000008494,5,1
ENSDARG00000008503,2,0
ENSDARG00000008540,4,1
ENSDARG00000008541,0,1
ENSDARG00000008548,4,1
ENSDARG00000008551,5,1
ENSDARG00000008553,2,0
ENSDARG00000008560,0,2
ENSDARG00000008568,5,1
ENSDARG00000008573,2,0
ENSDARG00000008575,3,0
ENSDARG00000008639,3,0
ENSDARG00000008660,3,0
ENSDARG00000008662,1,0
ENSDARG00000008674,2,1
ENSDARG00000008678,1,0
ENSDARG00000008697,4,1
ENSDARG00000008703,5,1
ENSDARG00000008706,5,0
ENSDARG00000008720,4,0
ENSDARG00000008723,3,0
ENSDARG00000008727,5,2
ENSDARG00000008732,1,0
ENSDARG00000008735,3,2
ENSDARG00000008740,5,0
ENSDARG00000008748,1,1
ENSDARG00000008757,1,1
ENSDARG00000008765,0,0
ENSDARG00000008767,1,1
ENSDARG00000008772,4,1
ENSDARG00000008784,5,2
ENSDARG00000008785,3,1
ENSDARG00000008788,2,1
ENSDARG00000008796,5,0
ENSDARG00000008803,1,1
ENSDARG00000008805,1,0
ENSDARG00000008807,0,0
ENSDARG00000008811,4,1
ENSDARG00000008816,5,0
ENSDARG00000008818,5,2
ENSDARG00000008829,3,2
ENSDARG00000008832,4,1
ENSDARG00000008835,5,1
ENSDARG00000008840,1,0
ENSDARG00000008849,2,0
ENSDARG00000008852,1,0
ENSDARG00000008859,0,0
ENSDARG00000008861,3,2
ENSDARG00000008866,2,1
ENSDARG00000008867,4,1
ENSDARG00000008880,4,1
ENSDARG00000008884,0,0
ENSDARG00000008886,4,0
ENSDARG00000008904,0,2
ENSDARG00000008906,5,2
ENSDARG00000008912,2,0
ENSDARG00000008920,4,1
ENSDARG00000008931,4,0
ENSDARG00000008946,3,0
ENSDARG00000008947,5,2
ENSDARG00000008948,4,1
ENSDARG00000008953,1,0
ENSDARG00000008966,0,0
ENSDARG00000008969,4,1
ENSDARG00000008976,5,0
ENSDARG00000008979,5,2
ENSDARG00000008982,3,2
ENSDARG00000008983,5,2
ENSDARG00000008986,4,1
ENSDARG00000009014,3,2
ENSDARG00000009018,3,2
ENSDARG00000009020,2,1
ENSDARG00000009021,4,1
ENSDARG00000009026,4,1
ENSDARG00000009031,0,1
ENSDARG00000009046,1,0
ENSDARG00000009074,1,0
ENSDARG00000009079,3,2
ENSDARG00000009094,2,0
ENSDARG00000009106,2,0
ENSDARG00000009113,0,0
ENSDARG00000009123,3,2
ENSDARG00000009131,4,1
ENSDARG00000009133,5,2
ENSDARG00000009134,3,1
ENSDARG00000009136,5,2
ENSDARG00000009142,0,0
ENSDARG00000009160,2,0
ENSDARG00000009161,2,0
ENSDARG00000009169,1,0
ENSDARG00000009170,1,1
ENSDARG00000009178,1,1
ENSDARG00000009194,3,2
ENSDARG00000009196,4,0
ENSDARG00000009209,0,1
ENSDARG00000009212,4,1
ENSDARG00000009214,5,2
ENSDARG00000009215,2,1
ENSDARG00000009217,0,2
ENSDARG00000009218,1,0
ENSDARG00000009242,3,2
ENSDARG00000009250,4,1
ENSDARG00000009252,2,0
ENSDARG00000009262,4,1
ENSDARG00000009266,0,0
ENSDARG00000009267,4,2
ENSDARG00000009273,5,0
ENSDARG00000009280,3,2
ENSDARG00000009281,3,2
ENSDARG00000009285,4,1
ENSDARG00000009299,3,0
ENSDARG00000009311,2,0
ENSDARG00000009313,4,0
ENSDARG00000009336,5,2
ENSDARG00000009341,3,2
ENSDARG00000009342,1,0
ENSDARG00000009346,1,1
ENSDARG00000009351,2,0
ENSDARG00000009372,2,0
ENSDARG00000009386,2,0
ENSDARG00000009387,4,2
ENSDARG00000009390,4,0
ENSDARG00000009401,3,2
ENSDARG00000009418,3,2
ENSDARG00000009430,2,1
ENSDARG00000009436,1,1
ENSDARG00000009438,4,1
ENSDARG00000009447,4,1
ENSDARG00000009459,0,1
ENSDARG00000009466,2,1
ENSDARG00000009470,4,0
ENSDARG00000009471,5,0
ENSDARG00000009473,4,2
ENSDARG00000009477,2,1
ENSDARG00000009480,3,1
ENSDARG00000009482,4,1
ENSDARG00000009484,1,1
ENSDARG00000009488,0,0
ENSDARG00000009493,0,2
ENSDARG00000009494,1,0
ENSDARG00000009499,3,2
ENSDARG00000009505,0,2
ENSDARG00000009511,1,0
ENSDARG00000009524,0,2
ENSDARG00000009525,3,0
ENSDARG00000009534,1,1
ENSDARG00000009550,4,1
ENSDARG00000009553,3,2
ENSDARG00000009567,3,1
ENSDARG00000009568,2,1
ENSDARG00000009585,4,1
ENSDARG00000009594,3,2
ENSDARG00000009607,0,0
ENSDARG00000009624,4,1
ENSDARG00000009626,2,0
ENSDARG00000009629,5,2
ENSDARG00000009637,2,1
ENSDARG00000009640,4,1
ENSDARG00000009657,5,2
ENSDARG00000009673,5,1
ENSDARG00000009677,0,2
ENSDARG00000009681,5,1
ENSDARG00000009685,4,1
ENSDARG00000009689,4,0
ENSDARG00000009693,0,0
ENSDARG00000009724,4,0
ENSDARG00000009727,3,2
ENSDARG00000009733,0,2
ENSDARG00000009735,1,0
ENSDARG00000009738,2,0
ENSDARG00000009740,5,1
ENSDARG00000009743,4,2
ENSDARG00000009745,0,2
ENSDARG00000009748,5,2
ENSDARG00000009753,5,0
ENSDARG00000009754,5,1
ENSDARG00000009779,0,0
ENSDARG00000009782,2,1
ENSDARG00000009783,0,0
ENSDARG00000009796,2,0
ENSDARG00000009806,5,0
ENSDARG00000009822,4,0
ENSDARG00000009823,4,1
ENSDARG00000009825,3,2
ENSDARG00000009837,4,1
ENSDARG00000009839,4,0
ENSDARG00000009844,0,1
ENSDARG00000009862,5,2
ENSDARG00000009864,1,1
ENSDARG00000009868,0,2
ENSDARG00000009870,0,1
ENSDARG00000009871,5,2
ENSDARG00000009874,4,0
ENSDARG00000009885,0,2
ENSDARG00000009886,0,1
ENSDARG00000009899,3,2
ENSDARG00000009901,4,0
ENSDARG00000009922,4,0
ENSDARG00000009930,2,0
ENSDARG00000009939,4,1
ENSDARG00000009941,2,1
ENSDARG00000009942,5,1
ENSDARG00000009949,2,1
ENSDARG00000009950,5,0
ENSDARG00000009953,1,0
ENSDARG00000009958,5,2
ENSDARG00000009961,5,1
ENSDARG00000009978,4,1
ENSDARG00000010002,0,2
ENSDARG00000010008,4,1
ENSDARG00000010010,0,0
ENSDARG00000010018,3,1
ENSDARG00000010021,1,0
ENSDARG00000010023,2,0
ENSDARG00000010029,2,0
ENSDARG00000010031,0,2
ENSDARG00000010032,4,1
ENSDARG00000010035,0,2
ENSDARG00000010042,3,2
ENSDARG00000010047,0,2
ENSDARG00000010052,0,0
ENSDARG00000010059,3,2
ENSDARG00000010070,0,0
ENSDARG00000010075,2,0
ENSDARG00000010078,1,1
ENSDARG00000010083,3,0
ENSDARG00000010085,4,1
ENSDARG00000010096,2,1
ENSDARG00000010097,0,0
ENSDARG00000010098,0,0
ENSDARG00000010108,0,2
ENSDARG00000010113,4,1
ENSDARG00000010130,2,1
ENSDARG00000010132,3,0
ENSDARG00000010144,4,0
ENSDARG00000010145,1,1
ENSDARG00000010149,4,1
ENSDARG00000010154,3,2
ENSDARG00000010155,4,0
ENSDARG00000010160,4,1
ENSDARG00000010169,5,1
ENSDARG00000010181,1,0
ENSDARG00000010183,2,0
ENSDARG00000010186,2,0
ENSDARG00000010192,4,0
ENSDARG00000010194,1,1
ENSDARG00000010207,3,0
ENSDARG00000010231,2,0
ENSDARG00000010238,5,0
ENSDARG00000010244,4,1
ENSDARG00000010246,1,0
ENSDARG00000010248,3,2
ENSDARG00000010250,4,1
ENSDARG00000010252,2,0
ENSDARG00000010255,0,1
ENSDARG00000010266,1,0
ENSDARG00000010267,3,0
ENSDARG00000010270,4,0
ENSDARG00000010276,4,1
ENSDARG00000010279,5,1
ENSDARG00000010280,1,0
ENSDARG00000010281,5,2
ENSDARG00000010294,2,1
ENSDARG00000010296,2,1
ENSDARG00000010300,0,2
ENSDARG00000010301,5,1
ENSDARG00000010312,3,2
ENSDARG00000010316,4,1
ENSDARG00000010317,2,1
ENSDARG00000010318,3,2
ENSDARG00000010331,5,2
ENSDARG00000010332,0,0
ENSDARG00000010347,5,0
ENSDARG00000010350,3,2
ENSDARG00000010376,2,1
ENSDARG00000010381,5,2
ENSDARG00000010384,2,1
ENSDARG00000010385,3,0
ENSDARG00000010407,0,2
ENSDARG00000010408,4,0
ENSDARG00000010411,2,0
ENSDARG00000010415,3,2
ENSDARG00000010420,0,0
ENSDARG00000010423,3,0
ENSDARG00000010425,2,0
ENSDARG00000010432,5,1
ENSDARG00000010434,3,2
ENSDARG00000010437,0,2
ENSDARG00000010442,5,0
ENSDARG00000010445,1,1
ENSDARG00000010454,5,0
ENSDARG00000010472,4,1
ENSDARG00000010477,4,1
ENSDARG00000010478,4,0
ENSDARG00000010481,5,2
ENSDARG00000010482,5,2
ENSDARG00000010487,1,1
ENSDARG00000010514,5,1
ENSDARG00000010515,3,0
ENSDARG00000010516,4,1
ENSDARG00000010524,5,1
ENSDARG00000010553,5,1
ENSDARG00000010555,2,1
ENSDARG00000010556,3,2
ENSDARG00000010563,1,0
ENSDARG00000010565,3,1
ENSDARG00000010571,1,1
ENSDARG00000010572,0,2
ENSDARG00000010583,5,1
ENSDARG00000010591,3,2
ENSDARG00000010596,3,0
ENSDARG00000010601,0,2
ENSDARG00000010602,2,1
ENSDARG00000010603,0,1
ENSDARG00000010610,3,1
ENSDARG00000010619,3,2
ENSDARG00000010625,3,2
ENSDARG00000010630,4,0
ENSDARG00000010641,4,1
ENSDARG00000010654,0,2
ENSDARG00000010655,3,2
ENSDARG00000010658,2,0
ENSDARG00000010662,5,0
ENSDARG00000010673,5,1
ENSDARG00000010680,4,1
ENSDARG00000010700,2,1
ENSDARG00000010701,4,1
ENSDARG00000010710,4,0
ENSDARG00000010712,0,2
ENSDARG00000010717,2,0
ENSDARG00000010721,5,1
ENSDARG00000010727,0,0
ENSDARG00000010728,3,2
ENSDARG00000010732,0,1
ENSDARG00000010738,5,0
ENSDARG00000010752,0,1
ENSDARG00000010756,3,0
ENSDARG00000010758,3,1
ENSDARG00000010767,3,0
ENSDARG00000010770,4,1
ENSDARG00000010773,3,0
ENSDARG00000010779,5,1
ENSDARG00000010782,0,0
ENSDARG00000010784,5,1
ENSDARG00000010785,3,2
ENSDARG00000010791,4,0
ENSDARG00000010792,5,1
ENSDARG00000010794,2,1
ENSDARG00000010816,3,0
ENSDARG00000010823,5,1
ENSDARG00000010831,5,2
ENSDARG00000010841,0,0
ENSDARG00000010862,0,0
ENSDARG00000010873,1,1
ENSDARG00000010878,4,1
ENSDARG00000010905,5,2
ENSDARG00000010925,2,1
ENSDARG00000010933,2,1
ENSDARG00000010934,2,1
ENSDARG00000010936,2,0
ENSDARG00000010941,0,2
ENSDARG00000010945,4,1
ENSDARG00000010946,1,1
ENSDARG00000010948,1,0
ENSDARG00000010953,3,0
ENSDARG00000010957,3,1
ENSDARG00000010958,2,1
ENSDARG00000010962,4,1
ENSDARG00000010965,4,1
ENSDARG00000010978,5,1
ENSDARG00000010981,0,1
ENSDARG00000011000,0,0
ENSDARG00000011020,1,1
ENSDARG00000011023,2,0
ENSDARG00000011026,4,2
ENSDARG00000011027,5,2
ENSDARG00000011042,0,0
ENSDARG00000011049,5,2
ENSDARG00000011065,3,0
ENSDARG00000011066,3,2
ENSDARG00000011076,3,2
ENSDARG00000011079,5,0
ENSDARG00000011083,5,0
ENSDARG00000011088,3,2
ENSDARG00000011091,3,1
ENSDARG00000011094,5,1
ENSDARG00000011113,2,1
ENSDARG00000011122,4,1
ENSDARG00000011125,1,0
ENSDARG00000011141,3,2
ENSDARG00000011146,4,1
ENSDARG00000011152,5,0
ENSDARG00000011157,5,2
ENSDARG00000011163,4,0
ENSDARG00000011166,4,1
ENSDARG00000011170,3,2
ENSDARG00000011171,3,2
ENSDARG00000011175,3,1
ENSDARG00000011188,2,0
ENSDARG00000011190,5,0
ENSDARG00000011196,1,0
ENSDARG00000011201,4,1
ENSDARG00000011219,1,1
ENSDARG00000011222,4,0
ENSDARG00000011233,0,1
ENSDARG00000011235,4,0
ENSDARG00000011246,1,1
ENSDARG00000011247,5,0
ENSDARG00000011257,3,2
ENSDARG00000011259,3,2
ENSDARG00000011262,5,1
ENSDARG00000011272,3,1
ENSDARG00000011273,3,2
ENSDARG00000011283,2,0
ENSDARG00000011298,3,0
ENSDARG00000011299,5,1
ENSDARG00000011301,3,1
ENSDARG00000011312,0,0
ENSDARG00000011317,4,1
ENSDARG00000011326,4,1
ENSDARG00000011333,1,0
ENSDARG00000011334,2,1
ENSDARG00000011360,5,1
ENSDARG00000011370,0,0
ENSDARG00000011371,3,1
ENSDARG00000011373,0,0
ENSDARG00000011400,4,1
ENSDARG00000011404,1,1
ENSDARG00000011405,4,1
ENSDARG00000011407,4,1
ENSDARG00000011410,0,1
ENSDARG00000011418,5,1
ENSDARG00000011422,3,2
ENSDARG00000011434,4,0
ENSDARG00000011445,0,0
ENSDARG00000011449,2,0
ENSDARG00000011459,4,0
ENSDARG00000011462,4,0
ENSDARG00000011463,2,1
ENSDARG00000011466,5,2
ENSDARG00000011473,3,2
ENSDARG00000011487,3,2
ENSDARG00000011488,4,1
ENSDARG00000011490,3,1
ENSDARG00000011496,5,1
ENSDARG00000011506,0,0
ENSDARG00000011510,1,0
ENSDARG00000011515,0,1
ENSDARG00000011519,3,2
ENSDARG00000011521,3,2
ENSDARG00000011537,4,1
ENSDARG00000011545,4,1
ENSDARG00000011549,3,2
ENSDARG00000011553,4,0
ENSDARG00000011555,5,1
ENSDARG00000011564,1,1
ENSDARG00000011570,3,0
ENSDARG00000011573,1,0
ENSDARG00000011579,4,0
ENSDARG00000011581,2,0
ENSDARG00000011582,4,0
ENSDARG00000011594,1,1
ENSDARG00000011597,1,0
ENSDARG00000011600,3,0
ENSDARG00000011602,3,2
ENSDARG00000011605,0,0
ENSDARG00000011609,5,0
ENSDARG00000011613,1,1
ENSDARG00000011615,3,2
ENSDARG00000011618,4,1
ENSDARG00000011635,2,1
ENSDARG00000011640,2,1
ENSDARG00000011648,1,1
ENSDARG00000011652,4,0
ENSDARG00000011661,5,0
ENSDARG00000011662,0,2
ENSDARG00000011671,2,0
ENSDARG00000011672,3,2
ENSDARG00000011683,5,1
ENSDARG00000011693,2,0
ENSDARG00000011696,0,2
ENSDARG00000011701,1,1
ENSDARG00000011703,0,2
ENSDARG00000011723,1,0
ENSDARG00000011724,4,0
ENSDARG00000011727,4,0
ENSDARG00000011740,1,1
ENSDARG00000011743,5,1
ENSDARG00000011764,5,1
ENSDARG00000011769,5,0
ENSDARG00000011770,1,0
ENSDARG00000011783,0,0
ENSDARG00000011785,5,0
ENSDARG00000011797,3,2
ENSDARG00000011801,5,0
ENSDARG00000011809,0,2
ENSDARG00000011818,0,0
ENSDARG00000011819,0,2
ENSDARG00000011821,4,0
ENSDARG00000011824,4,2
ENSDARG00000011837,0,2
ENSDARG00000011841,4,0
ENSDARG00000011845,2,1
ENSDARG00000011851,1,0
ENSDARG00000011855,0,2
ENSDARG00000011862,0,1
ENSDARG00000011863,5,2
ENSDARG00000011869,5,0
ENSDARG00000011870,4,0
ENSDARG00000011876,4,1
ENSDARG00000011879,0,2
ENSDARG00000011884,2,1
ENSDARG00000011886,2,1
ENSDARG00000011890,2,1
ENSDARG00000011897,0,0
ENSDARG00000011909,0,0
ENSDARG00000011921,1,1
ENSDARG00000011925,0,0
ENSDARG00000011926,3,0
ENSDARG00000011929,2,1
ENSDARG00000011934,0,1
ENSDARG00000011941,3,2
ENSDARG00000011945,5,1
ENSDARG00000011956,4,0
ENSDARG00000011958,1,0
ENSDARG00000011961,3,2
ENSDARG00000011973,1,1
ENSDARG00000011975,4,1
ENSDARG00000011983,2,1
ENSDARG00000011989,3,2
ENSDARG00000011998,3,2
ENSDARG00000011999,5,1
ENSDARG00000012002,5,1
ENSDARG00000012005,2,0
ENSDARG00000012013,4,0
ENSDARG00000012016,4,0
ENSDARG00000012019,3,1
ENSDARG00000012021,5,2
ENSDARG00000012025,1,1
ENSDARG00000012030,4,2
ENSDARG00000012039,5,1
ENSDARG00000012040,5,0
ENSDARG00000012044,5,0
ENSDARG00000012051,5,1
ENSDARG00000012057,2,1
ENSDARG00000012060,3,2
ENSDARG00000012066,3,2
ENSDARG00000012071,2,1
ENSDARG00000012072,2,0
ENSDARG00000012073,1,0
ENSDARG00000012076,4,1
ENSDARG00000012078,4,0
ENSDARG00000012113,1,1
ENSDARG00000012125,2,1
ENSDARG00000012126,2,1
ENSDARG00000012135,0,2
ENSDARG00000012137,3,2
ENSDARG00000012138,4,0
ENSDARG00000012140,1,0
ENSDARG00000012141,1,0
ENSDARG00000012144,0,2
ENSDARG00000012177,0,1
ENSDARG00000012184,2,0
ENSDARG00000012192,5,0
ENSDARG00000012194,2,0
ENSDARG00000012196,0,2
ENSDARG00000012199,0,1
ENSDARG00000012204,3,2
ENSDARG00000012215,1,1
ENSDARG00000012219,0,2
ENSDARG00000012222,0,0
ENSDARG00000012234,5,1
ENSDARG00000012244,4,1
ENSDARG00000012247,5,0
ENSDARG00000012248,4,1
ENSDARG00000012261,1,1
ENSDARG00000012269,3,0
ENSDARG00000012271,1,1
ENSDARG00000012274,1,1
ENSDARG00000012275,1,0
ENSDARG00000012281,3,2
ENSDARG00000012295,4,2
ENSDARG00000012297,2,1
ENSDARG00000012311,3,2
ENSDARG00000012314,0,1
ENSDARG00000012325,1,1
ENSDARG00000012340,2,0
ENSDARG00000012347,3,2
ENSDARG00000012353,2,0
ENSDARG00000012355,2,1
ENSDARG00000012366,3,2
ENSDARG00000012367,3,2
ENSDARG00000012368,5,0
ENSDARG00000012369,5,0
ENSDARG00000012378,4,1
ENSDARG00000012381,3,1
ENSDARG00000012387,3,1
ENSDARG00000012388,2,1
ENSDARG00000012389,5,1
ENSDARG00000012390,0,0
ENSDARG00000012395,3,1
ENSDARG00000012397,3,0
ENSDARG00000012399,1,1
ENSDARG00000012403,0,0
ENSDARG00000012405,3,2
ENSDARG00000012407,0,2
ENSDARG00000012409,3,1
ENSDARG00000012422,3,2
ENSDARG00000012426,3,2
ENSDARG00000012432,5,1
ENSDARG00000012446,0,0
ENSDARG00000012449,5,0
ENSDARG00000012450,5,1
ENSDARG00000012453,3,0
ENSDARG00000012458,5,1
ENSDARG00000012460,0,0
ENSDARG00000012467,0,0
ENSDARG00000012468,0,2
ENSDARG00000012485,1,0
ENSDARG00000012495,5,0
ENSDARG00000012496,2,1
ENSDARG00000012499,2,0
ENSDARG00000012504,3,2
ENSDARG00000012505,5,0
ENSDARG00000012519,1,1
ENSDARG00000012534,3,2
ENSDARG00000012535,2,1
ENSDARG00000012553,5,2
ENSDARG00000012555,2,0
ENSDARG00000012572,0,0
ENSDARG00000012577,5,2
ENSDARG00000012581,3,2
ENSDARG00000012586,3,2
ENSDARG00000012588,0,1
ENSDARG00000012591,5,0
ENSDARG00000012593,4,1
ENSDARG00000012600,0,0
ENSDARG00000012603,1,0
ENSDARG00000012610,2,1
ENSDARG00000012627,0,1
ENSDARG00000012632,4,0
ENSDARG00000012640,4,0
ENSDARG00000012642,5,0
ENSDARG00000012649,3,1
ENSDARG00000012667,3,2
ENSDARG00000012671,3,2
ENSDARG00000012672,1,0
ENSDARG00000012674,5,0
ENSDARG00000012684,5,1
ENSDARG00000012694,4,1
ENSDARG00000012699,0,1
ENSDARG00000012718,0,0
ENSDARG00000012723,1,1
ENSDARG00000012726,1,0
ENSDARG00000012729,3,0
ENSDARG00000012741,0,2
ENSDARG00000012745,5,1
ENSDARG00000012747,5,1
ENSDARG00000012763,4,1
ENSDARG00000012776,2,0
ENSDARG00000012777,5,0
ENSDARG00000012789,3,2
ENSDARG00000012790,0,0
ENSDARG00000012796,5,1
ENSDARG00000012801,2,1
ENSDARG00000012816,0,2
ENSDARG00000012818,0,0
ENSDARG00000012820,5,0
ENSDARG00000012823,2,0
ENSDARG00000012824,4,0
ENSDARG00000012827,1,0
ENSDARG00000012829,2,1
ENSDARG00000012833,3,2
ENSDARG00000012840,3,1
ENSDARG00000012848,5,2
ENSDARG00000012860,0,0
ENSDARG00000012871,5,2
ENSDARG00000012874,0,0
ENSDARG00000012881,3,2
ENSDARG00000012887,5,0
ENSDARG00000012892,1,0
ENSDARG00000012896,3,2
ENSDARG00000012899,1,1
ENSDARG00000012903,2,1
ENSDARG00000012914,3,1
ENSDARG00000012915,0,1
ENSDARG00000012927,3,0
ENSDARG00000012929,4,2
ENSDARG00000012932,5,2
ENSDARG00000012942,0,2
ENSDARG00000012944,3,2
ENSDARG00000012945,5,0
ENSDARG00000012946,5,0
ENSDARG00000012948,2,0
ENSDARG00000012949,4,1
ENSDARG00000012953,0,1
ENSDARG00000012968,4,0
ENSDARG00000012972,4,2
ENSDARG00000012981,0,1
ENSDARG00000012986,4,1
ENSDARG00000012987,2,0
ENSDARG00000013000,2,0
ENSDARG00000013004,4,1
ENSDARG00000013005,2,0
ENSDARG00000013006,5,1
ENSDARG00000013009,5,0
ENSDARG00000013014,2,1
ENSDARG00000013016,5,1
ENSDARG00000013020,2,0
ENSDARG00000013022,0,0
ENSDARG00000013023,4,1
ENSDARG00000013024,2,0
ENSDARG00000013025,1,0
ENSDARG00000013031,1,0
ENSDARG00000013044,4,1
ENSDARG00000013050,2,0
ENSDARG00000013051,2,0
ENSDARG00000013057,4,0
ENSDARG00000013058,0,0
ENSDARG00000013072,4,0
ENSDARG00000013075,4,1
ENSDARG00000013079,0,2
ENSDARG00000013087,3,0
ENSDARG00000013095,0,1
ENSDARG00000013110,3,1
ENSDARG00000013117,0,0
ENSDARG00000013122,5,2
ENSDARG00000013125,4,1
ENSDARG00000013128,5,2
ENSDARG00000013134,2,1
ENSDARG00000013150,5,2
ENSDARG00000013153,0,2
ENSDARG00000013161,5,1
ENSDARG00000013168,4,1
ENSDARG00000013174,4,0
ENSDARG00000013207,4,0
ENSDARG00000013210,2,1
ENSDARG00000013221,2,0
ENSDARG00000013222,0,2
ENSDARG00000013224,3,0
ENSDARG00000013227,2,0
ENSDARG00000013236,1,0
ENSDARG00000013240,2,0
ENSDARG00000013245,0,2
ENSDARG00000013250,4,1
ENSDARG00000013251,2,1
ENSDARG00000013252,2,1
ENSDARG00000013266,3,0
ENSDARG00000013274,1,0
ENSDARG00000013292,3,2
ENSDARG00000013293,3,0
ENSDARG00000013295,3,2
ENSDARG00000013302,1,0
ENSDARG00000013307,4,1
ENSDARG00000013310,4,1
ENSDARG00000013312,0,1
ENSDARG00000013317,4,1
ENSDARG00000013329,5,1
ENSDARG00000013333,4,1
ENSDARG00000013335,4,1
ENSDARG00000013343,3,2
ENSDARG00000013346,1,1
ENSDARG00000013351,1,1
ENSDARG00000013360,3,1
ENSDARG00000013371,3,1
ENSDARG00000013379,1,0
ENSDARG00000013382,1,0
ENSDARG00000013389,2,1
ENSDARG00000013390,2,1
ENSDARG00000013393,2,0
ENSDARG00000013397,5,2
ENSDARG00000013409,4,0
ENSDARG00000013414,3,2
ENSDARG00000013422,3,0
ENSDARG00000013430,4,0
ENSDARG00000013434,1,0
ENSDARG00000013438,1,1
ENSDARG00000013441,4,2
ENSDARG00000013443,3,1
ENSDARG00000013453,5,2
ENSDARG00000013457,5,1
ENSDARG00000013460,3,2
ENSDARG00000013461,5,1
ENSDARG00000013472,5,2
ENSDARG00000013475,4,1
ENSDARG00000013476,5,2
ENSDARG00000013477,4,1
ENSDARG00000013478,1,1
ENSDARG00000013491,2,0
ENSDARG00000013492,0,0
ENSDARG00000013500,2,0
ENSDARG00000013505,5,2
ENSDARG00000013522,2,1
ENSDARG00000013524,2,0
ENSDARG00000013526,3,0
ENSDARG00000013528,5,1
ENSDARG00000013533,4,0
ENSDARG00000013539,4,1
ENSDARG00000013542,5,2
ENSDARG00000013561,3,0
ENSDARG00000013575,1,1
ENSDARG00000013576,5,0
ENSDARG00000013607,3,0
ENSDARG00000013615,3,0
ENSDARG00000013623,4,1
ENSDARG00000013628,4,0
ENSDARG00000013647,2,0
ENSDARG00000013649,0,2
ENSDARG00000013653,2,0
ENSDARG00000013659,3,0
ENSDARG00000013667,5,1
ENSDARG00000013669,3,2
ENSDARG00000013685,4,1
ENSDARG00000013687,2,1
ENSDARG00000013694,0,0
ENSDARG00000013704,0,0
ENSDARG00000013705,0,2
ENSDARG00000013719,1,0
ENSDARG00000013721,3,2
ENSDARG00000013726,4,1
ENSDARG00000013729,5,1
ENSDARG00000013730,4,1
ENSDARG00000013732,5,0
ENSDARG00000013734,4,1
ENSDARG00000013749,3,1
ENSDARG00000013750,2,0
ENSDARG00000013752,2,0
ENSDARG00000013755,3,2
ENSDARG00000013763,1,0
ENSDARG00000013775,2,1
ENSDARG00000013776,1,0
ENSDARG00000013777,3,0
ENSDARG00000013784,5,1
ENSDARG00000013787,2,1
ENSDARG00000013789,3,0
ENSDARG00000013794,2,0
ENSDARG00000013795,1,0
ENSDARG00000013800,5,1
ENSDARG00000013802,5,0
ENSDARG00000013813,3,2
ENSDARG00000013822,1,1
ENSDARG00000013828,0,2
ENSDARG00000013834,4,0
ENSDARG00000013837,0,1
ENSDARG00000013838,3,0
ENSDARG00000013839,5,0
ENSDARG00000013841,0,0
ENSDARG00000013842,2,0
ENSDARG00000013843,3,0
ENSDARG00000013845,5,0
ENSDARG00000013847,4,1
ENSDARG00000013855,4,1
ENSDARG00000013860,3,1
ENSDARG00000013861,0,1
ENSDARG00000013863,1,1
ENSDARG00000013871,2,1
ENSDARG00000013880,5,2
ENSDARG00000013881,0,0
ENSDARG00000013892,0,2
ENSDARG00000013907,3,0
ENSDARG00000013921,3,0
ENSDARG00000013926,2,1
ENSDARG00000013928,0,1
ENSDARG00000013931,4,1
ENSDARG00000013933,1,0
ENSDARG00000013946,5,1
ENSDARG00000013950,4,1
ENSDARG00000013961,5,0
ENSDARG00000013963,3,2
ENSDARG00000013965,1,0
ENSDARG00000013966,4,1
ENSDARG00000013968,5,0
ENSDARG00000013973,5,2
ENSDARG00000013976,3,0
ENSDARG00000013979,2,0
ENSDARG00000013990,5,2
ENSDARG00000013997,5,2
ENSDARG00000014003,0,0
ENSDARG00000014004,4,2
ENSDARG00000014008,5,2
ENSDARG00000014013,1,0
ENSDARG00000014015,1,0
ENSDARG00000014017,1,0
ENSDARG00000014018,3,1
ENSDARG00000014024,2,1
ENSDARG00000014031,4,0
ENSDARG00000014039,5,2
ENSDARG00000014047,0,0
ENSDARG00000014050,4,0
ENSDARG00000014053,3,2
ENSDARG00000014057,3,2
ENSDARG00000014058,4,0
ENSDARG00000014059,3,0
ENSDARG00000014068,3,0
ENSDARG00000014081,2,0
ENSDARG00000014083,1,1
ENSDARG00000014085,3,0
ENSDARG00000014101,4,1
ENSDARG00000014103,4,1
ENSDARG00000014106,3,2
ENSDARG00000014113,0,2
ENSDARG00000014137,4,0
ENSDARG00000014138,2,0
ENSDARG00000014139,1,1
ENSDARG00000014148,1,1
ENSDARG00000014159,1,1
ENSDARG00000014165,4,0
ENSDARG00000014169,2,0
ENSDARG00000014179,3,0
ENSDARG00000014180,4,0
ENSDARG00000014181,3,1
ENSDARG00000014190,3,2
ENSDARG00000014196,4,1
ENSDARG00000014201,3,2
ENSDARG00000014208,0,0
ENSDARG00000014209,5,2
ENSDARG00000014215,2,0
ENSDARG00000014218,0,2
ENSDARG00000014222,1,0
ENSDARG00000014230,3,1
ENSDARG00000014232,2,0
ENSDARG00000014233,3,2
ENSDARG00000014244,1,1
ENSDARG00000014246,3,0
ENSDARG00000014248,3,2
ENSDARG00000014259,4,0
ENSDARG00000014273,3,0
ENSDARG00000014274,1,1
ENSDARG00000014280,2,0
ENSDARG00000014287,3,2
ENSDARG00000014292,5,1
ENSDARG00000014302,3,2
ENSDARG00000014303,5,1
ENSDARG00000014309,4,1
ENSDARG00000014311,0,1
ENSDARG00000014313,4,1
ENSDARG00000014320,2,1
ENSDARG00000014321,4,2
ENSDARG00000014324,0,0
ENSDARG00000014329,5,0
ENSDARG00000014333,5,-1
ENSDARG00000014340,5,1
ENSDARG00000014357,4,1
ENSDARG00000014358,4,0
ENSDARG00000014361,0,0
ENSDARG00000014366,1,1
ENSDARG00000014373,0,1
ENSDARG00000014378,4,0
ENSDARG00000014386,5,1
ENSDARG00000014395,4,1
ENSDARG00000014402,0,1
ENSDARG00000014420,4,1
ENSDARG00000014427,5,0
ENSDARG00000014428,5,1
ENSDARG00000014430,0,2
ENSDARG00000014439,0,0
ENSDARG00000014462,3,2
ENSDARG00000014463,5,2
ENSDARG00000014465,4,1
ENSDARG00000014474,0,2
ENSDARG00000014477,0,2
ENSDARG00000014479,3,2
ENSDARG00000014480,1,0
ENSDARG00000014488,4,1
ENSDARG00000014490,3,1
ENSDARG00000014496,2,1
ENSDARG00000014498,5,0
ENSDARG00000014499,1,1
ENSDARG00000014506,4,2
ENSDARG00000014517,1,1
ENSDARG00000014527,3,2
ENSDARG00000014531,5,2
ENSDARG00000014536,1,0
ENSDARG00000014550,0,2
ENSDARG00000014556,2,0
ENSDARG00000014565,5,2
ENSDARG00000014569,5,1
ENSDARG00000014571,1,1
ENSDARG00000014572,4,0
ENSDARG00000014577,0,0
ENSDARG00000014582,0,2
ENSDARG00000014587,4,1
ENSDARG00000014588,3,0
ENSDARG00000014591,1,1
ENSDARG00000014599,0,0
ENSDARG00000014623,2,0
ENSDARG00000014624,4,0
ENSDARG00000014634,1,1
ENSDARG00000014651,4,2
ENSDARG00000014652,3,2
ENSDARG00000014655,3,0
ENSDARG00000014657,0,0
ENSDARG00000014670,3,1
ENSDARG00000014673,4,1
ENSDARG00000014675,2,1
ENSDARG00000014680,1,0
ENSDARG00000014682,2,0
ENSDARG00000014685,1,0
ENSDARG00000014690,4,1
ENSDARG00000014692,5,2
ENSDARG00000014704,0,0
ENSDARG00000014717,3,2
ENSDARG00000014722,5,0
ENSDARG00000014727,2,0
ENSDARG00000014731,1,-1
ENSDARG00000014746,3,2
ENSDARG00000014761,0,2
ENSDARG00000014763,1,1
ENSDARG00000014770,1,0
ENSDARG00000014775,1,1
ENSDARG00000014790,5,2
ENSDARG00000014792,3,2
ENSDARG00000014793,1,0
ENSDARG00000014794,4,1
ENSDARG00000014796,4,0
ENSDARG00000014803,3,2
ENSDARG00000014804,3,0
ENSDARG00000014805,2,1
ENSDARG00000014806,4,1
ENSDARG00000014817,1,1
ENSDARG00000014825,3,2
ENSDARG00000014828,2,1
ENSDARG00000014840,2,1
ENSDARG00000014849,4,0
ENSDARG00000014854,4,1
ENSDARG00000014858,3,0
ENSDARG00000014867,4,1
ENSDARG00000014871,3,2
ENSDARG00000014875,0,2
ENSDARG00000014891,3,0
ENSDARG00000014898,5,1
ENSDARG00000014907,2,1
ENSDARG00000014910,3,2
ENSDARG00000014914,0,1
ENSDARG00000014915,4,1
ENSDARG00000014916,2,1
ENSDARG00000014927,3,1
ENSDARG00000014929,4,1
ENSDARG00000014939,3,0
ENSDARG00000014943,5,1
ENSDARG00000014945,5,2
ENSDARG00000014951,2,1
ENSDARG00000014953,3,2
ENSDARG00000014954,5,2
ENSDARG00000014956,0,0
ENSDARG00000014962,3,0
ENSDARG00000014963,1,0
ENSDARG00000014966,5,1
ENSDARG00000014967,5,0
ENSDARG00000014969,2,0
ENSDARG00000014973,3,2
ENSDARG00000014976,4,1
ENSDARG00000014986,5,2
ENSDARG00000014994,0,2
ENSDARG00000014995,5,1
ENSDARG00000015002,2,0
ENSDARG00000015003,0,1
ENSDARG00000015006,3,0
ENSDARG00000015010,4,2
ENSDARG00000015015,4,1
ENSDARG00000015025,3,2
ENSDARG00000015033,4,0
ENSDARG00000015050,4,0
ENSDARG00000015053,3,1
ENSDARG00000015057,0,2
ENSDARG00000015059,0,2
ENSDARG00000015064,3,1
ENSDARG00000015065,2,0
ENSDARG00000015068,2,1
ENSDARG00000015070,1,0
ENSDARG00000015072,4,0
ENSDARG00000015076,3,2
ENSDARG00000015110,0,1
ENSDARG00000015111,1,0
ENSDARG00000015128,4,1
ENSDARG00000015144,3,2
ENSDARG00000015149,0,0
ENSDARG00000015153,5,2
ENSDARG00000015156,4,0
ENSDARG00000015158,5,2
ENSDARG00000015161,1,1
ENSDARG00000015174,3,1
ENSDARG00000015176,1,0
ENSDARG00000015184,3,2
ENSDARG00000015199,2,0
ENSDARG00000015201,4,2
ENSDARG00000015206,5,1
ENSDARG00000015208,1,1
ENSDARG00000015221,5,1
ENSDARG00000015222,5,1
ENSDARG00000015228,0,2
ENSDARG00000015236,5,1
ENSDARG00000015239,1,0
ENSDARG00000015240,2,0
ENSDARG00000015252,1,0
ENSDARG00000015254,1,1
ENSDARG00000015263,3,2
ENSDARG00000015266,4,1
ENSDARG00000015273,4,0
ENSDARG00000015278,3,2
ENSDARG00000015290,2,0
ENSDARG00000015292,5,1
ENSDARG00000015293,0,1
ENSDARG00000015310,5,0
ENSDARG00000015312,3,0
ENSDARG00000015314,3,2
ENSDARG00000015325,1,1
ENSDARG00000015337,3,2
ENSDARG00000015343,2,0
ENSDARG00000015349,0,1
ENSDARG00000015352,5,2
ENSDARG00000015355,2,1
ENSDARG00000015356,3,0
ENSDARG00000015374,0,0
ENSDARG00000015385,3,2
ENSDARG00000015392,1,1
ENSDARG00000015394,5,1
ENSDARG00000015399,3,2
ENSDARG00000015404,2,1
ENSDARG00000015422,5,2
ENSDARG00000015425,0,0
ENSDARG00000015427,1,1
ENSDARG00000015445,3,2
ENSDARG00000015449,3,2
ENSDARG00000015460,5,2
ENSDARG00000015471,0,2
ENSDARG00000015474,1,0
ENSDARG00000015476,1,0
ENSDARG00000015495,4,1
ENSDARG00000015502,4,1
ENSDARG00000015506,4,1
ENSDARG00000015515,2,0
ENSDARG00000015524,1,1
ENSDARG00000015531,2,0
ENSDARG00000015536,3,2
ENSDARG00000015537,3,2
ENSDARG00000015538,5,1
ENSDARG00000015543,5,1
ENSDARG00000015557,1,0
ENSDARG00000015559,4,0
ENSDARG00000015563,5,2
ENSDARG00000015566,3,2
ENSDARG00000015567,4,0
ENSDARG00000015575,2,0
ENSDARG00000015576,0,0
ENSDARG00000015589,2,0
ENSDARG00000015592,2,1
ENSDARG00000015607,1,1
ENSDARG00000015623,2,0
ENSDARG00000015627,3,2
ENSDARG00000015628,1,0
ENSDARG00000015638,5,0
ENSDARG00000015654,3,2
ENSDARG00000015657,0,0
ENSDARG00000015662,4,1
ENSDARG00000015674,4,1
ENSDARG00000015676,5,0
ENSDARG00000015678,4,1
ENSDARG00000015681,5,1
ENSDARG00000015686,4,2
ENSDARG00000015707,1,0
ENSDARG00000015709,5,2
ENSDARG00000015732,3,2
ENSDARG00000015734,0,0
ENSDARG00000015747,4,2
ENSDARG00000015749,3,0
ENSDARG00000015757,5,2
ENSDARG00000015759,1,1
ENSDARG00000015780,3,1
ENSDARG00000015790,4,1
ENSDARG00000015793,4,0
ENSDARG00000015803,3,1
ENSDARG00000015805,1,0
ENSDARG00000015807,2,0
ENSDARG00000015823,5,1
ENSDARG00000015824,5,1
ENSDARG00000015829,5,2
ENSDARG00000015835,1,0
ENSDARG00000015851,5,1
ENSDARG00000015853,1,0
ENSDARG00000015854,3,2
ENSDARG00000015856,5,1
ENSDARG00000015860,3,0
ENSDARG00000015862,4,0
ENSDARG00000015863,1,0
ENSDARG00000015866,4,1
ENSDARG00000015869,4,1
ENSDARG00000015876,3,2
ENSDARG00000015879,4,0
ENSDARG00000015887,2,1
ENSDARG00000015889,5,1
ENSDARG00000015890,4,0
ENSDARG00000015891,3,0
ENSDARG00000015901,4,1
ENSDARG00000015902,0,1
ENSDARG00000015905,0,2
ENSDARG00000015906,5,2
ENSDARG00000015907,5,0
ENSDARG00000015915,5,0
ENSDARG00000015921,1,1
ENSDARG00000015922,5,2
ENSDARG00000015931,3,2
ENSDARG00000015937,2,0
ENSDARG00000015946,5,1
ENSDARG00000015947,3,2
ENSDARG00000015955,4,1
ENSDARG00000015964,2,0
ENSDARG00000015968,0,2
ENSDARG00000015970,4,1
ENSDARG00000015971,0,2
ENSDARG00000015985,3,2
ENSDARG00000015989,5,2
ENSDARG00000015990,1,0
ENSDARG00000015997,5,2
ENSDARG00000016010,1,0
ENSDARG00000016011,4,1
ENSDARG00000016016,5,2
ENSDARG00000016022,4,1
ENSDARG00000016038,2,0
ENSDARG00000016044,1,0
ENSDARG00000016048,4,1
ENSDARG00000016056,5,0
ENSDARG00000016058,2,0
ENSDARG00000016059,0,1
ENSDARG00000016074,0,0
ENSDARG00000016080,5,0
ENSDARG00000016081,2,1
ENSDARG00000016084,1,1
ENSDARG00000016085,2,0
ENSDARG00000016086,0,0
ENSDARG00000016088,4,1
ENSDARG00000016089,4,1
ENSDARG00000016093,0,0
ENSDARG00000016095,3,2
ENSDARG00000016112,4,1
ENSDARG00000016117,0,1
ENSDARG00000016122,1,1
ENSDARG00000016128,3,0
ENSDARG00000016132,4,2
ENSDARG00000016138,5,2
ENSDARG00000016139,5,1
ENSDARG00000016141,2,1
ENSDARG00000016143,0,0
ENSDARG00000016153,1,0
ENSDARG00000016154,4,1
ENSDARG00000016156,1,1
ENSDARG00000016160,3,2
ENSDARG00000016161,4,0
ENSDARG00000016163,0,2
ENSDARG00000016173,4,1
ENSDARG00000016177,5,1
ENSDARG00000016181,5,1
ENSDARG00000016188,2,0
ENSDARG00000016200,5,2
ENSDARG00000016207,2,1
ENSDARG00000016212,1,-1
ENSDARG00000016213,2,1
ENSDARG00000016227,4,1
ENSDARG00000016231,1,1
ENSDARG00000016233,4,2
ENSDARG00000016238,0,0
ENSDARG00000016239,4,1
ENSDARG00000016255,0,0
ENSDARG00000016256,0,2
ENSDARG00000016260,1,0
ENSDARG00000016263,0,2
ENSDARG00000016280,4,0
ENSDARG00000016301,3,0
ENSDARG00000016302,5,0
ENSDARG00000016304,1,0
ENSDARG00000016307,4,2
ENSDARG00000016311,0,0
ENSDARG00000016318,5,2
ENSDARG00000016319,3,2
ENSDARG00000016336,1,0
ENSDARG00000016337,3,2
ENSDARG00000016343,4,1
ENSDARG00000016345,1,1
ENSDARG00000016348,3,2
ENSDARG00000016350,0,1
ENSDARG00000016357,4,1
ENSDARG00000016360,4,1
ENSDARG00000016363,4,1
ENSDARG00000016368,4,0
ENSDARG00000016396,0,2
ENSDARG00000016399,5,2
ENSDARG00000016404,4,0
ENSDARG00000016412,2,1
ENSDARG00000016415,4,1
ENSDARG00000016427,5,1
ENSDARG00000016429,5,0
ENSDARG00000016439,2,1
ENSDARG00000016448,3,0
ENSDARG00000016454,0,2
ENSDARG00000016457,3,2
ENSDARG00000016460,2,1
ENSDARG00000016470,1,0
ENSDARG00000016474,0,0
ENSDARG00000016479,2,1
ENSDARG00000016480,2,1
ENSDARG00000016481,0,0
ENSDARG00000016483,2,1
ENSDARG00000016484,1,1
ENSDARG00000016490,3,1
ENSDARG00000016494,2,1
ENSDARG00000016496,1,0
ENSDARG00000016505,4,0
ENSDARG00000016513,2,0
ENSDARG00000016514,1,0
ENSDARG00000016516,1,1
ENSDARG00000016519,0,0
ENSDARG00000016528,0,0
ENSDARG00000016531,3,0
ENSDARG00000016532,0,0
ENSDARG00000016536,2,1
ENSDARG00000016538,0,0
ENSDARG00000016541,5,2
ENSDARG00000016543,1,1
ENSDARG00000016545,3,0
ENSDARG00000016551,3,0
ENSDARG00000016570,2,1
ENSDARG00000016573,0,0
ENSDARG00000016584,0,1
ENSDARG00000016594,1,0
ENSDARG00000016598,4,1
ENSDARG00000016605,1,1
ENSDARG00000016607,3,1
ENSDARG00000016611,2,0
ENSDARG00000016630,1,0
ENSDARG00000016656,5,1
ENSDARG00000016664,1,1
ENSDARG00000016667,2,1
ENSDARG00000016674,0,1
ENSDARG00000016676,3,0
ENSDARG00000016687,2,0
ENSDARG00000016691,5,1
ENSDARG00000016695,3,2
ENSDARG00000016699,5,2
ENSDARG00000016704,2,1
ENSDARG00000016706,4,1
ENSDARG00000016710,4,1
ENSDARG00000016718,3,0
ENSDARG00000016721,3,0
ENSDARG00000016724,5,1
ENSDARG00000016725,4,0
ENSDARG00000016730,2,0
ENSDARG00000016739,2,0
ENSDARG00000016742,2,0
ENSDARG00000016743,5,1
ENSDARG00000016745,5,1
ENSDARG00000016749,1,0
ENSDARG00000016750,2,1
ENSDARG00000016753,1,0
ENSDARG00000016763,1,1
ENSDARG00000016769,0,2
ENSDARG00000016771,4,1
ENSDARG00000016774,0,2
ENSDARG00000016775,1,1
ENSDARG00000016788,5,2
ENSDARG00000016789,5,1
ENSDARG00000016793,3,2
ENSDARG00000016794,5,2
ENSDARG00000016809,2,0
ENSDARG00000016811,1,0
ENSDARG00000016815,4,0
ENSDARG00000016818,3,1
ENSDARG00000016825,2,-1
ENSDARG00000016830,0,1
ENSDARG00000016835,3,2
ENSDARG00000016837,0,1
ENSDARG00000016854,2,1
ENSDARG00000016855,1,0
ENSDARG00000016856,3,0
ENSDARG00000016866,0,0
ENSDARG00000016867,0,0
ENSDARG00000016868,0,2
ENSDARG00000016871,1,1
ENSDARG00000016875,3,0
ENSDARG00000016886,1,1
ENSDARG00000016897,0,0
ENSDARG00000016903,1,1
ENSDARG00000016904,5,2
ENSDARG00000016908,5,2
ENSDARG00000016918,2,1
ENSDARG00000016923,2,1
ENSDARG00000016936,4,0
ENSDARG00000016939,3,0
ENSDARG00000016951,2,0
ENSDARG00000016963,0,0
ENSDARG00000016964,1,1
ENSDARG00000016968,1,0
ENSDARG00000016977,0,0
ENSDARG00000016994,3,0
ENSDARG00000016999,1,1
ENSDARG00000017006,0,2
ENSDARG00000017007,3,0
ENSDARG00000017010,0,0
ENSDARG00000017023,4,2
ENSDARG00000017034,3,1
ENSDARG00000017036,4,1
ENSDARG00000017037,5,2
ENSDARG00000017038,5,1
ENSDARG00000017047,2,1
ENSDARG00000017049,4,1
ENSDARG00000017055,2,1
ENSDARG00000017067,1,1
ENSDARG00000017078,5,0
ENSDARG00000017084,5,1
ENSDARG00000017093,0,1
ENSDARG00000017105,4,1
ENSDARG00000017107,4,0
ENSDARG00000017108,2,1
ENSDARG00000017115,5,1
ENSDARG00000017119,2,-1
ENSDARG00000017121,4,0
ENSDARG00000017126,0,1
ENSDARG00000017127,2,1
ENSDARG00000017128,3,2
ENSDARG00000017140,4,0
ENSDARG00000017141,4,1
ENSDARG00000017143,1,0
ENSDARG00000017154,3,2
ENSDARG00000017155,4,1
ENSDARG00000017162,3,0
ENSDARG00000017163,0,0
ENSDARG00000017165,3,2
ENSDARG00000017168,4,2
ENSDARG00000017173,0,0
ENSDARG00000017174,3,2
ENSDARG00000017180,5,2
ENSDARG00000017188,0,0
ENSDARG00000017193,2,1
ENSDARG00000017195,3,2
ENSDARG00000017199,0,0
ENSDARG00000017219,1,1
ENSDARG00000017220,0,2
ENSDARG00000017229,4,0
ENSDARG00000017230,1,0
ENSDARG00000017234,2,0
ENSDARG00000017235,4,1
ENSDARG00000017240,2,0
ENSDARG00000017242,1,1
ENSDARG00000017244,3,0
ENSDARG00000017246,3,2
ENSDARG00000017251,2,1
ENSDARG00000017254,0,2
ENSDARG00000017255,1,0
ENSDARG00000017261,4,0
ENSDARG00000017266,0,2
ENSDARG00000017272,5,1
ENSDARG00000017274,2,1
ENSDARG00000017294,0,0
ENSDARG00000017299,4,1
ENSDARG00000017311,1,0
ENSDARG00000017312,3,0
ENSDARG00000017314,2,1
ENSDARG00000017315,0,0
ENSDARG00000017316,5,2
ENSDARG00000017320,5,1
ENSDARG00000017321,4,0
ENSDARG00000017329,4,1
ENSDARG00000017337,0,2
ENSDARG00000017338,3,2
ENSDARG00000017340,2,0
ENSDARG00000017354,4,1
ENSDARG00000017355,4,0
ENSDARG00000017359,5,2
ENSDARG00000017365,0,2
ENSDARG00000017367,3,2
ENSDARG00000017369,4,1
ENSDARG00000017385,1,1
ENSDARG00000017386,0,2
ENSDARG00000017391,2,0
ENSDARG00000017397,1,0
ENSDARG00000017398,0,0
ENSDARG00000017400,3,1
ENSDARG00000017422,5,1
ENSDARG00000017423,5,1
ENSDARG00000017425,3,0
ENSDARG00000017427,5,2
ENSDARG00000017429,2,1
ENSDARG00000017431,2,0
ENSDARG00000017437,2,0
ENSDARG00000017439,5,2
ENSDARG00000017441,3,2
ENSDARG00000017444,2,0
ENSDARG00000017445,4,1
ENSDARG00000017446,2,0
ENSDARG00000017454,1,0
ENSDARG00000017466,2,0
ENSDARG00000017474,5,0
ENSDARG00000017489,5,0
ENSDARG00000017490,2,1
ENSDARG00000017494,4,1
ENSDARG00000017500,1,0
ENSDARG00000017504,5,1
ENSDARG00000017522,0,0
ENSDARG00000017525,5,2
ENSDARG00000017532,2,1
ENSDARG00000017537,3,1
ENSDARG00000017542,4,2
ENSDARG00000017562,1,1
ENSDARG00000017565,0,2
ENSDARG00000017569,3,1
ENSDARG00000017579,2,1
ENSDARG00000017590,2,0
ENSDARG00000017591,4,0
ENSDARG00000017595,0,0
ENSDARG00000017602,4,1
ENSDARG00000017605,5,2
ENSDARG00000017606,0,1
ENSDARG00000017612,3,0
ENSDARG00000017615,4,0
ENSDARG00000017617,5,1
ENSDARG00000017624,4,1
ENSDARG00000017634,2,1
ENSDARG00000017636,0,2
ENSDARG00000017649,4,1
ENSDARG00000017653,2,1
ENSDARG00000017657,3,0
ENSDARG00000017658,4,1
ENSDARG00000017659,5,2
ENSDARG00000017661,0,0
ENSDARG00000017665,2,0
ENSDARG00000017673,4,0
ENSDARG00000017675,5,2
ENSDARG00000017676,4,1
ENSDARG00000017681,4,2
ENSDARG00000017687,2,1
ENSDARG00000017696,5,0
ENSDARG00000017703,0,1
ENSDARG00000017708,0,0
ENSDARG00000017720,2,1
ENSDARG00000017728,4,2
ENSDARG00000017739,4,2
ENSDARG00000017740,1,1
ENSDARG00000017741,1,1
ENSDARG00000017742,2,0
ENSDARG00000017744,1,0
ENSDARG00000017762,1,0
ENSDARG00000017772,3,1
ENSDARG00000017773,2,1
ENSDARG00000017775,4,1
ENSDARG00000017780,3,2
ENSDARG00000017781,5,2
ENSDARG00000017785,4,0
ENSDARG00000017790,3,2
ENSDARG00000017794,3,2
ENSDARG00000017798,3,2
ENSDARG00000017799,4,0
ENSDARG00000017803,4,1
ENSDARG00000017809,5,1
ENSDARG00000017811,0,0
ENSDARG00000017813,1,0
ENSDARG00000017834,0,0
ENSDARG00000017835,0,0
ENSDARG00000017841,1,1
ENSDARG00000017842,0,0
ENSDARG00000017843,5,0
ENSDARG00000017860,2,0
ENSDARG00000017874,4,2
ENSDARG00000017880,3,2
ENSDARG00000017882,2,1
ENSDARG00000017884,2,1
ENSDARG00000017886,1,1
ENSDARG00000017891,4,1
ENSDARG00000017905,3,0
ENSDARG00000017910,1,0
ENSDARG00000017917,5,0
ENSDARG00000017927,4,1
ENSDARG00000017929,1,0
ENSDARG00000017947,5,0
ENSDARG00000017953,3,2
ENSDARG00000017982,3,2
ENSDARG00000017983,4,0
ENSDARG00000017984,2,1
ENSDARG00000017985,0,1
ENSDARG00000017986,0,0
ENSDARG00000017988,4,0
ENSDARG00000018000,0,2
ENSDARG00000018004,4,0
ENSDARG00000018006,5,1
ENSDARG00000018008,4,1
ENSDARG00000018010,4,1
ENSDARG00000018022,1,0
ENSDARG00000018025,4,0
ENSDARG00000018032,2,0
ENSDARG00000018040,5,2
ENSDARG00000018047,1,0
ENSDARG00000018048,5,2
ENSDARG00000018049,1,1
ENSDARG00000018060,5,2
ENSDARG00000018061,0,0
ENSDARG00000018065,0,0
ENSDARG00000018066,3,2
ENSDARG00000018069,2,0
ENSDARG00000018077,5,2
ENSDARG00000018096,0,0
ENSDARG00000018105,3,2
ENSDARG00000018106,4,2
ENSDARG00000018107,5,2
ENSDARG00000018109,3,2
ENSDARG00000018110,5,2
ENSDARG00000018111,4,1
ENSDARG00000018117,2,1
ENSDARG00000018121,1,0
ENSDARG00000018124,4,1
ENSDARG00000018145,0,0
ENSDARG00000018149,4,1
ENSDARG00000018153,2,1
ENSDARG00000018159,3,0
ENSDARG00000018162,5,2
ENSDARG00000018165,5,1
ENSDARG00000018178,3,2
ENSDARG00000018179,4,0
ENSDARG00000018190,5,2
ENSDARG00000018192,1,1
ENSDARG00000018206,1,0
ENSDARG00000018228,3,2
ENSDARG00000018241,5,0
ENSDARG00000018257,3,2
ENSDARG00000018259,3,2
ENSDARG00000018260,5,0
ENSDARG00000018263,2,1
ENSDARG00000018264,3,2
ENSDARG00000018266,3,0
ENSDARG00000018270,3,0
ENSDARG00000018281,0,1
ENSDARG00000018285,0,0
ENSDARG00000018296,0,0
ENSDARG00000018301,5,0
ENSDARG00000018303,1,1
ENSDARG00000018312,5,1
ENSDARG00000018319,5,0
ENSDARG00000018321,3,0
ENSDARG00000018325,1,0
ENSDARG00000018329,0,1
ENSDARG00000018334,4,1
ENSDARG00000018342,2,0
ENSDARG00000018351,2,1
ENSDARG00000018361,2,0
ENSDARG00000018382,0,0
ENSDARG00000018383,4,1
ENSDARG00000018393,4,0
ENSDARG00000018397,3,0
ENSDARG00000018399,2,0
ENSDARG00000018411,0,0
ENSDARG00000018418,3,0
ENSDARG00000018423,4,2
ENSDARG00000018425,1,1
ENSDARG00000018426,3,0
ENSDARG00000018432,0,0
ENSDARG00000018441,4,0
ENSDARG00000018459,3,2
ENSDARG00000018460,3,1
ENSDARG00000018461,5,2
ENSDARG00000018476,1,1
ENSDARG00000018478,2,1
ENSDARG00000018485,2,0
ENSDARG00000018491,0,0
ENSDARG00000018492,4,1
ENSDARG00000018494,5,1
ENSDARG00000018506,3,2
ENSDARG00000018516,0,1
ENSDARG00000018521,2,0
ENSDARG00000018524,4,1
ENSDARG00000018529,3,0
ENSDARG00000018530,2,1
ENSDARG00000018534,4,1
ENSDARG00000018542,0,1
ENSDARG00000018559,5,2
ENSDARG00000018562,1,0
ENSDARG00000018566,4,1
ENSDARG00000018569,4,0
ENSDARG00000018574,1,0
ENSDARG00000018593,4,1
ENSDARG00000018600,0,0
ENSDARG00000018602,5,2
ENSDARG00000018611,4,0
ENSDARG00000018616,2,1
ENSDARG00000018618,1,1
ENSDARG00000018619,2,0
ENSDARG00000018621,2,1
ENSDARG00000018623,1,0
ENSDARG00000018627,5,1
ENSDARG00000018650,0,0
ENSDARG00000018653,3,0
ENSDARG00000018658,5,2
ENSDARG00000018671,1,0
ENSDARG00000018681,1,0
ENSDARG00000018687,2,0
ENSDARG00000018688,4,1
ENSDARG00000018691,3,2
ENSDARG00000018693,4,1
ENSDARG00000018698,1,1
ENSDARG00000018716,2,0
ENSDARG00000018721,3,2
ENSDARG00000018726,3,1
ENSDARG00000018738,1,0
ENSDARG00000018743,4,1
ENSDARG00000018744,2,1
ENSDARG00000018750,3,2
ENSDARG00000018757,3,2
ENSDARG00000018765,5,0
ENSDARG00000018773,2,0
ENSDARG00000018782,2,0
ENSDARG00000018788,0,2
ENSDARG00000018797,3,0
ENSDARG00000018809,2,0
ENSDARG00000018814,0,0
ENSDARG00000018817,3,2
ENSDARG00000018820,4,0
ENSDARG00000018825,5,1
ENSDARG00000018840,5,1
ENSDARG00000018846,3,2
ENSDARG00000018853,5,2
ENSDARG00000018854,5,0
ENSDARG00000018856,2,0
ENSDARG00000018871,5,2
ENSDARG00000018881,4,1
ENSDARG00000018882,0,2
ENSDARG00000018890,1,0
ENSDARG00000018891,1,0
ENSDARG00000018896,3,2
ENSDARG00000018898,5,0
ENSDARG00000018902,5,0
ENSDARG00000018903,1,1
ENSDARG00000018904,5,2
ENSDARG00000018914,1,1
ENSDARG00000018918,1,0
ENSDARG00000018921,3,1
ENSDARG00000018923,4,1
ENSDARG00000018936,5,1
ENSDARG00000018944,3,1
ENSDARG00000018953,5,1
ENSDARG00000018958,4,1
ENSDARG00000018966,2,0
ENSDARG00000018967,0,1
ENSDARG00000018968,0,1
ENSDARG00000018976,0,0
ENSDARG00000018984,4,0
ENSDARG00000018985,5,1
ENSDARG00000018997,3,2
ENSDARG00000019000,1,0
ENSDARG00000019001,4,1
ENSDARG00000019004,1,0
ENSDARG00000019008,1,0
ENSDARG00000019013,3,2
ENSDARG00000019025,2,1
ENSDARG00000019033,2,0
ENSDARG00000019038,0,2
ENSDARG00000019060,4,1
ENSDARG00000019062,4,2
ENSDARG00000019063,2,1
ENSDARG00000019081,3,1
ENSDARG00000019093,2,0
ENSDARG00000019096,4,1
ENSDARG00000019098,4,1
ENSDARG00000019103,0,2
ENSDARG00000019113,5,1
ENSDARG00000019116,5,1
ENSDARG00000019117,4,1
ENSDARG00000019122,4,0
ENSDARG00000019125,4,1
ENSDARG00000019128,2,1
ENSDARG00000019130,4,1
ENSDARG00000019135,4,1
ENSDARG00000019137,5,2
ENSDARG00000019142,0,2
ENSDARG00000019144,4,1
ENSDARG00000019156,5,1
ENSDARG00000019160,0,0
ENSDARG00000019179,2,1
ENSDARG00000019181,4,1
ENSDARG00000019185,4,1
ENSDARG00000019191,1,1
ENSDARG00000019195,0,2
ENSDARG00000019205,0,0
ENSDARG00000019207,2,1
ENSDARG00000019213,3,0
ENSDARG00000019222,4,1
ENSDARG00000019223,5,1
ENSDARG00000019228,5,0
ENSDARG00000019230,4,1
ENSDARG00000019231,4,1
ENSDARG00000019233,1,0
ENSDARG00000019235,4,0
ENSDARG00000019236,5,1
ENSDARG00000019239,1,0
ENSDARG00000019250,0,0
ENSDARG00000019253,3,2
ENSDARG00000019274,4,1
ENSDARG00000019278,0,2
ENSDARG00000019280,4,2
ENSDARG00000019293,5,2
ENSDARG00000019299,5,1
ENSDARG00000019300,1,1
ENSDARG00000019302,3,2
ENSDARG00000019304,4,1
ENSDARG00000019307,3,0
ENSDARG00000019311,0,2
ENSDARG00000019312,3,2
ENSDARG00000019316,3,2
ENSDARG00000019326,0,0
ENSDARG00000019328,3,2
ENSDARG00000019332,4,1
ENSDARG00000019338,4,1
ENSDARG00000019339,5,0
ENSDARG00000019341,3,2
ENSDARG00000019342,4,1
ENSDARG00000019345,0,2
ENSDARG00000019353,4,1
ENSDARG00000019355,3,1
ENSDARG00000019360,0,0
ENSDARG00000019365,1,1
ENSDARG00000019367,4,1
ENSDARG00000019371,3,2
ENSDARG00000019383,1,0
ENSDARG00000019392,2,0
ENSDARG00000019396,2,1
ENSDARG00000019398,1,1
ENSDARG00000019404,4,0
ENSDARG00000019418,3,2
ENSDARG00000019420,4,1
ENSDARG00000019426,0,0
ENSDARG00000019438,0,1
ENSDARG00000019442,5,1
ENSDARG00000019444,1,-1
ENSDARG00000019451,3,0
ENSDARG00000019457,2,0
ENSDARG00000019459,4,1
ENSDARG00000019484,5,2
ENSDARG00000019492,2,1
ENSDARG00000019496,4,2
ENSDARG00000019498,5,1
ENSDARG00000019501,5,2
ENSDARG00000019503,5,2
ENSDARG00000019507,1,1
ENSDARG00000019516,5,0
ENSDARG00000019521,3,2
ENSDARG00000019525,3,1
ENSDARG00000019529,1,1
ENSDARG00000019530,1,1
ENSDARG00000019532,2,1
ENSDARG00000019541,4,1
ENSDARG00000019549,2,0
ENSDARG00000019556,5,1
ENSDARG00000019564,4,1
ENSDARG00000019566,3,2
ENSDARG00000019572,1,0
ENSDARG00000019579,3,0
ENSDARG00000019588,5,2
ENSDARG00000019591,1,0
ENSDARG00000019595,5,2
ENSDARG00000019596,5,1
ENSDARG00000019601,3,2
ENSDARG00000019614,1,0
ENSDARG00000019644,4,2
ENSDARG00000019646,3,2
ENSDARG00000019651,4,1
ENSDARG00000019658,3,1
ENSDARG00000019660,0,2
ENSDARG00000019686,2,1
ENSDARG00000019692,3,2
ENSDARG00000019693,2,0
ENSDARG00000019702,3,0
ENSDARG00000019706,5,1
ENSDARG00000019707,5,2
ENSDARG00000019709,4,2
ENSDARG00000019713,3,2
ENSDARG00000019715,0,0
ENSDARG00000019717,5,1
ENSDARG00000019726,4,1
ENSDARG00000019728,5,0
ENSDARG00000019741,4,0
ENSDARG00000019742,1,1
ENSDARG00000019743,0,1
ENSDARG00000019746,0,0
ENSDARG00000019747,5,0
ENSDARG00000019752,2,1
ENSDARG00000019753,3,0
ENSDARG00000019763,1,0
ENSDARG00000019765,1,1
ENSDARG00000019772,2,1
ENSDARG00000019774,5,2
ENSDARG00000019778,4,1
ENSDARG00000019782,2,1
ENSDARG00000019791,1,0
ENSDARG00000019797,5,2
ENSDARG00000019815,1,1
ENSDARG00000019834,5,2
ENSDARG00000019835,4,0
ENSDARG00000019838,5,1
ENSDARG00000019842,1,0
ENSDARG00000019845,1,0
ENSDARG00000019856,3,2
ENSDARG00000019861,2,1
ENSDARG00000019874,0,0
ENSDARG00000019877,3,0
ENSDARG00000019881,0,0
ENSDARG00000019897,1,1
ENSDARG00000019902,2,1
ENSDARG00000019907,1,1
ENSDARG00000019917,3,1
ENSDARG00000019920,5,0
ENSDARG00000019930,4,1
ENSDARG00000019932,2,1
ENSDARG00000019941,1,1
ENSDARG00000019945,2,0
ENSDARG00000019949,4,1
ENSDARG00000019951,5,1
ENSDARG00000019961,3,0
ENSDARG00000019962,3,0
ENSDARG00000019963,0,1
ENSDARG00000019969,4,1
ENSDARG00000019973,0,1
ENSDARG00000019976,5,0
ENSDARG00000019986,3,2
ENSDARG00000019990,2,1
ENSDARG00000019998,5,0
ENSDARG00000020000,4,1
ENSDARG00000020007,3,2
ENSDARG00000020009,0,0
ENSDARG00000020015,4,1
ENSDARG00000020024,1,0
ENSDARG00000020028,3,0
ENSDARG00000020031,3,0
ENSDARG00000020041,2,0
ENSDARG00000020043,0,0
ENSDARG00000020046,2,1
ENSDARG00000020053,4,1
ENSDARG00000020054,0,1
ENSDARG00000020057,3,2
ENSDARG00000020072,4,1
ENSDARG00000020077,5,0
ENSDARG00000020079,0,0
ENSDARG00000020080,1,0
ENSDARG00000020084,0,0
ENSDARG00000020085,3,1
ENSDARG00000020086,4,1
ENSDARG00000020101,4,1
ENSDARG00000020102,2,1
ENSDARG00000020107,3,2
ENSDARG00000020114,3,2
ENSDARG00000020122,3,2
ENSDARG00000020123,5,2
ENSDARG00000020131,0,0
ENSDARG00000020133,4,1
ENSDARG00000020134,1,1
ENSDARG00000020136,4,1
ENSDARG00000020143,3,2
ENSDARG00000020158,4,0
ENSDARG00000020164,4,1
ENSDARG00000020176,2,0
ENSDARG00000020178,3,1
ENSDARG00000020187,3,0
ENSDARG00000020191,0,2
ENSDARG00000020197,4,0
ENSDARG00000020201,5,2
ENSDARG00000020204,0,1
ENSDARG00000020212,2,1
ENSDARG00000020217,5,1
ENSDARG00000020218,0,2
ENSDARG00000020219,4,1
ENSDARG00000020224,1,1
ENSDARG00000020228,5,2
ENSDARG00000020231,3,2
ENSDARG00000020232,5,2
ENSDARG00000020235,0,0
ENSDARG00000020237,3,2
ENSDARG00000020239,2,0
ENSDARG00000020242,0,1
ENSDARG00000020250,4,0
ENSDARG00000020252,1,0
ENSDARG00000020261,4,1
ENSDARG00000020265,4,0
ENSDARG00000020278,5,2
ENSDARG00000020279,0,0
ENSDARG00000020284,3,2
ENSDARG00000020289,0,0
ENSDARG00000020292,3,0
ENSDARG00000020298,5,1
ENSDARG00000020301,0,0
ENSDARG00000020311,5,1
ENSDARG00000020326,0,0
ENSDARG00000020328,4,0
ENSDARG00000020332,4,0
ENSDARG00000020334,5,1
ENSDARG00000020345,2,1
ENSDARG00000020354,0,0
ENSDARG00000020363,1,0
ENSDARG00000020364,4,1
ENSDARG00000020371,3,0
ENSDARG00000020377,1,0
ENSDARG00000020387,0,1
ENSDARG00000020395,0,2
ENSDARG00000020397,0,2
ENSDARG00000020405,5,2
ENSDARG00000020417,4,0
ENSDARG00000020427,5,0
ENSDARG00000020443,5,1
ENSDARG00000020447,3,0
ENSDARG00000020448,1,1
ENSDARG00000020449,5,0
ENSDARG00000020450,2,1
ENSDARG00000020454,1,1
ENSDARG00000020455,2,1
ENSDARG00000020465,1,1
ENSDARG00000020467,1,1
ENSDARG00000020469,0,2
ENSDARG00000020473,1,0
ENSDARG00000020475,3,2
ENSDARG00000020482,1,0
ENSDARG00000020483,4,1
ENSDARG00000020488,0,2
ENSDARG00000020493,0,0
ENSDARG00000020494,1,1
ENSDARG00000020497,3,1
ENSDARG00000020504,1,1
ENSDARG00000020509,2,0
ENSDARG00000020521,3,2
ENSDARG00000020527,1,1
ENSDARG00000020529,0,1
ENSDARG00000020544,0,0
ENSDARG00000020573,0,1
ENSDARG00000020574,4,1
ENSDARG00000020581,2,0
ENSDARG00000020594,4,1
ENSDARG00000020596,5,0
ENSDARG00000020600,2,0
ENSDARG00000020602,2,1
ENSDARG00000020606,3,0
ENSDARG00000020609,3,2
ENSDARG00000020610,4,2
ENSDARG00000020611,5,2
ENSDARG00000020618,0,1
ENSDARG00000020621,2,0
ENSDARG00000020623,5,1
ENSDARG00000020625,0,2
ENSDARG00000020642,5,2
ENSDARG00000020645,5,0
ENSDARG00000020647,5,0
ENSDARG00000020655,3,2
ENSDARG00000020656,0,2
ENSDARG00000020676,1,1
ENSDARG00000020693,2,0
ENSDARG00000020702,1,1
ENSDARG00000020708,4,0
ENSDARG00000020711,5,1
ENSDARG00000020718,2,0
ENSDARG00000020730,5,1
ENSDARG00000020735,4,2
ENSDARG00000020738,4,1
ENSDARG00000020741,3,2
ENSDARG00000020744,2,1
ENSDARG00000020746,4,0
ENSDARG00000020749,0,1
ENSDARG00000020758,3,2
ENSDARG00000020759,5,0
ENSDARG00000020764,0,0
ENSDARG00000020771,2,0
ENSDARG00000020777,0,2
ENSDARG00000020785,3,2
ENSDARG00000020788,5,0
ENSDARG00000020794,3,0
ENSDARG00000020795,3,2
ENSDARG00000020798,3,1
ENSDARG00000020811,4,1
ENSDARG00000020812,5,0
ENSDARG00000020814,2,1
ENSDARG00000020820,1,1
ENSDARG00000020822,4,1
ENSDARG00000020834,5,1
ENSDARG00000020840,5,0
ENSDARG00000020841,5,2
ENSDARG00000020845,3,0
ENSDARG00000020847,2,0
ENSDARG00000020853,2,0
ENSDARG00000020857,0,2
ENSDARG00000020863,5,0
ENSDARG00000020866,4,1
ENSDARG00000020871,3,0
ENSDARG00000020872,0,0
ENSDARG00000020876,3,2
ENSDARG00000020884,4,0
ENSDARG00000020887,1,1
ENSDARG00000020890,4,1
ENSDARG00000020891,1,1
ENSDARG00000020893,4,1
ENSDARG00000020895,4,2
ENSDARG00000020898,0,2
ENSDARG00000020901,3,2
ENSDARG00000020913,5,0
ENSDARG00000020924,4,1
ENSDARG00000020926,2,0
ENSDARG00000020929,0,1
ENSDARG00000020944,3,2
ENSDARG00000020946,4,1
ENSDARG00000020948,0,2
ENSDARG00000020952,2,1
ENSDARG00000020953,0,1
ENSDARG00000020957,0,2
ENSDARG00000020960,5,1
ENSDARG00000020964,1,0
ENSDARG00000020976,0,0
ENSDARG00000020981,5,2
ENSDARG00000020982,0,0
ENSDARG00000020984,4,1
ENSDARG00000020986,0,0
ENSDARG00000021004,4,1
ENSDARG00000021021,5,2
ENSDARG00000021022,1,0
ENSDARG00000021033,3,2
ENSDARG00000021046,0,0
ENSDARG00000021048,0,0
ENSDARG00000021055,5,1
ENSDARG00000021059,0,1
ENSDARG00000021086,5,1
ENSDARG00000021097,5,2
ENSDARG00000021107,1,0
ENSDARG00000021110,5,2
ENSDARG00000021112,5,2
ENSDARG00000021113,4,1
ENSDARG00000021115,4,2
ENSDARG00000021120,5,1
ENSDARG00000021135,3,2
ENSDARG00000021137,4,0
ENSDARG00000021140,3,2
ENSDARG00000021141,5,2
ENSDARG00000021143,3,1
ENSDARG00000021147,0,0
ENSDARG00000021149,3,1
ENSDARG00000021150,2,1
ENSDARG00000021151,3,2
ENSDARG00000021154,4,1
ENSDARG00000021163,3,0
ENSDARG00000021177,3,0
ENSDARG00000021184,4,1
ENSDARG00000021186,2,0
ENSDARG00000021193,4,1
ENSDARG00000021195,4,0
ENSDARG00000021200,5,0
ENSDARG00000021201,5,0
ENSDARG00000021208,4,0
ENSDARG00000021209,0,2
ENSDARG00000021225,5,2
ENSDARG00000021232,4,0
ENSDARG00000021233,0,2
ENSDARG00000021239,5,2
ENSDARG00000021241,2,1
ENSDARG00000021250,3,2
ENSDARG00000021255,3,2
ENSDARG00000021265,3,1
ENSDARG00000021287,4,0
ENSDARG00000021288,0,2
ENSDARG00000021305,3,2
ENSDARG00000021324,5,1
ENSDARG00000021336,2,1
ENSDARG00000021339,2,1
ENSDARG00000021343,3,2
ENSDARG00000021345,2,1
ENSDARG00000021346,4,1
ENSDARG00000021351,3,2
ENSDARG00000021352,3,2
ENSDARG00000021366,4,1
ENSDARG00000021369,2,-1
ENSDARG00000021370,1,1
ENSDARG00000021372,0,0
ENSDARG00000021374,5,2
ENSDARG00000021380,0,2
ENSDARG00000021383,4,2
ENSDARG00000021389,4,2
ENSDARG00000021392,2,1
ENSDARG00000021398,3,1
ENSDARG00000021399,2,0
ENSDARG00000021402,5,1
ENSDARG00000021404,5,2
ENSDARG00000021405,2,1
ENSDARG00000021408,5,2
ENSDARG00000021432,4,1
ENSDARG00000021433,0,2
ENSDARG00000021442,4,0
ENSDARG00000021443,4,1
ENSDARG00000021444,1,0
ENSDARG00000021455,0,1
ENSDARG00000021462,4,0
ENSDARG00000021466,0,0
ENSDARG00000021480,3,2
ENSDARG00000021483,5,1
ENSDARG00000021488,4,0
ENSDARG00000021509,5,2
ENSDARG00000021521,0,0
ENSDARG00000021539,0,2
ENSDARG00000021547,0,0
ENSDARG00000021550,1,1
ENSDARG00000021555,2,0
ENSDARG00000021556,0,0
ENSDARG00000021569,5,1
ENSDARG00000021573,2,0
ENSDARG00000021579,1,0
ENSDARG00000021584,3,0
ENSDARG00000021589,5,2
ENSDARG00000021590,3,2
ENSDARG00000021595,3,2
ENSDARG00000021607,2,0
ENSDARG00000021633,3,1
ENSDARG00000021647,4,1
ENSDARG00000021664,4,1
ENSDARG00000021677,0,1
ENSDARG00000021681,0,1
ENSDARG00000021688,5,0
ENSDARG00000021697,4,0
ENSDARG00000021702,1,1
ENSDARG00000021720,4,0
ENSDARG00000021735,3,0
ENSDARG00000021739,0,1
ENSDARG00000021753,4,1
ENSDARG00000021787,0,2
ENSDARG00000021789,3,2
ENSDARG00000021794,5,1
ENSDARG00000021805,3,0
ENSDARG00000021806,2,0
ENSDARG00000021808,5,1
ENSDARG00000021811,0,1
ENSDARG00000021812,5,0
ENSDARG00000021827,0,0
ENSDARG00000021833,3,0
ENSDARG00000021838,4,1
ENSDARG00000021846,0,1
ENSDARG00000021849,0,0
ENSDARG00000021853,5,0
ENSDARG00000021855,0,0
ENSDARG00000021859,0,1
ENSDARG00000021864,4,1
ENSDARG00000021869,3,2
ENSDARG00000021885,5,2
ENSDARG00000021889,3,2
ENSDARG00000021895,0,2
ENSDARG00000021896,0,2
ENSDARG00000021899,0,0
ENSDARG00000021905,1,0
ENSDARG00000021909,0,2
ENSDARG00000021913,4,2
ENSDARG00000021916,4,0
ENSDARG00000021924,4,2
ENSDARG00000021938,4,1
ENSDARG00000021945,5,0
ENSDARG00000021948,4,1
ENSDARG00000021959,4,0
ENSDARG00000021973,0,2
ENSDARG00000021974,5,2
ENSDARG00000021975,2,0
ENSDARG00000021979,3,0
ENSDARG00000021982,2,0
ENSDARG00000021984,4,1
ENSDARG00000021985,1,1
ENSDARG00000021987,4,1
ENSDARG00000021991,0,0
ENSDARG00000021996,5,2
ENSDARG00000021997,4,2
ENSDARG00000022000,0,2
ENSDARG00000022007,0,2
ENSDARG00000022020,1,1
ENSDARG00000022045,3,2
ENSDARG00000022048,5,2
ENSDARG00000022085,4,0
ENSDARG00000022098,2,0
ENSDARG00000022101,4,1
ENSDARG00000022129,1,1
ENSDARG00000022139,3,-1
ENSDARG00000022160,3,0
ENSDARG00000022165,4,1
ENSDARG00000022176,3,0
ENSDARG00000022177,5,1
ENSDARG00000022183,2,1
ENSDARG00000022187,4,0
ENSDARG00000022203,4,1
ENSDARG00000022213,5,1
ENSDARG00000022218,3,1
ENSDARG00000022232,1,1
ENSDARG00000022254,0,0
ENSDARG00000022260,0,0
ENSDARG00000022261,2,1
ENSDARG00000022271,5,2
ENSDARG00000022280,5,0
ENSDARG00000022295,4,0
ENSDARG00000022303,5,1
ENSDARG00000022315,3,2
ENSDARG00000022334,5,0
ENSDARG00000022340,2,0
ENSDARG00000022372,4,0
ENSDARG00000022399,1,0
ENSDARG00000022410,1,1
ENSDARG00000022418,5,1
ENSDARG00000022430,5,2
ENSDARG00000022437,3,2
ENSDARG00000022438,4,1
ENSDARG00000022456,3,0
ENSDARG00000022466,0,2
ENSDARG00000022493,0,1
ENSDARG00000022503,3,1
ENSDARG00000022509,3,2
ENSDARG00000022512,3,2
ENSDARG00000022518,2,0
ENSDARG00000022525,2,1
ENSDARG00000022531,3,2
ENSDARG00000022532,3,0
ENSDARG00000022550,4,0
ENSDARG00000022560,3,0
ENSDARG00000022564,5,1
ENSDARG00000022569,4,1
ENSDARG00000022570,2,1
ENSDARG00000022614,5,2
ENSDARG00000022615,3,2
ENSDARG00000022631,2,1
ENSDARG00000022648,5,2
ENSDARG00000022650,2,0
ENSDARG00000022652,0,0
ENSDARG00000022659,0,0
ENSDARG00000022660,2,0
ENSDARG00000022668,2,1
ENSDARG00000022670,4,1
ENSDARG00000022684,4,1
ENSDARG00000022689,3,1
ENSDARG00000022698,4,0
ENSDARG00000022712,0,1
ENSDARG00000022718,5,1
ENSDARG00000022730,0,2
ENSDARG00000022767,4,0
ENSDARG00000022768,5,1
ENSDARG00000022772,3,0
ENSDARG00000022810,3,0
ENSDARG00000022813,0,0
ENSDARG00000022817,3,2
ENSDARG00000022832,5,0
ENSDARG00000022841,3,0
ENSDARG00000022845,2,0
ENSDARG00000022853,4,0
ENSDARG00000022858,4,0
ENSDARG00000022891,4,0
ENSDARG00000022895,2,0
ENSDARG00000022904,4,1
ENSDARG00000022905,5,2
ENSDARG00000022918,1,0
ENSDARG00000022938,2,1
ENSDARG00000022939,1,0
ENSDARG00000022944,1,0
ENSDARG00000022951,2,1
ENSDARG00000022952,5,1
ENSDARG00000022968,0,0
ENSDARG00000022970,0,2
ENSDARG00000022971,2,1
ENSDARG00000022974,3,0
ENSDARG00000022983,0,0
ENSDARG00000022995,1,1
ENSDARG00000022996,5,2
ENSDARG00000023002,5,1
ENSDARG00000023003,1,1
ENSDARG00000023026,4,0
ENSDARG00000023028,1,1
ENSDARG00000023031,4,0
ENSDARG00000023036,5,1
ENSDARG00000023053,4,2
ENSDARG00000023058,0,2
ENSDARG00000023062,3,1
ENSDARG00000023082,3,2
ENSDARG00000023104,3,0
ENSDARG00000023110,0,2
ENSDARG00000023111,3,2
ENSDARG00000023117,5,2
ENSDARG00000023151,2,1
ENSDARG00000023152,5,1
ENSDARG00000023157,4,0
ENSDARG00000023160,1,0
ENSDARG00000023168,2,1
ENSDARG00000023174,3,2
ENSDARG00000023181,3,2
ENSDARG00000023185,2,0
ENSDARG00000023190,5,2
ENSDARG00000023214,5,2
ENSDARG00000023217,2,0
ENSDARG00000023220,4,1
ENSDARG00000023228,3,2
ENSDARG00000023236,3,1
ENSDARG00000023237,1,0
ENSDARG00000023267,0,2
ENSDARG00000023272,3,0
ENSDARG00000023279,4,1
ENSDARG00000023287,1,1
ENSDARG00000023290,4,2
ENSDARG00000023298,4,1
ENSDARG00000023299,5,0
ENSDARG00000023302,5,0
ENSDARG00000023303,5,1
ENSDARG00000023309,5,1
ENSDARG00000023316,4,1
ENSDARG00000023318,3,2
ENSDARG00000023323,4,1
ENSDARG00000023330,1,1
ENSDARG00000023362,0,2
ENSDARG00000023369,0,2
ENSDARG00000023394,5,2
ENSDARG00000023445,3,2
ENSDARG00000023448,3,2
ENSDARG00000023472,5,1
ENSDARG00000023479,0,1
ENSDARG00000023484,3,2
ENSDARG00000023508,0,0
ENSDARG00000023519,5,1
ENSDARG00000023526,3,0
ENSDARG00000023532,5,1
ENSDARG00000023536,3,1
ENSDARG00000023537,3,2
ENSDARG00000023542,4,1
ENSDARG00000023546,0,2
ENSDARG00000023578,3,0
ENSDARG00000023583,2,0
ENSDARG00000023584,5,1
ENSDARG00000023587,4,1
ENSDARG00000023591,5,1
ENSDARG00000023600,2,0
ENSDARG00000023609,0,1
ENSDARG00000023627,0,1
ENSDARG00000023645,2,0
ENSDARG00000023648,5,0
ENSDARG00000023656,4,0
ENSDARG00000023659,2,0
ENSDARG00000023672,4,1
ENSDARG00000023678,1,0
ENSDARG00000023683,2,0
ENSDARG00000023694,3,2
ENSDARG00000023703,4,1
ENSDARG00000023713,3,2
ENSDARG00000023722,3,2
ENSDARG00000023724,0,2
ENSDARG00000023766,3,0
ENSDARG00000023768,0,1
ENSDARG00000023771,2,1
ENSDARG00000023797,3,1
ENSDARG00000023814,5,1
ENSDARG00000023815,0,0
ENSDARG00000023820,2,1
ENSDARG00000023840,0,0
ENSDARG00000023858,5,2
ENSDARG00000023861,3,2
ENSDARG00000023868,0,2
ENSDARG00000023878,5,1
ENSDARG00000023886,2,0
ENSDARG00000023900,0,2
ENSDARG00000023914,0,2
ENSDARG00000023916,0,0
ENSDARG00000023920,5,1
ENSDARG00000023927,5,1
ENSDARG00000023933,0,0
ENSDARG00000023940,3,2
ENSDARG00000023950,5,1
ENSDARG00000023952,4,0
ENSDARG00000023958,0,0
ENSDARG00000023963,4,1
ENSDARG00000023967,3,1
ENSDARG00000023989,1,0
ENSDARG00000023999,0,2
ENSDARG00000024006,4,1
ENSDARG00000024017,2,0
ENSDARG00000024026,5,2
ENSDARG00000024030,4,1
ENSDARG00000024032,2,1
ENSDARG00000024047,4,1
ENSDARG00000024090,2,0
ENSDARG00000024092,4,1
ENSDARG00000024101,4,1
ENSDARG00000024109,5,1
ENSDARG00000024112,4,2
ENSDARG00000024116,5,1
ENSDARG00000024124,5,2
ENSDARG00000024139,2,0
ENSDARG00000024141,4,1
ENSDARG00000024160,4,1
ENSDARG00000024167,2,1
ENSDARG00000024184,1,0
ENSDARG00000024189,4,1
ENSDARG00000024195,2,0
ENSDARG00000024208,2,0
ENSDARG00000024209,0,0
ENSDARG00000024211,2,0
ENSDARG00000024219,0,2
ENSDARG00000024229,0,0
ENSDARG00000024276,3,2
ENSDARG00000024277,5,1
ENSDARG00000024278,4,1
ENSDARG00000024295,1,1
ENSDARG00000024299,3,0
ENSDARG00000024306,1,1
ENSDARG00000024311,5,1
ENSDARG00000024314,0,2
ENSDARG00000024317,1,1
ENSDARG00000024324,2,0
ENSDARG00000024325,5,0
ENSDARG00000024365,3,1
ENSDARG00000024381,5,0
ENSDARG00000024398,1,0
ENSDARG00000024416,5,1
ENSDARG00000024431,5,1
ENSDARG00000024433,3,2
ENSDARG00000024443,1,1
ENSDARG00000024465,1,1
ENSDARG00000024471,1,1
ENSDARG00000024478,4,1
ENSDARG00000024479,3,1
ENSDARG00000024488,1,1
ENSDARG00000024492,4,1
ENSDARG00000024522,2,1
ENSDARG00000024537,3,2
ENSDARG00000024546,4,2
ENSDARG00000024548,3,2
ENSDARG00000024560,3,2
ENSDARG00000024561,5,2
ENSDARG00000024564,3,0
ENSDARG00000024575,3,1
ENSDARG00000024588,3,2
ENSDARG00000024602,5,0
ENSDARG00000024619,3,2
ENSDARG00000024642,5,2
ENSDARG00000024651,5,1
ENSDARG00000024654,1,0
ENSDARG00000024669,5,2
ENSDARG00000024681,5,1
ENSDARG00000024687,0,0
ENSDARG00000024693,5,1
ENSDARG00000024708,2,1
ENSDARG00000024728,3,0
ENSDARG00000024740,2,1
ENSDARG00000024744,2,0
ENSDARG00000024746,4,1
ENSDARG00000024759,2,1
ENSDARG00000024771,3,2
ENSDARG00000024785,3,0
ENSDARG00000024789,3,0
ENSDARG00000024815,5,2
ENSDARG00000024818,4,1
ENSDARG00000024827,0,2
ENSDARG00000024828,1,1
ENSDARG00000024829,3,1
ENSDARG00000024831,3,2
ENSDARG00000024844,5,2
ENSDARG00000024847,2,0
ENSDARG00000024865,3,0
ENSDARG00000024874,0,0
ENSDARG00000024894,3,1
ENSDARG00000024895,1,1
ENSDARG00000024920,5,0
ENSDARG00000024933,0,0
ENSDARG00000024954,4,1
ENSDARG00000024964,0,1
ENSDARG00000024966,3,1
ENSDARG00000024967,0,0
ENSDARG00000025011,3,0
ENSDARG00000025012,0,2
ENSDARG00000025013,2,0
ENSDARG00000025017,4,0
ENSDARG00000025024,3,2
ENSDARG00000025032,3,0
ENSDARG00000025033,0,2
ENSDARG00000025034,3,2
ENSDARG00000025071,5,1
ENSDARG00000025073,4,1
ENSDARG00000025076,0,0
ENSDARG00000025081,5,2
ENSDARG00000025089,2,1
ENSDARG00000025091,0,0
ENSDARG00000025094,0,1
ENSDARG00000025106,3,0
ENSDARG00000025108,0,2
ENSDARG00000025131,4,0
ENSDARG00000025147,4,1
ENSDARG00000025150,2,0
ENSDARG00000025162,2,1
ENSDARG00000025168,2,1
ENSDARG00000025174,5,2
ENSDARG00000025187,3,0
ENSDARG00000025189,2,0
ENSDARG00000025206,2,0
ENSDARG00000025212,1,0
ENSDARG00000025218,0,1
ENSDARG00000025220,5,2
ENSDARG00000025226,5,1
ENSDARG00000025233,4,2
ENSDARG00000025254,4,1
ENSDARG00000025269,3,0
ENSDARG00000025275,0,0
ENSDARG00000025285,5,0
ENSDARG00000025299,0,2
ENSDARG00000025301,4,1
ENSDARG00000025302,4,0
ENSDARG00000025309,3,0
ENSDARG00000025319,0,2
ENSDARG00000025320,3,2
ENSDARG00000025325,3,0
ENSDARG00000025326,1,1
ENSDARG00000025332,5,0
ENSDARG00000025335,3,0
ENSDARG00000025338,4,0
ENSDARG00000025340,4,1
ENSDARG00000025346,2,0
ENSDARG00000025348,4,1
ENSDARG00000025350,3,1
ENSDARG00000025372,5,0
ENSDARG00000025375,0,0
ENSDARG00000025386,0,1
ENSDARG00000025391,1,1
ENSDARG00000025397,1,1
ENSDARG00000025404,2,0
ENSDARG00000025420,4,2
ENSDARG00000025421,5,2
ENSDARG00000025428,2,1
ENSDARG00000025436,5,2
ENSDARG00000025465,4,1
ENSDARG00000025467,5,2
ENSDARG00000025468,3,2
ENSDARG00000025478,2,0
ENSDARG00000025495,4,1
ENSDARG00000025500,0,0
ENSDARG00000025504,2,1
ENSDARG00000025505,2,1
ENSDARG00000025507,5,0
ENSDARG00000025518,0,2
ENSDARG00000025522,2,0
ENSDARG00000025549,4,1
ENSDARG00000025554,1,-1
ENSDARG00000025555,0,2
ENSDARG00000025559,3,2
ENSDARG00000025566,4,1
ENSDARG00000025567,5,-1
ENSDARG00000025581,4,1
ENSDARG00000025593,0,2
ENSDARG00000025595,0,0
ENSDARG00000025601,2,-1
ENSDARG00000025605,5,0
ENSDARG00000025607,5,2
ENSDARG00000025608,0,0
ENSDARG00000025615,2,0
ENSDARG00000025641,4,1
ENSDARG00000025658,2,0
ENSDARG00000025667,2,0
ENSDARG00000025670,2,0
ENSDARG00000025671,2,1
ENSDARG00000025672,2,0
ENSDARG00000025679,4,1
ENSDARG00000025693,2,-1
ENSDARG00000025699,5,1
ENSDARG00000025703,4,0
ENSDARG00000025718,5,1
ENSDARG00000025728,2,1
ENSDARG00000025757,3,0
ENSDARG00000025766,0,0
ENSDARG00000025783,5,0
ENSDARG00000025788,0,0
ENSDARG00000025797,0,0
ENSDARG00000025808,1,0
ENSDARG00000025820,5,1
ENSDARG00000025824,5,2
ENSDARG00000025826,4,0
ENSDARG00000025847,3,2
ENSDARG00000025850,4,1
ENSDARG00000025854,5,0
ENSDARG00000025855,3,2
ENSDARG00000025858,5,0
ENSDARG00000025875,3,1
ENSDARG00000025889,1,1
ENSDARG00000025891,3,2
ENSDARG00000025899,5,0
ENSDARG00000025902,3,0
ENSDARG00000025903,3,2
ENSDARG00000025904,3,1
ENSDARG00000025912,3,2
ENSDARG00000025943,1,0
ENSDARG00000025948,5,1
ENSDARG00000025949,0,0
ENSDARG00000025953,1,0
ENSDARG00000025972,4,1
ENSDARG00000025974,0,2
ENSDARG00000025977,4,1
ENSDARG00000025983,0,2
ENSDARG00000026024,5,0
ENSDARG00000026028,0,2
ENSDARG00000026035,4,1
ENSDARG00000026048,0,1
ENSDARG00000026052,4,0
ENSDARG00000026053,1,1
ENSDARG00000026072,1,0
ENSDARG00000026081,2,0
ENSDARG00000026084,2,0
ENSDARG00000026086,3,0
ENSDARG00000026090,5,0
ENSDARG00000026098,2,1
ENSDARG00000026109,0,0
ENSDARG00000026137,3,0
ENSDARG00000026165,4,1
ENSDARG00000026166,3,0
ENSDARG00000026170,5,1
ENSDARG00000026178,5,0
ENSDARG00000026180,1,1
ENSDARG00000026183,5,0
ENSDARG00000026185,1,0
ENSDARG00000026198,5,2
ENSDARG00000026224,1,0
ENSDARG00000026225,5,1
ENSDARG00000026229,2,1
ENSDARG00000026247,2,1
ENSDARG00000026248,2,1
ENSDARG00000026281,4,1
ENSDARG00000026296,5,0
ENSDARG00000026313,2,1
ENSDARG00000026322,4,1
ENSDARG00000026325,3,2
ENSDARG00000026329,4,0
ENSDARG00000026333,2,1
ENSDARG00000026335,2,0
ENSDARG00000026338,0,0
ENSDARG00000026348,5,0
ENSDARG00000026350,3,2
ENSDARG00000026359,3,2
ENSDARG00000026369,4,1
ENSDARG00000026376,0,1
ENSDARG00000026383,2,1
ENSDARG00000026395,4,0
ENSDARG00000026400,0,0
ENSDARG00000026403,4,0
ENSDARG00000026406,2,1
ENSDARG00000026444,4,1
ENSDARG00000026448,1,1
ENSDARG00000026453,5,1
ENSDARG00000026454,1,0
ENSDARG00000026473,4,0
ENSDARG00000026476,5,2
ENSDARG00000026482,4,1
ENSDARG00000026484,3,0
ENSDARG00000026489,5,1
ENSDARG00000026499,3,2
ENSDARG00000026513,4,0
ENSDARG00000026519,1,0
ENSDARG00000026531,4,0
ENSDARG00000026540,5,1
ENSDARG00000026548,2,0
ENSDARG00000026569,5,0
ENSDARG00000026577,5,1
ENSDARG00000026582,0,2
ENSDARG00000026595,3,0
ENSDARG00000026599,4,0
ENSDARG00000026611,2,0
ENSDARG00000026616,0,0
ENSDARG00000026629,1,1
ENSDARG00000026634,0,2
ENSDARG00000026635,2,0
ENSDARG00000026654,0,0
ENSDARG00000026655,4,2
ENSDARG00000026663,3,2
ENSDARG00000026664,5,0
ENSDARG00000026682,0,0
ENSDARG00000026701,5,1
ENSDARG00000026704,4,1
ENSDARG00000026723,0,0
ENSDARG00000026736,0,1
ENSDARG00000026753,0,1
ENSDARG00000026766,5,2
ENSDARG00000026767,5,1
ENSDARG00000026771,3,2
ENSDARG00000026784,3,1
ENSDARG00000026787,3,0
ENSDARG00000026796,2,0
ENSDARG00000026799,0,0
ENSDARG00000026801,3,0
ENSDARG00000026806,1,-1
ENSDARG00000026811,0,2
ENSDARG00000026820,2,0
ENSDARG00000026829,3,1
ENSDARG00000026834,3,0
ENSDARG00000026835,4,2
ENSDARG00000026839,1,1
ENSDARG00000026840,2,0
ENSDARG00000026842,5,0
ENSDARG00000026845,4,1
ENSDARG00000026855,2,1
ENSDARG00000026862,0,0
ENSDARG00000026864,2,1
ENSDARG00000026871,0,1
ENSDARG00000026875,0,0
ENSDARG00000026882,3,2
ENSDARG00000026895,0,1
ENSDARG00000026902,3,0
ENSDARG00000026904,0,0
ENSDARG00000026907,0,2
ENSDARG00000026908,5,1
ENSDARG00000026926,2,1
ENSDARG00000026941,0,0
ENSDARG00000026967,4,1
ENSDARG00000026972,0,2
ENSDARG00000026979,3,1
ENSDARG00000026985,1,1
ENSDARG00000026986,5,2
ENSDARG00000026988,0,1
ENSDARG00000026990,2,1
ENSDARG00000027009,3,2
ENSDARG00000027017,4,0
ENSDARG00000027041,3,2
ENSDARG00000027046,0,0
ENSDARG00000027063,3,1
ENSDARG00000027065,2,1
ENSDARG00000027070,2,0
ENSDARG00000027078,0,1
ENSDARG00000027079,3,0
ENSDARG00000027082,0,1
ENSDARG00000027087,2,0
ENSDARG00000027088,4,1
ENSDARG00000027099,1,1
ENSDARG00000027112,1,1
ENSDARG00000027129,4,1
ENSDARG00000027141,1,1
ENSDARG00000027143,1,1
ENSDARG00000027153,2,0
ENSDARG00000027154,4,2
ENSDARG00000027159,5,0
ENSDARG00000027161,1,1
ENSDARG00000027169,0,0
ENSDARG00000027182,5,2
ENSDARG00000027183,5,0
ENSDARG00000027187,1,0
ENSDARG00000027192,2,1
ENSDARG00000027196,4,1
ENSDARG00000027199,4,1
ENSDARG00000027200,2,0
ENSDARG00000027222,4,1
ENSDARG00000027234,3,1
ENSDARG00000027236,2,1
ENSDARG00000027249,4,1
ENSDARG00000027279,0,2
ENSDARG00000027285,3,2
ENSDARG00000027290,4,0
ENSDARG00000027310,4,0
ENSDARG00000027316,2,1
ENSDARG00000027322,5,2
ENSDARG00000027345,0,1
ENSDARG00000027353,5,1
ENSDARG00000027355,3,2
ENSDARG00000027357,1,0
ENSDARG00000027360,2,1
ENSDARG00000027381,1,1
ENSDARG00000027391,0,1
ENSDARG00000027394,3,2
ENSDARG00000027397,1,1
ENSDARG00000027403,1,1
ENSDARG00000027419,3,2
ENSDARG00000027423,0,2
ENSDARG00000027424,2,1
ENSDARG00000027428,5,2
ENSDARG00000027461,0,0
ENSDARG00000027465,0,1
ENSDARG00000027472,2,1
ENSDARG00000027491,0,1
ENSDARG00000027495,3,0
ENSDARG00000027497,2,0
ENSDARG00000027523,2,0
ENSDARG00000027529,4,1
ENSDARG00000027538,5,1
ENSDARG00000027552,2,0
ENSDARG00000027564,4,1
ENSDARG00000027572,3,0
ENSDARG00000027582,4,0
ENSDARG00000027584,3,2
ENSDARG00000027586,1,1
ENSDARG00000027587,2,1
ENSDARG00000027589,5,0
ENSDARG00000027590,1,0
ENSDARG00000027595,0,1
ENSDARG00000027599,0,0
ENSDARG00000027600,3,0
ENSDARG00000027602,2,0
ENSDARG00000027609,2,1
ENSDARG00000027611,4,1
ENSDARG00000027618,0,2
ENSDARG00000027620,5,0
ENSDARG00000027638,2,0
ENSDARG00000027639,5,1
ENSDARG00000027649,1,1
ENSDARG00000027657,2,0
ENSDARG00000027658,0,0
ENSDARG00000027676,5,1
ENSDARG00000027687,1,1
ENSDARG00000027689,1,0
ENSDARG00000027699,2,0
ENSDARG00000027710,0,2
ENSDARG00000027724,2,1
ENSDARG00000027734,4,0
ENSDARG00000027738,1,0
ENSDARG00000027740,3,0
ENSDARG00000027749,5,1
ENSDARG00000027777,2,1
ENSDARG00000027797,5,2
ENSDARG00000027799,2,1
ENSDARG00000027803,5,2
ENSDARG00000027813,1,0
ENSDARG00000027822,2,0
ENSDARG00000027825,0,0
ENSDARG00000027828,3,2
ENSDARG00000027851,0,2
ENSDARG00000027867,3,2
ENSDARG00000027887,0,1
ENSDARG00000027903,0,0
ENSDARG00000027915,2,0
ENSDARG00000027916,0,1
ENSDARG00000027930,4,0
ENSDARG00000027933,2,0
ENSDARG00000027938,5,1
ENSDARG00000027940,3,1
ENSDARG00000027957,2,1
ENSDARG00000027963,2,1
ENSDARG00000027966,0,1
ENSDARG00000027978,5,2
ENSDARG00000027984,3,2
ENSDARG00000027986,4,1
ENSDARG00000027992,3,0
ENSDARG00000028000,3,2
ENSDARG00000028012,2,0
ENSDARG00000028017,4,1
ENSDARG00000028027,4,1
ENSDARG00000028048,4,0
ENSDARG00000028053,0,2
ENSDARG00000028058,1,0
ENSDARG00000028066,3,2
ENSDARG00000028067,0,1
ENSDARG00000028071,0,1
ENSDARG00000028082,0,0
ENSDARG00000028086,5,0
ENSDARG00000028087,1,0
ENSDARG00000028088,5,1
ENSDARG00000028098,4,1
ENSDARG00000028099,4,0
ENSDARG00000028118,3,0
ENSDARG00000028119,1,1
ENSDARG00000028131,1,0
ENSDARG00000028148,4,0
ENSDARG00000028159,5,0
ENSDARG00000028163,3,2
ENSDARG00000028164,4,1
ENSDARG00000028173,4,1
ENSDARG00000028192,0,0
ENSDARG00000028198,1,1
ENSDARG00000028213,3,2
ENSDARG00000028222,3,0
ENSDARG00000028228,3,0
ENSDARG00000028257,3,1
ENSDARG00000028275,4,1
ENSDARG00000028276,2,1
ENSDARG00000028295,5,1
ENSDARG00000028306,3,2
ENSDARG00000028321,5,2
ENSDARG00000028322,2,0
ENSDARG00000028333,5,2
ENSDARG00000028335,1,1
ENSDARG00000028336,3,2
ENSDARG00000028348,4,0
ENSDARG00000028354,2,1
ENSDARG00000028367,2,1
ENSDARG00000028379,1,0
ENSDARG00000028386,0,1
ENSDARG00000028389,2,0
ENSDARG00000028393,2,0
ENSDARG00000028396,2,0
ENSDARG00000028401,5,1
ENSDARG00000028431,5,1
ENSDARG00000028442,5,1
ENSDARG00000028448,1,0
ENSDARG00000028469,2,0
ENSDARG00000028475,5,1
ENSDARG00000028478,2,1
ENSDARG00000028485,2,1
ENSDARG00000028507,4,0
ENSDARG00000028517,3,0
ENSDARG00000028521,2,1
ENSDARG00000028523,1,0
ENSDARG00000028533,4,0
ENSDARG00000028539,5,1
ENSDARG00000028541,5,0
ENSDARG00000028546,3,0
ENSDARG00000028552,2,1
ENSDARG00000028581,5,1
ENSDARG00000028583,3,2
ENSDARG00000028586,3,2
ENSDARG00000028614,1,1
ENSDARG00000028618,3,2
ENSDARG00000028625,3,2
ENSDARG00000028628,3,2
ENSDARG00000028659,5,1
ENSDARG00000028661,4,0
ENSDARG00000028663,4,1
ENSDARG00000028664,4,1
ENSDARG00000028676,3,2
ENSDARG00000028688,1,0
ENSDARG00000028699,1,0
ENSDARG00000028721,0,0
ENSDARG00000028725,3,2
ENSDARG00000028731,2,0
ENSDARG00000028740,3,0
ENSDARG00000028748,5,2
ENSDARG00000028780,2,0
ENSDARG00000028784,0,0
ENSDARG00000028786,0,2
ENSDARG00000028793,3,0
ENSDARG00000028800,5,2
ENSDARG00000028804,3,2
ENSDARG00000028816,4,0
ENSDARG00000028824,2,1
ENSDARG00000028845,2,1
ENSDARG00000028848,0,0
ENSDARG00000028850,0,2
ENSDARG00000028857,0,1
ENSDARG00000028862,2,0
ENSDARG00000028878,2,1
ENSDARG00000028889,4,2
ENSDARG00000028894,5,2
ENSDARG00000028896,0,0
ENSDARG00000028899,3,0
ENSDARG00000028900,1,1
ENSDARG00000028912,1,1
ENSDARG00000028937,1,0
ENSDARG00000028943,4,1
ENSDARG00000028949,5,2
ENSDARG00000028971,1,1
ENSDARG00000028973,3,1
ENSDARG00000028976,5,1
ENSDARG00000029003,1,0
ENSDARG00000029018,4,1
ENSDARG00000029019,3,1
ENSDARG00000029036,0,1
ENSDARG00000029039,3,2
ENSDARG00000029043,5,0
ENSDARG00000029045,5,1
ENSDARG00000029051,0,1
ENSDARG00000029057,3,2
ENSDARG00000029058,1,1
ENSDARG00000029063,0,1
ENSDARG00000029064,4,0
ENSDARG00000029069,3,2
ENSDARG00000029072,4,1
ENSDARG00000029075,5,0
ENSDARG00000029088,4,2
ENSDARG00000029100,1,1
ENSDARG00000029105,4,1
ENSDARG00000029107,1,0
ENSDARG00000029112,3,2
ENSDARG00000029114,3,2
ENSDARG00000029124,3,0
ENSDARG00000029133,0,2
ENSDARG00000029146,0,2
ENSDARG00000029150,4,1
ENSDARG00000029157,1,1
ENSDARG00000029168,0,2
ENSDARG00000029170,0,2
ENSDARG00000029177,3,1
ENSDARG00000029179,4,2
ENSDARG00000029204,3,2
ENSDARG00000029215,0,2
ENSDARG00000029219,2,1
ENSDARG00000029230,2,1
ENSDARG00000029232,5,0
ENSDARG00000029234,0,2
ENSDARG00000029239,2,0
ENSDARG00000029248,1,1
ENSDARG00000029250,1,1
ENSDARG00000029252,5,1
ENSDARG00000029263,4,0
ENSDARG00000029291,0,2
ENSDARG00000029292,0,0
ENSDARG00000029296,3,0
ENSDARG00000029305,0,1
ENSDARG00000029307,5,1
ENSDARG00000029308,3,0
ENSDARG00000029331,0,2
ENSDARG00000029353,0,1
ENSDARG00000029356,5,0
ENSDARG00000029370,4,0
ENSDARG00000029372,3,0
ENSDARG00000029381,3,2
ENSDARG00000029388,2,1
ENSDARG00000029402,2,1
ENSDARG00000029415,4,1
ENSDARG00000029431,5,0
ENSDARG00000029432,0,2
ENSDARG00000029439,0,0
ENSDARG00000029443,4,0
ENSDARG00000029445,5,2
ENSDARG00000029457,3,2
ENSDARG00000029461,0,2
ENSDARG00000029463,4,0
ENSDARG00000029472,1,0
ENSDARG00000029473,2,0
ENSDARG00000029474,2,1
ENSDARG00000029476,2,0
ENSDARG00000029479,0,0
ENSDARG00000029480,0,2
ENSDARG00000029482,0,2
ENSDARG00000029493,3,2
ENSDARG00000029497,2,1
ENSDARG00000029500,4,1
ENSDARG00000029501,0,0
ENSDARG00000029510,4,1
ENSDARG00000029511,0,2
ENSDARG00000029524,4,1
ENSDARG00000029533,4,0
ENSDARG00000029544,3,2
ENSDARG00000029546,2,0
ENSDARG00000029556,1,0
ENSDARG00000029569,0,0
ENSDARG00000029581,0,2
ENSDARG00000029587,0,1
ENSDARG00000029596,4,1
ENSDARG00000029600,5,1
ENSDARG00000029609,0,1
ENSDARG00000029612,5,1
ENSDARG00000029615,5,1
ENSDARG00000029621,4,0
ENSDARG00000029635,2,1
ENSDARG00000029639,5,2
ENSDARG00000029660,2,0
ENSDARG00000029663,4,0
ENSDARG00000029668,0,0
ENSDARG00000029671,0,2
ENSDARG00000029688,3,0
ENSDARG00000029689,2,1
ENSDARG00000029692,3,0
ENSDARG00000029710,3,2
ENSDARG00000029718,3,2
ENSDARG00000029720,2,0
ENSDARG00000029722,1,1
ENSDARG00000029724,1,1
ENSDARG00000029729,3,0
ENSDARG00000029747,2,1
ENSDARG00000029761,2,0
ENSDARG00000029764,4,2
ENSDARG00000029766,3,2
ENSDARG00000029768,0,0
ENSDARG00000029783,5,2
ENSDARG00000029795,0,1
ENSDARG00000029803,5,2
ENSDARG00000029822,2,1
ENSDARG00000029830,3,2
ENSDARG00000029838,1,1
ENSDARG00000029841,4,0
ENSDARG00000029848,5,1
ENSDARG00000029856,5,1
ENSDARG00000029859,0,1
ENSDARG00000029865,4,1
ENSDARG00000029866,3,2
ENSDARG00000029881,0,2
ENSDARG00000029890,2,1
ENSDARG00000029894,3,1
ENSDARG00000029898,2,1
ENSDARG00000029905,0,1
ENSDARG00000029907,0,2
ENSDARG00000029911,5,2
ENSDARG00000029928,1,0
ENSDARG00000029930,3,2
ENSDARG00000029936,0,0
ENSDARG00000029952,4,1
ENSDARG00000029955,4,2
ENSDARG00000029993,1,1
ENSDARG00000029994,5,1
ENSDARG00000029995,3,2
ENSDARG00000029997,2,1
ENSDARG00000030022,1,1
ENSDARG00000030025,1,0
ENSDARG00000030053,4,1
ENSDARG00000030058,3,2
ENSDARG00000030064,0,0
ENSDARG00000030078,3,2
ENSDARG00000030087,3,1
ENSDARG00000030092,1,1
ENSDARG00000030094,3,2
ENSDARG00000030095,3,0
ENSDARG00000030097,3,0
ENSDARG00000030104,3,2
ENSDARG00000030106,2,0
ENSDARG00000030107,5,0
ENSDARG00000030108,1,0
ENSDARG00000030110,4,0
ENSDARG00000030114,0,2
ENSDARG00000030116,1,1
ENSDARG00000030125,4,1
ENSDARG00000030129,0,1
ENSDARG00000030133,0,1
ENSDARG00000030139,3,1
ENSDARG00000030153,5,2
ENSDARG00000030154,3,2
ENSDARG00000030155,5,0
ENSDARG00000030156,4,1
ENSDARG00000030157,2,1
ENSDARG00000030161,4,1
ENSDARG00000030163,0,0
ENSDARG00000030176,4,1
ENSDARG00000030177,1,0
ENSDARG00000030215,2,1
ENSDARG00000030224,2,0
ENSDARG00000030236,0,2
ENSDARG00000030237,5,1
ENSDARG00000030239,0,0
ENSDARG00000030241,1,1
ENSDARG00000030250,0,0
ENSDARG00000030251,4,1
ENSDARG00000030262,4,2
ENSDARG00000030263,2,0
ENSDARG00000030265,3,2
ENSDARG00000030267,5,2
ENSDARG00000030269,3,0
ENSDARG00000030270,3,1
ENSDARG00000030278,4,0
ENSDARG00000030289,4,0
ENSDARG00000030297,1,0
ENSDARG00000030307,3,2
ENSDARG00000030311,2,0
ENSDARG00000030326,4,1
ENSDARG00000030335,1,1
ENSDARG00000030347,5,0
ENSDARG00000030349,3,2
ENSDARG00000030350,4,0
ENSDARG00000030357,0,0
ENSDARG00000030364,4,2
ENSDARG00000030367,4,1
ENSDARG00000030368,1,0
ENSDARG00000030376,2,0
ENSDARG00000030394,5,1
ENSDARG00000030402,4,0
ENSDARG00000030408,4,1
ENSDARG00000030411,3,2
ENSDARG00000030417,4,0
ENSDARG00000030440,4,1
ENSDARG00000030441,3,0
ENSDARG00000030448,0,0
ENSDARG00000030463,3,2
ENSDARG00000030472,3,1
ENSDARG00000030478,2,0
ENSDARG00000030479,4,1
ENSDARG00000030490,3,2
ENSDARG00000030494,4,0
ENSDARG00000030508,0,1
ENSDARG00000030512,5,0
ENSDARG00000030514,4,1
ENSDARG00000030532,1,1
ENSDARG00000030537,4,0
ENSDARG00000030547,3,2
ENSDARG00000030573,5,0
ENSDARG00000030588,3,2
ENSDARG00000030591,5,1
ENSDARG00000030598,4,1
ENSDARG00000030602,4,0
ENSDARG00000030604,2,1
ENSDARG00000030608,0,2
ENSDARG00000030614,3,0
ENSDARG00000030616,2,1
ENSDARG00000030621,3,2
ENSDARG00000030626,2,1
ENSDARG00000030630,0,2
ENSDARG00000030632,3,2
ENSDARG00000030634,5,0
ENSDARG00000030641,0,2
ENSDARG00000030644,2,0
ENSDARG00000030650,3,2
ENSDARG00000030656,3,2
ENSDARG00000030665,5,2
ENSDARG00000030687,2,1
ENSDARG00000030694,4,1
ENSDARG00000030700,5,0
ENSDARG00000030716,4,1
ENSDARG00000030722,4,0
ENSDARG00000030723,4,1
ENSDARG00000030733,3,2
ENSDARG00000030743,0,0
ENSDARG00000030750,2,1
ENSDARG00000030753,0,1
ENSDARG00000030758,2,1
ENSDARG00000030759,1,0
ENSDARG00000030761,2,0
ENSDARG00000030781,2,0
ENSDARG00000030782,2,0
ENSDARG00000030786,2,0
ENSDARG00000030789,5,0
ENSDARG00000030803,0,0
ENSDARG00000030804,5,2
ENSDARG00000030805,5,0
ENSDARG00000030824,5,1
ENSDARG00000030830,1,0
ENSDARG00000030832,2,0
ENSDARG00000030839,4,2
ENSDARG00000030844,3,0
ENSDARG00000030867,3,0
ENSDARG00000030871,1,1
ENSDARG00000030872,3,2
ENSDARG00000030881,0,0
ENSDARG00000030887,5,1
ENSDARG00000030896,3,2
ENSDARG00000030905,1,0
ENSDARG00000030914,4,1
ENSDARG00000030932,4,1
ENSDARG00000030938,2,0
ENSDARG00000030945,1,0
ENSDARG00000030949,5,1
ENSDARG00000030954,3,2
ENSDARG00000030957,5,2
ENSDARG00000030961,4,0
ENSDARG00000030964,5,2
ENSDARG00000030967,4,0
ENSDARG00000030972,5,0
ENSDARG00000030975,4,1
ENSDARG00000030980,2,1
ENSDARG00000030981,0,1
ENSDARG00000030999,3,0
ENSDARG00000031015,3,0
ENSDARG00000031020,0,1
ENSDARG00000031046,3,2
ENSDARG00000031048,3,1
ENSDARG00000031049,3,0
ENSDARG00000031075,3,0
ENSDARG00000031100,4,0
ENSDARG00000031108,0,1
ENSDARG00000031116,0,1
ENSDARG00000031119,0,0
ENSDARG00000031136,4,0
ENSDARG00000031138,4,0
ENSDARG00000031150,5,1
ENSDARG00000031161,2,1
ENSDARG00000031164,4,0
ENSDARG00000031198,5,1
ENSDARG00000031202,1,0
ENSDARG00000031203,4,1
ENSDARG00000031214,0,2
ENSDARG00000031222,4,0
ENSDARG00000031228,4,0
ENSDARG00000031240,3,1
ENSDARG00000031243,0,0
ENSDARG00000031248,1,0
ENSDARG00000031261,5,2
ENSDARG00000031269,3,0
ENSDARG00000031278,2,1
ENSDARG00000031283,3,2
ENSDARG00000031299,3,1
ENSDARG00000031302,0,1
ENSDARG00000031307,4,0
ENSDARG00000031316,3,0
ENSDARG00000031317,2,0
ENSDARG00000031325,5,1
ENSDARG00000031337,4,0
ENSDARG00000031343,3,2
ENSDARG00000031345,0,2
ENSDARG00000031346,5,2
ENSDARG00000031348,3,2
ENSDARG00000031359,0,0
ENSDARG00000031366,4,0
ENSDARG00000031372,4,0
ENSDARG00000031382,0,1
ENSDARG00000031383,3,2
ENSDARG00000031387,0,0
ENSDARG00000031420,4,0
ENSDARG00000031422,0,1
ENSDARG00000031426,4,1
ENSDARG00000031427,0,1
ENSDARG00000031434,5,1
ENSDARG00000031435,4,1
ENSDARG00000031438,2,1
ENSDARG00000031463,2,0
ENSDARG00000031483,4,1
ENSDARG00000031489,0,1
ENSDARG00000031494,1,0
ENSDARG00000031495,1,1
ENSDARG00000031496,1,1
ENSDARG00000031511,4,1
ENSDARG00000031534,2,1
ENSDARG00000031540,2,1
ENSDARG00000031548,4,0
ENSDARG00000031560,5,1
ENSDARG00000031562,1,1
ENSDARG00000031587,4,1
ENSDARG00000031588,2,1
ENSDARG00000031598,3,1
ENSDARG00000031600,3,2
ENSDARG00000031616,2,1
ENSDARG00000031618,3,1
ENSDARG00000031632,4,2
ENSDARG00000031647,2,0
ENSDARG00000031649,3,2
ENSDARG00000031657,0,0
ENSDARG00000031658,4,1
ENSDARG00000031664,4,0
ENSDARG00000031678,4,1
ENSDARG00000031680,1,1
ENSDARG00000031681,3,2
ENSDARG00000031683,2,1
ENSDARG00000031693,3,2
ENSDARG00000031702,2,0
ENSDARG00000031709,5,0
ENSDARG00000031712,2,1
ENSDARG00000031720,2,1
ENSDARG00000031731,2,0
ENSDARG00000031737,2,0
ENSDARG00000031749,2,1
ENSDARG00000031751,3,0
ENSDARG00000031756,3,0
ENSDARG00000031757,2,1
ENSDARG00000031761,0,1
ENSDARG00000031763,4,0
ENSDARG00000031768,3,0
ENSDARG00000031770,5,2
ENSDARG00000031774,1,1
ENSDARG00000031776,5,0
ENSDARG00000031777,3,0
ENSDARG00000031782,4,0
ENSDARG00000031783,2,0
ENSDARG00000031795,1,1
ENSDARG00000031796,3,2
ENSDARG00000031809,3,0
ENSDARG00000031814,1,1
ENSDARG00000031817,0,2
ENSDARG00000031819,3,0
ENSDARG00000031836,3,0
ENSDARG00000031845,0,2
ENSDARG00000031848,0,0
ENSDARG00000031875,2,0
ENSDARG00000031876,2,0
ENSDARG00000031885,0,0
ENSDARG00000031888,0,2
ENSDARG00000031890,0,2
ENSDARG00000031891,4,1
ENSDARG00000031894,0,0
ENSDARG00000031907,5,0
ENSDARG00000031915,0,2
ENSDARG00000031929,0,1
ENSDARG00000031930,1,0
ENSDARG00000031952,3,2
ENSDARG00000031954,5,1
ENSDARG00000031956,1,0
ENSDARG00000031968,4,0
ENSDARG00000031971,1,0
ENSDARG00000031976,4,0
ENSDARG00000031983,4,0
ENSDARG00000032005,4,2
ENSDARG00000032013,0,2
ENSDARG00000032037,5,2
ENSDARG00000032039,0,0
ENSDARG00000032043,2,1
ENSDARG00000032049,0,1
ENSDARG00000032056,5,2
ENSDARG00000032077,2,1
ENSDARG00000032079,1,1
ENSDARG00000032083,4,0
ENSDARG00000032087,5,1
ENSDARG00000032098,3,2
ENSDARG00000032102,3,0
ENSDARG00000032103,5,2
ENSDARG00000032114,0,2
ENSDARG00000032116,0,0
ENSDARG00000032117,3,0
ENSDARG00000032126,3,2
ENSDARG00000032129,1,0
ENSDARG00000032131,2,1
ENSDARG00000032155,0,1
ENSDARG00000032156,5,1
ENSDARG00000032161,4,0
ENSDARG00000032175,1,1
ENSDARG00000032188,5,2
ENSDARG00000032197,3,2
ENSDARG00000032199,0,2
ENSDARG00000032206,2,0
ENSDARG00000032218,5,2
ENSDARG00000032234,4,0
ENSDARG00000032237,1,0
ENSDARG00000032238,3,0
ENSDARG00000032242,4,1
ENSDARG00000032246,0,2
ENSDARG00000032256,4,2
ENSDARG00000032261,1,0
ENSDARG00000032263,5,1
ENSDARG00000032264,1,1
ENSDARG00000032272,4,1
ENSDARG00000032277,2,0
ENSDARG00000032285,5,2
ENSDARG00000032296,4,1
ENSDARG00000032298,3,0
ENSDARG00000032317,4,0
ENSDARG00000032318,5,0
ENSDARG00000032319,3,0
ENSDARG00000032324,0,1
ENSDARG00000032326,2,0
ENSDARG00000032327,5,1
ENSDARG00000032340,3,0
ENSDARG00000032344,3,2
ENSDARG00000032353,0,0
ENSDARG00000032369,4,1
ENSDARG00000032372,3,2
ENSDARG00000032373,0,1
ENSDARG00000032380,3,2
ENSDARG00000032389,3,2
ENSDARG00000032405,4,1
ENSDARG00000032426,5,2
ENSDARG00000032431,1,0
ENSDARG00000032435,4,0
ENSDARG00000032458,0,2
ENSDARG00000032469,3,2
ENSDARG00000032482,4,0
ENSDARG00000032496,4,0
ENSDARG00000032516,5,0
ENSDARG00000032532,4,1
ENSDARG00000032535,4,1
ENSDARG00000032553,3,2
ENSDARG00000032565,3,2
ENSDARG00000032571,4,0
ENSDARG00000032578,4,0
ENSDARG00000032584,2,0
ENSDARG00000032601,0,1
ENSDARG00000032603,5,1
ENSDARG00000032606,5,1
ENSDARG00000032614,0,1
ENSDARG00000032617,4,0
ENSDARG00000032618,4,1
ENSDARG00000032619,0,2
ENSDARG00000032623,3,2
ENSDARG00000032627,0,2
ENSDARG00000032630,3,2
ENSDARG00000032631,1,0
ENSDARG00000032637,5,0
ENSDARG00000032650,3,0
ENSDARG00000032651,5,0
ENSDARG00000032653,3,0
ENSDARG00000032704,1,0
ENSDARG00000032705,3,2
ENSDARG00000032708,4,1
ENSDARG00000032714,2,1
ENSDARG00000032725,4,1
ENSDARG00000032737,3,1
ENSDARG00000032743,2,1
ENSDARG00000032746,4,1
ENSDARG00000032761,0,2
ENSDARG00000032769,0,0
ENSDARG00000032795,2,0
ENSDARG00000032799,2,1
ENSDARG00000032802,2,0
ENSDARG00000032808,0,0
ENSDARG00000032816,2,0
ENSDARG00000032820,5,1
ENSDARG00000032831,3,0
ENSDARG00000032836,3,2
ENSDARG00000032838,2,0
ENSDARG00000032849,1,0
ENSDARG00000032856,5,1
ENSDARG00000032859,0,2
ENSDARG00000032862,5,2
ENSDARG00000032865,3,2
ENSDARG00000032866,1,1
ENSDARG00000032868,3,0
ENSDARG00000032876,0,0
ENSDARG00000032885,4,1
ENSDARG00000032896,0,1
ENSDARG00000032919,4,2
ENSDARG00000032929,3,2
ENSDARG00000032932,0,2
ENSDARG00000032933,5,2
ENSDARG00000032951,0,0
ENSDARG00000032959,2,1
ENSDARG00000032963,4,0
ENSDARG00000032970,4,1
ENSDARG00000032976,4,1
ENSDARG00000032990,5,2
ENSDARG00000032993,5,1
ENSDARG00000032997,0,0
ENSDARG00000033009,4,1
ENSDARG00000033029,4,1
ENSDARG00000033042,0,0
ENSDARG00000033046,0,0
ENSDARG00000033056,2,0
ENSDARG00000033071,3,0
ENSDARG00000033089,4,0
ENSDARG00000033099,5,2
ENSDARG00000033104,2,0
ENSDARG00000033126,5,1
ENSDARG00000033134,1,1
ENSDARG00000033138,4,0
ENSDARG00000033140,3,0
ENSDARG00000033144,2,1
ENSDARG00000033160,2,1
ENSDARG00000033161,4,1
ENSDARG00000033170,4,0
ENSDARG00000033171,5,1
ENSDARG00000033172,4,0
ENSDARG00000033175,1,1
ENSDARG00000033179,3,0
ENSDARG00000033184,0,0
ENSDARG00000033201,3,2
ENSDARG00000033227,3,2
ENSDARG00000033231,0,1
ENSDARG00000033234,3,1
ENSDARG00000033251,5,1
ENSDARG00000033259,5,1
ENSDARG00000033273,1,0
ENSDARG00000033285,0,1
ENSDARG00000033296,3,2
ENSDARG00000033307,3,2
ENSDARG00000033320,3,0
ENSDARG00000033327,4,0
ENSDARG00000033355,5,0
ENSDARG00000033361,0,0
ENSDARG00000033364,4,1
ENSDARG00000033367,1,1
ENSDARG00000033370,1,1
ENSDARG00000033380,2,1
ENSDARG00000033382,3,2
ENSDARG00000033411,2,0
ENSDARG00000033413,2,0
ENSDARG00000033436,0,2
ENSDARG00000033437,0,2
ENSDARG00000033440,4,1
ENSDARG00000033443,5,2
ENSDARG00000033444,3,0
ENSDARG00000033446,0,2
ENSDARG00000033447,3,0
ENSDARG00000033450,5,1
ENSDARG00000033451,5,1
ENSDARG00000033462,1,1
ENSDARG00000033489,0,1
ENSDARG00000033498,3,2
ENSDARG00000033501,4,1
ENSDARG00000033516,3,2
ENSDARG00000033533,2,1
ENSDARG00000033539,4,1
ENSDARG00000033544,2,1
ENSDARG00000033551,2,1
ENSDARG00000033566,0,0
ENSDARG00000033567,3,0
ENSDARG00000033579,5,-1
ENSDARG00000033587,3,0
ENSDARG00000033594,2,1
ENSDARG00000033596,1,1
ENSDARG00000033597,5,0
ENSDARG00000033599,3,1
ENSDARG00000033604,1,0
ENSDARG00000033609,4,1
ENSDARG00000033610,4,1
ENSDARG00000033614,5,1
ENSDARG00000033616,4,1
ENSDARG00000033635,2,0
ENSDARG00000033655,3,2
ENSDARG00000033662,5,1
ENSDARG00000033666,5,1
ENSDARG00000033683,4,1
ENSDARG00000033707,0,2
ENSDARG00000033726,3,2
ENSDARG00000033727,5,1
ENSDARG00000033735,2,0
ENSDARG00000033742,3,1
ENSDARG00000033754,5,0
ENSDARG00000033757,1,0
ENSDARG00000033760,3,1
ENSDARG00000033768,0,0
ENSDARG00000033771,5,2
ENSDARG00000033789,4,1
ENSDARG00000033802,2,1
ENSDARG00000033804,0,1
ENSDARG00000033832,2,0
ENSDARG00000033840,3,0
ENSDARG00000033845,3,2
ENSDARG00000033852,0,1
ENSDARG00000033854,3,2
ENSDARG00000033855,1,0
ENSDARG00000033861,0,0
ENSDARG00000033871,2,1
ENSDARG00000033889,0,2
ENSDARG00000033899,3,0
ENSDARG00000033901,0,1
ENSDARG00000033916,3,1
ENSDARG00000033928,4,1
ENSDARG00000033949,0,0
ENSDARG00000033950,4,0
ENSDARG00000033953,4,0
ENSDARG00000033955,2,0
ENSDARG00000033956,2,1
ENSDARG00000033957,0,0
ENSDARG00000033963,2,-1
ENSDARG00000033965,1,0
ENSDARG00000033967,1,1
ENSDARG00000033971,4,0
ENSDARG00000033973,1,0
ENSDARG00000033978,1,0
ENSDARG00000033987,5,1
ENSDARG00000033993,3,2
ENSDARG00000033999,5,0
ENSDARG00000034001,5,2
ENSDARG00000034007,2,1
ENSDARG00000034011,3,2
ENSDARG00000034013,4,1
ENSDARG00000034042,4,1
ENSDARG00000034043,4,0
ENSDARG00000034048,2,1
ENSDARG00000034056,1,0
ENSDARG00000034060,0,2
ENSDARG00000034063,4,0
ENSDARG00000034076,3,2
ENSDARG00000034080,0,1
ENSDARG00000034086,4,1
ENSDARG00000034093,4,2
ENSDARG00000034105,0,0
ENSDARG00000034107,2,1
ENSDARG00000034117,3,2
ENSDARG00000034138,5,0
ENSDARG00000034146,5,2
ENSDARG00000034160,5,2
ENSDARG00000034165,2,1
ENSDARG00000034168,3,2
ENSDARG00000034173,5,0
ENSDARG00000034174,3,1
ENSDARG00000034178,1,1
ENSDARG00000034181,2,1
ENSDARG00000034187,3,2
ENSDARG00000034189,5,2
ENSDARG00000034195,4,1
ENSDARG00000034207,0,0
ENSDARG00000034210,3,0
ENSDARG00000034211,4,1
ENSDARG00000034215,3,2
ENSDARG00000034222,4,1
ENSDARG00000034227,0,0
ENSDARG00000034229,2,1
ENSDARG00000034240,1,1
ENSDARG00000034256,1,0
ENSDARG00000034262,2,0
ENSDARG00000034268,4,0
ENSDARG00000034270,3,1
ENSDARG00000034291,4,1
ENSDARG00000034293,5,0
ENSDARG00000034300,3,2
ENSDARG00000034307,3,2
ENSDARG00000034309,4,1
ENSDARG00000034321,2,1
ENSDARG00000034326,1,1
ENSDARG00000034330,2,1
ENSDARG00000034344,4,0
ENSDARG00000034368,4,0
ENSDARG00000034375,4,1
ENSDARG00000034396,1,0
ENSDARG00000034403,4,2
ENSDARG00000034409,3,0
ENSDARG00000034420,2,1
ENSDARG00000034423,3,1
ENSDARG00000034424,2,1
ENSDARG00000034427,5,1
ENSDARG00000034430,4,0
ENSDARG00000034434,0,2
ENSDARG00000034443,0,0
ENSDARG00000034453,2,0
ENSDARG00000034457,4,1
ENSDARG00000034470,4,1
ENSDARG00000034473,5,1
ENSDARG00000034493,2,0
ENSDARG00000034497,5,2
ENSDARG00000034503,0,0
ENSDARG00000034504,3,2
ENSDARG00000034518,5,1
ENSDARG00000034522,3,0
ENSDARG00000034528,4,1
ENSDARG00000034534,3,0
ENSDARG00000034541,2,0
ENSDARG00000034555,0,1
ENSDARG00000034559,4,2
ENSDARG00000034568,4,2
ENSDARG00000034572,4,1
ENSDARG00000034588,2,0
ENSDARG00000034598,5,2
ENSDARG00000034600,5,0
ENSDARG00000034605,0,1
ENSDARG00000034610,5,0
ENSDARG00000034624,1,1
ENSDARG00000034643,4,0
ENSDARG00000034650,3,2
ENSDARG00000034667,2,0
ENSDARG00000034668,3,0
ENSDARG00000034670,4,1
ENSDARG00000034677,3,2
ENSDARG00000034685,0,2
ENSDARG00000034693,0,2
ENSDARG00000034700,4,1
ENSDARG00000034705,2,1
ENSDARG00000034707,3,2
ENSDARG00000034714,3,2
ENSDARG00000034717,3,1
ENSDARG00000034718,3,2
ENSDARG00000034734,5,0
ENSDARG00000034753,4,2
ENSDARG00000034757,2,1
ENSDARG00000034768,5,1
ENSDARG00000034771,1,0
ENSDARG00000034773,1,0
ENSDARG00000034777,4,0
ENSDARG00000034785,2,0
ENSDARG00000034801,2,0
ENSDARG00000034808,3,2
ENSDARG00000034817,3,2
ENSDARG00000034823,1,1
ENSDARG00000034825,0,0
ENSDARG00000034836,4,0
ENSDARG00000034852,4,0
ENSDARG00000034855,1,1
ENSDARG00000034862,3,2
ENSDARG00000034871,0,2
ENSDARG00000034883,0,0
ENSDARG00000034885,1,0
ENSDARG00000034893,5,1
ENSDARG00000034895,4,1
ENSDARG00000034896,4,0
ENSDARG00000034897,4,1
ENSDARG00000034907,2,1
ENSDARG00000034916,1,1
ENSDARG00000034930,2,1
ENSDARG00000034933,4,1
ENSDARG00000034940,2,0
ENSDARG00000034941,0,1
ENSDARG00000034956,5,2
ENSDARG00000034982,5,1
ENSDARG00000034988,3,2
ENSDARG00000034989,5,1
ENSDARG00000035005,4,1
ENSDARG00000035009,0,2
ENSDARG00000035018,0,0
ENSDARG00000035023,4,1
ENSDARG00000035028,0,0
ENSDARG00000035043,4,1
ENSDARG00000035048,3,-1
ENSDARG00000035054,1,1
ENSDARG00000035056,3,1
ENSDARG00000035066,1,1
ENSDARG00000035074,0,0
ENSDARG00000035080,0,1
ENSDARG00000035095,5,2
ENSDARG00000035116,1,0
ENSDARG00000035120,5,0
ENSDARG00000035127,2,0
ENSDARG00000035129,4,0
ENSDARG00000035133,0,1
ENSDARG00000035136,4,1
ENSDARG00000035137,2,1
ENSDARG00000035146,5,0
ENSDARG00000035147,1,1
ENSDARG00000035148,3,0
ENSDARG00000035149,0,2
ENSDARG00000035150,5,0
ENSDARG00000035151,1,1
ENSDARG00000035152,2,0
ENSDARG00000035161,4,0
ENSDARG00000035163,2,1
ENSDARG00000035167,2,0
ENSDARG00000035169,4,1
ENSDARG00000035171,0,0
ENSDARG00000035175,4,0
ENSDARG00000035181,2,0
ENSDARG00000035184,0,0
ENSDARG00000035185,3,0
ENSDARG00000035187,1,1
ENSDARG00000035188,3,2
ENSDARG00000035193,2,1
ENSDARG00000035214,2,-1
ENSDARG00000035221,5,0
ENSDARG00000035253,4,1
ENSDARG00000035256,3,2
ENSDARG00000035257,3,2
ENSDARG00000035264,1,1
ENSDARG00000035273,0,2
ENSDARG00000035282,5,1
ENSDARG00000035285,5,2
ENSDARG00000035290,4,0
ENSDARG00000035308,1,0
ENSDARG00000035309,3,2
ENSDARG00000035322,3,2
ENSDARG00000035324,1,1
ENSDARG00000035325,5,1
ENSDARG00000035326,0,1
ENSDARG00000035327,3,2
ENSDARG00000035330,5,1
ENSDARG00000035332,5,1
ENSDARG00000035333,1,1
ENSDARG00000035338,3,2
ENSDARG00000035339,0,0
ENSDARG00000035350,3,1
ENSDARG00000035352,3,1
ENSDARG00000035357,3,2
ENSDARG00000035360,0,2
ENSDARG00000035377,3,2
ENSDARG00000035388,2,1
ENSDARG00000035389,0,2
ENSDARG00000035391,1,0
ENSDARG00000035398,4,1
ENSDARG00000035399,3,1
ENSDARG00000035400,4,1
ENSDARG00000035406,5,2
ENSDARG00000035420,4,2
ENSDARG00000035422,3,2
ENSDARG00000035427,5,1
ENSDARG00000035434,0,2
ENSDARG00000035435,3,2
ENSDARG00000035438,3,2
ENSDARG00000035452,0,2
ENSDARG00000035458,2,1
ENSDARG00000035459,3,2
ENSDARG00000035468,0,2
ENSDARG00000035471,3,0
ENSDARG00000035505,5,2
ENSDARG00000035506,2,1
ENSDARG00000035507,5,1
ENSDARG00000035508,3,2
ENSDARG00000035515,0,0
ENSDARG00000035519,4,1
ENSDARG00000035532,0,1
ENSDARG00000035533,3,2
ENSDARG00000035535,0,0
ENSDARG00000035538,3,2
ENSDARG00000035540,5,1
ENSDARG00000035544,3,2
ENSDARG00000035549,3,0
ENSDARG00000035550,4,1
ENSDARG00000035552,3,1
ENSDARG00000035553,2,1
ENSDARG00000035555,3,2
ENSDARG00000035556,0,1
ENSDARG00000035557,0,1
ENSDARG00000035558,5,2
ENSDARG00000035559,1,0
ENSDARG00000035562,4,1
ENSDARG00000035565,0,0
ENSDARG00000035569,2,1
ENSDARG00000035570,5,2
ENSDARG00000035573,5,0
ENSDARG00000035577,2,0
ENSDARG00000035578,3,2
ENSDARG00000035579,3,0
ENSDARG00000035595,5,2
ENSDARG00000035596,1,1
ENSDARG00000035598,5,1
ENSDARG00000035601,4,0
ENSDARG00000035602,4,0
ENSDARG00000035603,4,0
ENSDARG00000035605,0,0
ENSDARG00000035606,2,1
ENSDARG00000035607,5,1
ENSDARG00000035608,1,1
ENSDARG00000035609,2,1
ENSDARG00000035610,3,1
ENSDARG00000035618,1,1
ENSDARG00000035625,5,1
ENSDARG00000035629,3,0
ENSDARG00000035630,0,0
ENSDARG00000035632,5,1
ENSDARG00000035633,0,0
ENSDARG00000035634,1,1
ENSDARG00000035648,3,0
ENSDARG00000035649,3,2
ENSDARG00000035650,3,0
ENSDARG00000035652,3,2
ENSDARG00000035655,3,2
ENSDARG00000035660,0,0
ENSDARG00000035663,3,0
ENSDARG00000035665,4,2
ENSDARG00000035676,0,1
ENSDARG00000035677,2,1
ENSDARG00000035678,5,2
ENSDARG00000035680,0,0
ENSDARG00000035682,2,0
ENSDARG00000035692,4,1
ENSDARG00000035695,3,2
ENSDARG00000035697,5,2
ENSDARG00000035699,5,0
ENSDARG00000035700,5,0
ENSDARG00000035706,1,0
ENSDARG00000035719,5,0
ENSDARG00000035732,2,0
ENSDARG00000035735,4,1
ENSDARG00000035741,3,0
ENSDARG00000035751,1,1
ENSDARG00000035763,1,1
ENSDARG00000035765,2,1
ENSDARG00000035771,5,1
ENSDARG00000035781,0,2
ENSDARG00000035796,4,1
ENSDARG00000035798,2,1
ENSDARG00000035808,2,0
ENSDARG00000035809,3,2
ENSDARG00000035819,0,2
ENSDARG00000035820,2,0
ENSDARG00000035821,5,2
ENSDARG00000035823,5,1
ENSDARG00000035832,2,1
ENSDARG00000035835,4,0
ENSDARG00000035837,3,0
ENSDARG00000035852,4,0
ENSDARG00000035853,5,1
ENSDARG00000035858,4,1
ENSDARG00000035859,4,1
ENSDARG00000035860,4,1
ENSDARG00000035861,2,1
ENSDARG00000035862,2,1
ENSDARG00000035868,0,0
ENSDARG00000035869,2,0
ENSDARG00000035870,0,0
ENSDARG00000035871,4,1
ENSDARG00000035872,0,0
ENSDARG00000035873,0,2
ENSDARG00000035875,2,1
ENSDARG00000035879,1,1
ENSDARG00000035880,3,0
ENSDARG00000035882,3,1
ENSDARG00000035883,2,1
ENSDARG00000035887,3,2
ENSDARG00000035890,5,0
ENSDARG00000035891,2,1
ENSDARG00000035895,3,2
ENSDARG00000035899,3,2
ENSDARG00000035904,4,1
ENSDARG00000035905,5,1
ENSDARG00000035907,4,0
ENSDARG00000035909,1,0
ENSDARG00000035910,1,0
ENSDARG00000035913,1,0
ENSDARG00000035914,4,1
ENSDARG00000035918,0,0
ENSDARG00000035942,4,1
ENSDARG00000035944,2,1
ENSDARG00000035949,4,1
ENSDARG00000035952,0,2
ENSDARG00000035954,5,1
ENSDARG00000035957,5,1
ENSDARG00000035958,4,1
ENSDARG00000035961,3,2
ENSDARG00000035963,5,1
ENSDARG00000035966,2,1
ENSDARG00000035970,4,0
ENSDARG00000035978,5,1
ENSDARG00000035984,4,0
ENSDARG00000035985,0,2
ENSDARG00000035986,5,2
ENSDARG00000035990,4,1
ENSDARG00000035993,1,0
ENSDARG00000036008,2,0
ENSDARG00000036031,3,2
ENSDARG00000036036,4,1
ENSDARG00000036038,0,0
ENSDARG00000036041,4,1
ENSDARG00000036043,1,0
ENSDARG00000036044,4,1
ENSDARG00000036045,3,2
ENSDARG00000036051,3,0
ENSDARG00000036055,5,2
ENSDARG00000036056,5,1
ENSDARG00000036057,0,0
ENSDARG00000036058,3,2
ENSDARG00000036059,3,2
ENSDARG00000036060,1,1
ENSDARG00000036061,1,0
ENSDARG00000036063,5,0
ENSDARG00000036064,0,0
ENSDARG00000036065,5,2
ENSDARG00000036066,2,0
ENSDARG00000036070,1,1
ENSDARG00000036071,1,1
ENSDARG00000036073,0,2
ENSDARG00000036076,1,1
ENSDARG00000036080,4,1
ENSDARG00000036084,2,1
ENSDARG00000036086,3,0
ENSDARG00000036090,1,0
ENSDARG00000036092,2,0
ENSDARG00000036094,4,1
ENSDARG00000036096,4,1
ENSDARG00000036100,5,2
ENSDARG00000036102,4,1
ENSDARG00000036104,0,2
ENSDARG00000036105,3,1
ENSDARG00000036106,2,1
ENSDARG00000036107,4,1
ENSDARG00000036116,3,1
ENSDARG00000036117,3,2
ENSDARG00000036125,2,1
ENSDARG00000036135,2,0
ENSDARG00000036136,5,1
ENSDARG00000036139,3,2
ENSDARG00000036140,2,1
ENSDARG00000036144,1,0
ENSDARG00000036155,0,2
ENSDARG00000036156,3,2
ENSDARG00000036158,1,0
ENSDARG00000036159,2,1
ENSDARG00000036161,1,1
ENSDARG00000036162,1,1
ENSDARG00000036168,3,2
ENSDARG00000036171,4,1
ENSDARG00000036179,3,2
ENSDARG00000036180,0,0
ENSDARG00000036186,2,1
ENSDARG00000036189,1,0
ENSDARG00000036190,1,0
ENSDARG00000036194,4,1
ENSDARG00000036212,0,1
ENSDARG00000036214,0,0
ENSDARG00000036215,5,0
ENSDARG00000036222,2,1
ENSDARG00000036227,3,2
ENSDARG00000036232,0,0
ENSDARG00000036235,0,2
ENSDARG00000036237,4,0
ENSDARG00000036239,4,0
ENSDARG00000036247,0,1
ENSDARG00000036252,4,0
ENSDARG00000036254,4,0
ENSDARG00000036257,1,0
ENSDARG00000036272,4,0
ENSDARG00000036281,0,2
ENSDARG00000036282,0,1
ENSDARG00000036291,0,0
ENSDARG00000036292,5,0
ENSDARG00000036293,0,1
ENSDARG00000036295,4,1
ENSDARG00000036298,4,1
ENSDARG00000036299,4,1
ENSDARG00000036304,1,0
ENSDARG00000036305,5,1
ENSDARG00000036308,0,2
ENSDARG00000036316,4,1
ENSDARG00000036329,4,0
ENSDARG00000036337,3,0
ENSDARG00000036338,2,0
ENSDARG00000036344,3,2
ENSDARG00000036345,0,0
ENSDARG00000036359,4,1
ENSDARG00000036371,4,1
ENSDARG00000036375,3,2
ENSDARG00000036376,2,1
ENSDARG00000036382,2,1
ENSDARG00000036383,2,0
ENSDARG00000036412,4,1
ENSDARG00000036414,4,0
ENSDARG00000036415,4,1
ENSDARG00000036420,0,2
ENSDARG00000036422,3,2
ENSDARG00000036424,3,2
ENSDARG00000036426,3,0
ENSDARG00000036427,4,1
ENSDARG00000036428,2,0
ENSDARG00000036430,2,0
ENSDARG00000036438,3,0
ENSDARG00000036442,0,2
ENSDARG00000036445,3,0
ENSDARG00000036446,3,2
ENSDARG00000036456,3,1
ENSDARG00000036457,3,2
ENSDARG00000036458,2,1
ENSDARG00000036460,2,1
ENSDARG00000036471,0,2
ENSDARG00000036473,1,0
ENSDARG00000036479,2,0
ENSDARG00000036481,3,0
ENSDARG00000036482,5,0
ENSDARG00000036483,3,2
ENSDARG00000036489,5,1
ENSDARG00000036493,0,2
ENSDARG00000036494,0,0
ENSDARG00000036500,5,1
ENSDARG00000036501,3,2
ENSDARG00000036505,3,2
ENSDARG00000036510,5,2
ENSDARG00000036541,3,1
ENSDARG00000036542,3,0
ENSDARG00000036545,2,1
ENSDARG00000036546,0,1
ENSDARG00000036549,2,1
ENSDARG00000036558,4,0
ENSDARG00000036560,2,1
ENSDARG00000036567,0,1
ENSDARG00000036569,0,0
ENSDARG00000036571,1,0
ENSDARG00000036575,3,0
ENSDARG00000036577,4,1
ENSDARG00000036584,3,2
ENSDARG00000036587,0,1
ENSDARG00000036588,2,1
ENSDARG00000036592,0,0
ENSDARG00000036613,2,0
ENSDARG00000036616,4,1
ENSDARG00000036619,3,2
ENSDARG00000036625,1,1
ENSDARG00000036626,2,0
ENSDARG00000036629,4,1
ENSDARG00000036630,4,1
ENSDARG00000036636,0,2
ENSDARG00000036637,4,0
ENSDARG00000036645,0,0
ENSDARG00000036650,2,0
ENSDARG00000036658,0,0
ENSDARG00000036671,3,2
ENSDARG00000036675,1,0
ENSDARG00000036678,5,1
ENSDARG00000036684,4,0
ENSDARG00000036685,1,0
ENSDARG00000036687,1,0
ENSDARG00000036695,3,0
ENSDARG00000036698,5,1
ENSDARG00000036700,4,1
ENSDARG00000036721,4,0
ENSDARG00000036722,2,0
ENSDARG00000036728,2,0
ENSDARG00000036743,1,0
ENSDARG00000036748,5,0
ENSDARG00000036754,4,1
ENSDARG00000036755,5,2
ENSDARG00000036767,2,1
ENSDARG00000036772,1,-1
ENSDARG00000036773,3,1
ENSDARG00000036775,0,0
ENSDARG00000036776,3,0
ENSDARG00000036781,1,0
ENSDARG00000036785,4,0
ENSDARG00000036787,2,1
ENSDARG00000036791,1,1
ENSDARG00000036793,5,2
ENSDARG00000036809,3,2
ENSDARG00000036811,4,1
ENSDARG00000036816,3,0
ENSDARG00000036818,5,1
ENSDARG00000036826,0,2
ENSDARG00000036830,3,2
ENSDARG00000036832,4,1
ENSDARG00000036840,3,2
ENSDARG00000036844,5,2
ENSDARG00000036846,2,1
ENSDARG00000036848,4,0
ENSDARG00000036852,0,2
ENSDARG00000036855,4,1
ENSDARG00000036863,0,2
ENSDARG00000036864,1,1
ENSDARG00000036865,5,0
ENSDARG00000036868,5,1
ENSDARG00000036869,3,0
ENSDARG00000036870,0,2
ENSDARG00000036875,4,1
ENSDARG00000036876,4,0
ENSDARG00000036878,2,1
ENSDARG00000036888,1,0
ENSDARG00000036893,4,2
ENSDARG00000036894,4,1
ENSDARG00000036897,5,0
ENSDARG00000036903,5,0
ENSDARG00000036911,0,2
ENSDARG00000036912,3,2
ENSDARG00000036913,3,2
ENSDARG00000036915,0,0
ENSDARG00000036924,0,1
ENSDARG00000036929,5,2
ENSDARG00000036930,4,1
ENSDARG00000036940,3,0
ENSDARG00000036942,4,0
ENSDARG00000036943,2,1
ENSDARG00000036944,2,0
ENSDARG00000036952,3,0
ENSDARG00000036956,5,1
ENSDARG00000036965,4,1
ENSDARG00000036966,0,0
ENSDARG00000036967,3,1
ENSDARG00000036974,1,0
ENSDARG00000036985,0,1
ENSDARG00000036987,5,0
ENSDARG00000036990,1,0
ENSDARG00000036993,2,0
ENSDARG00000036994,0,0
ENSDARG00000036998,3,1
ENSDARG00000036999,3,2
ENSDARG00000037000,4,0
ENSDARG00000037002,0,1
ENSDARG00000037008,2,0
ENSDARG00000037009,1,1
ENSDARG00000037017,1,0
ENSDARG00000037018,5,2
ENSDARG00000037020,3,0
ENSDARG00000037030,3,1
ENSDARG00000037038,4,0
ENSDARG00000037040,2,0
ENSDARG00000037042,3,2
ENSDARG00000037046,0,0
ENSDARG00000037056,3,2
ENSDARG00000037057,3,0
ENSDARG00000037059,4,0
ENSDARG00000037060,5,2
ENSDARG00000037061,1,0
ENSDARG00000037062,2,1
ENSDARG00000037064,0,1
ENSDARG00000037066,3,1
ENSDARG00000037067,2,0
ENSDARG00000037068,0,2
ENSDARG00000037069,1,1
ENSDARG00000037070,4,2
ENSDARG00000037071,4,0
ENSDARG00000037073,1,0
ENSDARG00000037091,0,0
ENSDARG00000037097,3,2
ENSDARG00000037099,0,2
ENSDARG00000037100,1,1
ENSDARG00000037108,4,1
ENSDARG00000037109,5,1
ENSDARG00000037116,4,1
ENSDARG00000037121,4,0
ENSDARG00000037122,3,0
ENSDARG00000037140,5,-1
ENSDARG00000037142,0,0
ENSDARG00000037144,3,2
ENSDARG00000037145,2,0
ENSDARG00000037153,4,1
ENSDARG00000037154,0,2
ENSDARG00000037155,2,0
ENSDARG00000037158,5,1
ENSDARG00000037159,2,1
ENSDARG00000037172,5,2
ENSDARG00000037174,4,2
ENSDARG00000037176,0,2
ENSDARG00000037177,1,0
ENSDARG00000037178,1,1
ENSDARG00000037186,4,1
ENSDARG00000037188,1,1
ENSDARG00000037191,2,1
ENSDARG00000037195,3,2
ENSDARG00000037196,3,2
ENSDARG00000037199,0,0
ENSDARG00000037229,1,1
ENSDARG00000037238,5,1
ENSDARG00000037244,5,0
ENSDARG00000037245,5,1
ENSDARG00000037246,1,1
ENSDARG00000037256,2,1
ENSDARG00000037259,3,0
ENSDARG00000037260,5,1
ENSDARG00000037261,5,1
ENSDARG00000037266,3,2
ENSDARG00000037267,4,0
ENSDARG00000037276,0,0
ENSDARG00000037278,4,1
ENSDARG00000037281,4,1
ENSDARG00000037283,5,2
ENSDARG00000037284,1,1
ENSDARG00000037285,3,2
ENSDARG00000037286,2,1
ENSDARG00000037291,5,1
ENSDARG00000037292,2,1
ENSDARG00000037309,5,2
ENSDARG00000037318,4,2
ENSDARG00000037320,0,2
ENSDARG00000037324,3,0
ENSDARG00000037334,5,1
ENSDARG00000037337,2,0
ENSDARG00000037350,4,0
ENSDARG00000037353,5,1
ENSDARG00000037358,5,1
ENSDARG00000037359,5,0
ENSDARG00000037361,4,1
ENSDARG00000037362,1,1
ENSDARG00000037363,3,0
ENSDARG00000037373,3,0
ENSDARG00000037378,4,0
ENSDARG00000037383,4,1
ENSDARG00000037390,2,1
ENSDARG00000037392,1,1
ENSDARG00000037393,5,0
ENSDARG00000037397,1,0
ENSDARG00000037402,3,1
ENSDARG00000037403,2,0
ENSDARG00000037405,0,0
ENSDARG00000037406,3,1
ENSDARG00000037408,2,1
ENSDARG00000037410,1,0
ENSDARG00000037411,2,0
ENSDARG00000037415,5,0
ENSDARG00000037421,2,1
ENSDARG00000037423,0,1
ENSDARG00000037425,2,1
ENSDARG00000037427,0,2
ENSDARG00000037429,1,1
ENSDARG00000037433,0,1
ENSDARG00000037455,3,2
ENSDARG00000037475,2,1
ENSDARG00000037476,0,2
ENSDARG00000037484,0,0
ENSDARG00000037487,2,1
ENSDARG00000037491,0,0
ENSDARG00000037496,2,1
ENSDARG00000037498,3,2
ENSDARG00000037501,4,1
ENSDARG00000037503,0,1
ENSDARG00000037506,1,-1
ENSDARG00000037507,2,0
ENSDARG00000037514,1,0
ENSDARG00000037517,5,1
ENSDARG00000037526,2,1
ENSDARG00000037527,2,1
ENSDARG00000037528,0,0
ENSDARG00000037532,0,1
ENSDARG00000037537,5,2
ENSDARG00000037539,4,1
ENSDARG00000037545,0,2
ENSDARG00000037550,3,2
ENSDARG00000037551,0,1
ENSDARG00000037553,0,0
ENSDARG00000037554,3,2
ENSDARG00000037555,4,0
ENSDARG00000037556,0,0
ENSDARG00000037558,4,0
ENSDARG00000037560,5,2
ENSDARG00000037570,5,0
ENSDARG00000037576,4,1
ENSDARG00000037587,2,0
ENSDARG00000037588,2,0
ENSDARG00000037589,0,1
ENSDARG00000037593,5,1
ENSDARG00000037598,2,1
ENSDARG00000037603,2,0
ENSDARG00000037607,3,0
ENSDARG00000037613,2,0
ENSDARG00000037618,0,0
ENSDARG00000037628,1,0
ENSDARG00000037633,0,1
ENSDARG00000037639,3,1
ENSDARG00000037645,0,0
ENSDARG00000037646,2,0
ENSDARG00000037647,3,0
ENSDARG00000037652,5,2
ENSDARG00000037654,4,1
ENSDARG00000037655,4,0
ENSDARG00000037675,1,1
ENSDARG00000037679,4,0
ENSDARG00000037691,3,1
ENSDARG00000037695,2,0
ENSDARG00000037706,5,2
ENSDARG00000037708,5,-1
ENSDARG00000037738,2,0
ENSDARG00000037739,5,1
ENSDARG00000037746,4,1
ENSDARG00000037747,2,0
ENSDARG00000037748,4,1
ENSDARG00000037758,5,0
ENSDARG00000037760,4,2
ENSDARG00000037773,0,2
ENSDARG00000037777,5,1
ENSDARG00000037782,0,2
ENSDARG00000037783,4,0
ENSDARG00000037789,3,2
ENSDARG00000037790,3,2
ENSDARG00000037794,2,1
ENSDARG00000037805,2,1
ENSDARG00000037810,2,0
ENSDARG00000037813,0,2
ENSDARG00000037833,0,2
ENSDARG00000037835,1,1
ENSDARG00000037836,2,1
ENSDARG00000037843,1,1
ENSDARG00000037845,4,1
ENSDARG00000037846,5,1
ENSDARG00000037852,5,1
ENSDARG00000037855,1,1
ENSDARG00000037859,2,0
ENSDARG00000037860,4,1
ENSDARG00000037861,0,2
ENSDARG00000037867,4,1
ENSDARG00000037871,0,1
ENSDARG00000037872,5,2
ENSDARG00000037873,2,1
ENSDARG00000037874,5,0
ENSDARG00000037879,4,1
ENSDARG00000037883,3,0
ENSDARG00000037889,3,2
ENSDARG00000037891,1,1
ENSDARG00000037892,1,1
ENSDARG00000037894,2,1
ENSDARG00000037895,4,0
ENSDARG00000037905,3,0
ENSDARG00000037906,2,0
ENSDARG00000037909,1,0
ENSDARG00000037913,1,0
ENSDARG00000037914,5,0
ENSDARG00000037916,2,0
ENSDARG00000037917,2,0
ENSDARG00000037919,5,1
ENSDARG00000037921,3,2
ENSDARG00000037924,5,1
ENSDARG00000037925,2,1
ENSDARG00000037928,5,2
ENSDARG00000037929,1,1
ENSDARG00000037930,1,1
ENSDARG00000037932,3,2
ENSDARG00000037935,0,0
ENSDARG00000037941,2,1
ENSDARG00000037943,5,2
ENSDARG00000037946,3,0
ENSDARG00000037954,2,1
ENSDARG00000037955,1,0
ENSDARG00000037958,5,1
ENSDARG00000037960,4,1
ENSDARG00000037961,4,2
ENSDARG00000037962,4,1
ENSDARG00000037963,4,1
ENSDARG00000037964,4,1
ENSDARG00000037965,1,1
ENSDARG00000037966,1,0
ENSDARG00000037967,0,0
ENSDARG00000037968,4,1
ENSDARG00000037980,1,1
ENSDARG00000037995,0,1
ENSDARG00000037997,4,1
ENSDARG00000037998,4,0
ENSDARG00000038000,5,1
ENSDARG00000038005,5,1
ENSDARG00000038006,3,2
ENSDARG00000038009,2,1
ENSDARG00000038012,0,2
ENSDARG00000038018,2,1
ENSDARG00000038024,5,2
ENSDARG00000038025,2,1
ENSDARG00000038027,5,0
ENSDARG00000038028,4,1
ENSDARG00000038030,1,0
ENSDARG00000038040,4,1
ENSDARG00000038052,2,1
ENSDARG00000038056,2,0
ENSDARG00000038059,0,1
ENSDARG00000038064,5,2
ENSDARG00000038066,1,0
ENSDARG00000038067,0,2
ENSDARG00000038069,0,2
ENSDARG00000038072,0,1
ENSDARG00000038074,1,1
ENSDARG00000038076,3,1
ENSDARG00000038089,2,1
ENSDARG00000038094,0,2
ENSDARG00000038095,2,1
ENSDARG00000038097,0,0
ENSDARG00000038099,1,0
ENSDARG00000038106,3,2
ENSDARG00000038107,3,2
ENSDARG00000038112,4,0
ENSDARG00000038113,5,2
ENSDARG00000038114,1,0
ENSDARG00000038116,0,2
ENSDARG00000038121,4,2
ENSDARG00000038123,3,2
ENSDARG00000038133,0,2
ENSDARG00000038139,4,0
ENSDARG00000038141,4,1
ENSDARG00000038147,4,1
ENSDARG00000038151,4,0
ENSDARG00000038153,3,2
ENSDARG00000038154,3,0
ENSDARG00000038156,5,1
ENSDARG00000038159,1,1
ENSDARG00000038166,2,0
ENSDARG00000038176,3,2
ENSDARG00000038185,2,1
ENSDARG00000038186,0,0
ENSDARG00000038191,4,2
ENSDARG00000038199,2,1
ENSDARG00000038205,4,0
ENSDARG00000038207,4,0
ENSDARG00000038213,3,1
ENSDARG00000038222,5,2
ENSDARG00000038225,5,1
ENSDARG00000038226,3,0
ENSDARG00000038228,1,1
ENSDARG00000038237,4,1
ENSDARG00000038239,5,2
ENSDARG00000038243,5,2
ENSDARG00000038248,4,1
ENSDARG00000038258,3,2
ENSDARG00000038270,0,0
ENSDARG00000038271,0,0
ENSDARG00000038278,3,2
ENSDARG00000038281,1,1
ENSDARG00000038283,2,0
ENSDARG00000038288,4,1
ENSDARG00000038290,5,1
ENSDARG00000038293,2,0
ENSDARG00000038296,2,1
ENSDARG00000038297,2,1
ENSDARG00000038300,5,2
ENSDARG00000038302,0,1
ENSDARG00000038305,5,0
ENSDARG00000038306,0,0
ENSDARG00000038309,1,0
ENSDARG00000038312,5,0
ENSDARG00000038321,2,1
ENSDARG00000038348,3,0
ENSDARG00000038352,2,1
ENSDARG00000038359,3,2
ENSDARG00000038360,5,1
ENSDARG00000038363,2,1
ENSDARG00000038378,2,1
ENSDARG00000038384,2,1
ENSDARG00000038386,4,1
ENSDARG00000038392,2,1
ENSDARG00000038397,5,0
ENSDARG00000038398,0,2
ENSDARG00000038405,4,1
ENSDARG00000038414,0,2
ENSDARG00000038422,0,2
ENSDARG00000038424,3,2
ENSDARG00000038428,1,1
ENSDARG00000038429,0,2
ENSDARG00000038432,3,1
ENSDARG00000038439,2,1
ENSDARG00000038442,0,0
ENSDARG00000038445,2,0
ENSDARG00000038446,4,0
ENSDARG00000038456,1,0
ENSDARG00000038465,3,2
ENSDARG00000038467,2,0
ENSDARG00000038473,0,2
ENSDARG00000038475,2,0
ENSDARG00000038476,0,0
ENSDARG00000038489,4,0
ENSDARG00000038500,0,0
ENSDARG00000038505,1,1
ENSDARG00000038508,2,0
ENSDARG00000038518,5,2
ENSDARG00000038524,3,1
ENSDARG00000038537,5,1
ENSDARG00000038541,3,2
ENSDARG00000038543,0,0
ENSDARG00000038553,2,1
ENSDARG00000038556,1,1
ENSDARG00000038559,4,1
ENSDARG00000038561,0,0
ENSDARG00000038563,1,0
ENSDARG00000038566,0,0
ENSDARG00000038567,5,1
ENSDARG00000038569,5,0
ENSDARG00000038570,0,1
ENSDARG00000038574,3,2
ENSDARG00000038576,1,1
ENSDARG00000038577,4,1
ENSDARG00000038583,3,2
ENSDARG00000038585,0,1
ENSDARG00000038587,2,1
ENSDARG00000038593,2,1
ENSDARG00000038608,3,2
ENSDARG00000038609,4,1
ENSDARG00000038612,1,0
ENSDARG00000038615,2,0
ENSDARG00000038618,2,0
ENSDARG00000038635,1,1
ENSDARG00000038639,0,1
ENSDARG00000038643,4,1
ENSDARG00000038646,2,1
ENSDARG00000038655,2,1
ENSDARG00000038658,3,2
ENSDARG00000038666,2,0
ENSDARG00000038667,0,1
ENSDARG00000038668,5,1
ENSDARG00000038669,0,2
ENSDARG00000038681,3,1
ENSDARG00000038682,4,0
ENSDARG00000038683,2,1
ENSDARG00000038686,0,1
ENSDARG00000038687,0,0
ENSDARG00000038693,2,0
ENSDARG00000038694,0,0
ENSDARG00000038695,1,1
ENSDARG00000038700,5,2
ENSDARG00000038703,4,1
ENSDARG00000038709,3,2
ENSDARG00000038713,5,0
ENSDARG00000038716,3,2
ENSDARG00000038720,0,0
ENSDARG00000038728,3,2
ENSDARG00000038729,3,2
ENSDARG00000038731,3,2
ENSDARG00000038737,4,2
ENSDARG00000038742,2,1
ENSDARG00000038754,0,1
ENSDARG00000038768,4,2
ENSDARG00000038770,2,1
ENSDARG00000038784,3,1
ENSDARG00000038785,1,0
ENSDARG00000038786,3,1
ENSDARG00000038788,4,0
ENSDARG00000038792,5,0
ENSDARG00000038793,4,2
ENSDARG00000038794,3,2
ENSDARG00000038801,0,0
ENSDARG00000038802,5,1
ENSDARG00000038805,4,2
ENSDARG00000038812,5,1
ENSDARG00000038814,2,1
ENSDARG00000038822,2,1
ENSDARG00000038826,3,0
ENSDARG00000038834,4,1
ENSDARG00000038835,4,1
ENSDARG00000038845,3,0
ENSDARG00000038847,1,0
ENSDARG00000038855,2,0
ENSDARG00000038858,2,0
ENSDARG00000038859,3,0
ENSDARG00000038862,2,1
ENSDARG00000038865,0,1
ENSDARG00000038866,3,1
ENSDARG00000038867,4,0
ENSDARG00000038868,4,1
ENSDARG00000038869,5,1
ENSDARG00000038870,5,2
ENSDARG00000038876,2,0
ENSDARG00000038878,4,1
ENSDARG00000038881,0,1
ENSDARG00000038882,5,1
ENSDARG00000038891,2,1
ENSDARG00000038894,2,0
ENSDARG00000038898,0,0
ENSDARG00000038901,2,0
ENSDARG00000038905,2,0
ENSDARG00000038910,2,0
ENSDARG00000038917,1,0
ENSDARG00000038918,2,1
ENSDARG00000038941,3,2
ENSDARG00000038954,5,2
ENSDARG00000038955,5,0
ENSDARG00000038956,2,1
ENSDARG00000038957,4,0
ENSDARG00000038964,0,0
ENSDARG00000038967,5,0
ENSDARG00000038969,3,2
ENSDARG00000038974,3,1
ENSDARG00000038976,0,2
ENSDARG00000038977,0,0
ENSDARG00000038978,3,2
ENSDARG00000038979,2,1
ENSDARG00000038981,3,2
ENSDARG00000038985,5,1
ENSDARG00000038987,5,0
ENSDARG00000038990,4,0
ENSDARG00000038996,3,2
ENSDARG00000039005,4,0
ENSDARG00000039007,3,1
ENSDARG00000039008,4,0
ENSDARG00000039020,5,1
ENSDARG00000039022,0,2
ENSDARG00000039034,4,1
ENSDARG00000039041,4,0
ENSDARG00000039051,3,2
ENSDARG00000039052,4,1
ENSDARG00000039062,2,0
ENSDARG00000039063,1,1
ENSDARG00000039064,3,2
ENSDARG00000039065,0,1
ENSDARG00000039066,4,1
ENSDARG00000039067,2,1
ENSDARG00000039069,1,0
ENSDARG00000039070,5,0
ENSDARG00000039077,3,0
ENSDARG00000039082,0,0
ENSDARG00000039093,3,0
ENSDARG00000039095,4,1
ENSDARG00000039096,5,2
ENSDARG00000039098,4,0
ENSDARG00000039099,3,2
ENSDARG00000039100,4,0
ENSDARG00000039108,4,0
ENSDARG00000039117,4,1
ENSDARG00000039123,2,0
ENSDARG00000039125,0,0
ENSDARG00000039130,0,0
ENSDARG00000039131,3,1
ENSDARG00000039133,4,1
ENSDARG00000039145,2,1
ENSDARG00000039150,0,1
ENSDARG00000039152,4,1
ENSDARG00000039162,1,1
ENSDARG00000039164,3,2
ENSDARG00000039173,4,0
ENSDARG00000039174,0,2
ENSDARG00000039181,0,2
ENSDARG00000039185,1,1
ENSDARG00000039196,4,1
ENSDARG00000039203,2,0
ENSDARG00000039208,5,1
ENSDARG00000039211,4,1
ENSDARG00000039213,5,2
ENSDARG00000039215,5,2
ENSDARG00000039217,0,0
ENSDARG00000039218,2,1
ENSDARG00000039220,2,1
ENSDARG00000039222,2,0
ENSDARG00000039225,5,2
ENSDARG00000039229,0,0
ENSDARG00000039234,2,0
ENSDARG00000039240,0,1
ENSDARG00000039241,0,2
ENSDARG00000039255,3,2
ENSDARG00000039256,3,2
ENSDARG00000039263,5,2
ENSDARG00000039264,2,1
ENSDARG00000039265,0,2
ENSDARG00000039266,3,0
ENSDARG00000039268,0,0
ENSDARG00000039270,0,2
ENSDARG00000039272,2,0
ENSDARG00000039273,3,0
ENSDARG00000039279,0,0
ENSDARG00000039299,5,1
ENSDARG00000039302,5,0
ENSDARG00000039304,4,1
ENSDARG00000039309,0,0
ENSDARG00000039310,2,0
ENSDARG00000039319,0,0
ENSDARG00000039325,0,2
ENSDARG00000039328,5,2
ENSDARG00000039335,0,2
ENSDARG00000039340,5,1
ENSDARG00000039343,0,1
ENSDARG00000039345,1,1
ENSDARG00000039346,4,1
ENSDARG00000039347,4,0
ENSDARG00000039349,2,1
ENSDARG00000039350,1,1
ENSDARG00000039351,2,1
ENSDARG00000039352,2,1
ENSDARG00000039354,5,1
ENSDARG00000039356,0,1
ENSDARG00000039363,0,0
ENSDARG00000039365,0,2
ENSDARG00000039373,4,1
ENSDARG00000039374,0,2
ENSDARG00000039378,5,1
ENSDARG00000039385,3,0
ENSDARG00000039390,4,1
ENSDARG00000039392,3,0
ENSDARG00000039393,2,1
ENSDARG00000039399,4,0
ENSDARG00000039400,5,0
ENSDARG00000039406,3,2
ENSDARG00000039412,4,0
ENSDARG00000039422,0,1
ENSDARG00000039423,2,1
ENSDARG00000039424,5,2
ENSDARG00000039429,4,2
ENSDARG00000039430,1,0
ENSDARG00000039434,2,0
ENSDARG00000039435,0,2
ENSDARG00000039436,0,0
ENSDARG00000039439,2,1
ENSDARG00000039443,1,1
ENSDARG00000039452,4,1
ENSDARG00000039453,4,1
ENSDARG00000039455,5,2
ENSDARG00000039456,4,1
ENSDARG00000039458,3,2
ENSDARG00000039459,0,2
ENSDARG00000039466,3,0
ENSDARG00000039477,3,2
ENSDARG00000039482,3,2
ENSDARG00000039483,4,0
ENSDARG00000039486,4,1
ENSDARG00000039489,0,2
ENSDARG00000039490,5,2
ENSDARG00000039493,4,1
ENSDARG00000039497,2,1
ENSDARG00000039499,4,1
ENSDARG00000039500,2,0
ENSDARG00000039501,3,2
ENSDARG00000039502,2,1
ENSDARG00000039512,5,2
ENSDARG00000039516,4,1
ENSDARG00000039517,3,2
ENSDARG00000039521,0,0
ENSDARG00000039522,3,2
ENSDARG00000039534,2,0
ENSDARG00000039535,3,2
ENSDARG00000039543,1,1
ENSDARG00000039563,3,0
ENSDARG00000039569,4,1
ENSDARG00000039576,4,0
ENSDARG00000039577,4,1
ENSDARG00000039578,1,1
ENSDARG00000039579,3,2
ENSDARG00000039601,5,1
ENSDARG00000039602,3,2
ENSDARG00000039605,4,0
ENSDARG00000039613,0,0
ENSDARG00000039615,3,2
ENSDARG00000039616,5,1
ENSDARG00000039626,2,1
ENSDARG00000039647,3,2
ENSDARG00000039649,4,1
ENSDARG00000039652,4,0
ENSDARG00000039657,5,0
ENSDARG00000039661,2,0
ENSDARG00000039687,5,0
ENSDARG00000039697,2,0
ENSDARG00000039699,3,0
ENSDARG00000039701,4,1
ENSDARG00000039719,1,1
ENSDARG00000039724,5,2
ENSDARG00000039726,3,2
ENSDARG00000039729,2,0
ENSDARG00000039730,2,1
ENSDARG00000039747,3,2
ENSDARG00000039750,5,2
ENSDARG00000039752,5,1
ENSDARG00000039754,5,1
ENSDARG00000039756,4,-1
ENSDARG00000039757,2,0
ENSDARG00000039770,1,1
ENSDARG00000039806,5,0
ENSDARG00000039824,3,0
ENSDARG00000039827,2,0
ENSDARG00000039828,0,1
ENSDARG00000039830,1,0
ENSDARG00000039832,4,1
ENSDARG00000039843,5,0
ENSDARG00000039851,5,2
ENSDARG00000039852,2,0
ENSDARG00000039863,3,2
ENSDARG00000039871,4,1
ENSDARG00000039872,1,0
ENSDARG00000039878,0,2
ENSDARG00000039880,1,0
ENSDARG00000039881,3,0
ENSDARG00000039882,3,0
ENSDARG00000039887,1,1
ENSDARG00000039888,5,0
ENSDARG00000039891,0,1
ENSDARG00000039892,0,2
ENSDARG00000039900,2,0
ENSDARG00000039901,2,1
ENSDARG00000039910,5,1
ENSDARG00000039913,1,0
ENSDARG00000039914,3,2
ENSDARG00000039915,5,0
ENSDARG00000039929,3,2
ENSDARG00000039931,0,1
ENSDARG00000039934,1,1
ENSDARG00000039935,3,2
ENSDARG00000039937,5,2
ENSDARG00000039943,1,1
ENSDARG00000039949,4,1
ENSDARG00000039951,3,2
ENSDARG00000039958,5,0
ENSDARG00000039959,3,2
ENSDARG00000039960,3,1
ENSDARG00000039963,3,1
ENSDARG00000039964,3,2
ENSDARG00000039966,0,1
ENSDARG00000039969,1,0
ENSDARG00000039970,5,1
ENSDARG00000039974,1,0
ENSDARG00000039979,0,0
ENSDARG00000039980,0,1
ENSDARG00000039987,3,2
ENSDARG00000039989,5,2
ENSDARG00000039996,0,0
ENSDARG00000039997,0,0
ENSDARG00000040001,3,0
ENSDARG00000040002,4,1
ENSDARG00000040005,0,1
ENSDARG00000040008,3,0
ENSDARG00000040021,0,1
ENSDARG00000040024,5,2
ENSDARG00000040027,4,0
ENSDARG00000040031,1,1
ENSDARG00000040033,5,1
ENSDARG00000040036,5,1
ENSDARG00000040039,0,0
ENSDARG00000040041,1,1
ENSDARG00000040045,4,1
ENSDARG00000040048,3,0
ENSDARG00000040059,0,0
ENSDARG00000040064,2,0
ENSDARG00000040065,3,0
ENSDARG00000040072,5,1
ENSDARG00000040076,4,0
ENSDARG00000040080,4,1
ENSDARG00000040081,0,1
ENSDARG00000040085,3,0
ENSDARG00000040087,4,2
ENSDARG00000040100,3,2
ENSDARG00000040110,1,1
ENSDARG00000040111,5,0
ENSDARG00000040116,3,2
ENSDARG00000040118,4,1
ENSDARG00000040123,2,0
ENSDARG00000040130,2,0
ENSDARG00000040131,0,2
ENSDARG00000040133,3,2
ENSDARG00000040135,2,1
ENSDARG00000040137,0,2
ENSDARG00000040141,5,0
ENSDARG00000040152,0,0
ENSDARG00000040156,3,0
ENSDARG00000040157,4,1
ENSDARG00000040158,1,0
ENSDARG00000040159,3,2
ENSDARG00000040162,4,1
ENSDARG00000040163,1,1
ENSDARG00000040177,2,1
ENSDARG00000040178,3,2
ENSDARG00000040179,0,0
ENSDARG00000040180,1,1
ENSDARG00000040184,1,1
ENSDARG00000040186,0,2
ENSDARG00000040192,1,1
ENSDARG00000040198,3,0
ENSDARG00000040200,5,2
ENSDARG00000040214,3,0
ENSDARG00000040224,5,1
ENSDARG00000040230,5,0
ENSDARG00000040237,4,2
ENSDARG00000040245,5,0
ENSDARG00000040246,3,0
ENSDARG00000040248,0,0
ENSDARG00000040249,5,2
ENSDARG00000040251,3,2
ENSDARG00000040252,2,1
ENSDARG00000040253,4,1
ENSDARG00000040254,1,0
ENSDARG00000040257,0,1
ENSDARG00000040258,3,2
ENSDARG00000040261,2,1
ENSDARG00000040265,4,2
ENSDARG00000040266,1,0
ENSDARG00000040274,2,0
ENSDARG00000040277,0,1
ENSDARG00000040278,2,0
ENSDARG00000040280,0,2
ENSDARG00000040284,5,1
ENSDARG00000040286,5,1
ENSDARG00000040287,4,1
ENSDARG00000040290,3,1
ENSDARG00000040291,3,2
ENSDARG00000040298,4,0
ENSDARG00000040300,5,2
ENSDARG00000040302,2,1
ENSDARG00000040303,5,2
ENSDARG00000040306,3,1
ENSDARG00000040310,5,2
ENSDARG00000040319,3,0
ENSDARG00000040321,4,0
ENSDARG00000040326,1,0
ENSDARG00000040332,0,0
ENSDARG00000040334,5,1
ENSDARG00000040350,5,1
ENSDARG00000040352,2,1
ENSDARG00000040358,3,2
ENSDARG00000040362,4,1
ENSDARG00000040374,4,1
ENSDARG00000040387,0,1
ENSDARG00000040396,1,0
ENSDARG00000040401,1,0
ENSDARG00000040427,2,1
ENSDARG00000040430,3,2
ENSDARG00000040439,4,1
ENSDARG00000040440,1,1
ENSDARG00000040442,1,0
ENSDARG00000040443,5,1
ENSDARG00000040445,5,2
ENSDARG00000040452,5,0
ENSDARG00000040453,0,2
ENSDARG00000040455,0,0
ENSDARG00000040463,2,0
ENSDARG00000040465,2,1
ENSDARG00000040466,2,1
ENSDARG00000040469,3,1
ENSDARG00000040474,4,0
ENSDARG00000040478,4,0
ENSDARG00000040479,2,1
ENSDARG00000040482,3,2
ENSDARG00000040485,3,0
ENSDARG00000040487,0,1
ENSDARG00000040490,0,1
ENSDARG00000040492,1,1
ENSDARG00000040497,2,1
ENSDARG00000040503,4,1
ENSDARG00000040505,5,1
ENSDARG00000040510,0,0
ENSDARG00000040513,0,0
ENSDARG00000040523,1,1
ENSDARG00000040526,4,1
ENSDARG00000040527,5,2
ENSDARG00000040528,2,1
ENSDARG00000040534,0,0
ENSDARG00000040535,3,2
ENSDARG00000040536,5,0
ENSDARG00000040538,0,0
ENSDARG00000040547,3,2
ENSDARG00000040553,0,1
ENSDARG00000040555,0,1
ENSDARG00000040556,4,1
ENSDARG00000040557,4,1
ENSDARG00000040559,1,0
ENSDARG00000040565,3,2
ENSDARG00000040566,0,1
ENSDARG00000040568,3,2
ENSDARG00000040571,0,2
ENSDARG00000040584,5,0
ENSDARG00000040594,2,1
ENSDARG00000040601,0,0
ENSDARG00000040607,5,2
ENSDARG00000040610,3,2
ENSDARG00000040614,1,0
ENSDARG00000040615,1,0
ENSDARG00000040620,1,0
ENSDARG00000040621,3,2
ENSDARG00000040623,3,2
ENSDARG00000040627,2,0
ENSDARG00000040632,2,0
ENSDARG00000040633,2,0
ENSDARG00000040635,0,1
ENSDARG00000040640,0,0
ENSDARG00000040644,3,0
ENSDARG00000040649,5,0
ENSDARG00000040650,1,0
ENSDARG00000040657,4,1
ENSDARG00000040668,4,1
ENSDARG00000040674,3,1
ENSDARG00000040678,1,0
ENSDARG00000040683,2,1
ENSDARG00000040684,3,2
ENSDARG00000040700,0,2
ENSDARG00000040701,0,1
ENSDARG00000040703,2,1
ENSDARG00000040705,3,0
ENSDARG00000040707,0,2
ENSDARG00000040712,3,1
ENSDARG00000040713,1,1
ENSDARG00000040717,0,1
ENSDARG00000040725,1,0
ENSDARG00000040727,2,0
ENSDARG00000040730,5,-1
ENSDARG00000040732,0,0
ENSDARG00000040735,5,1
ENSDARG00000040741,3,2
ENSDARG00000040747,2,1
ENSDARG00000040765,2,1
ENSDARG00000040777,4,0
ENSDARG00000040778,0,1
ENSDARG00000040781,2,1
ENSDARG00000040799,3,2
ENSDARG00000040803,0,0
ENSDARG00000040812,2,0
ENSDARG00000040815,5,0
ENSDARG00000040816,4,1
ENSDARG00000040822,4,1
ENSDARG00000040838,3,0
ENSDARG00000040841,2,0
ENSDARG00000040851,0,2
ENSDARG00000040853,0,1
ENSDARG00000040854,0,0
ENSDARG00000040861,0,0
ENSDARG00000040869,2,0
ENSDARG00000040874,1,1
ENSDARG00000040881,3,0
ENSDARG00000040898,2,1
ENSDARG00000040902,2,1
ENSDARG00000040907,3,2
ENSDARG00000040910,0,0
ENSDARG00000040911,2,0
ENSDARG00000040917,4,0
ENSDARG00000040920,4,1
ENSDARG00000040925,4,0
ENSDARG00000040926,4,2
ENSDARG00000040930,2,1
ENSDARG00000040938,4,0
ENSDARG00000040942,2,1
ENSDARG00000040944,4,0
ENSDARG00000040946,4,0
ENSDARG00000040948,2,1
ENSDARG00000040955,5,2
ENSDARG00000040959,1,0
ENSDARG00000040965,2,0
ENSDARG00000040966,0,2
ENSDARG00000040971,4,1
ENSDARG00000040982,0,0
ENSDARG00000040984,4,1
ENSDARG00000040985,3,1
ENSDARG00000040988,3,1
ENSDARG00000040990,0,0
ENSDARG00000040991,3,0
ENSDARG00000041005,2,-1
ENSDARG00000041006,4,0
ENSDARG00000041007,3,2
ENSDARG00000041011,1,0
ENSDARG00000041019,0,2
ENSDARG00000041024,2,1
ENSDARG00000041030,2,1
ENSDARG00000041032,0,0
ENSDARG00000041033,2,1
ENSDARG00000041034,4,0
ENSDARG00000041040,0,2
ENSDARG00000041041,3,0
ENSDARG00000041051,5,0
ENSDARG00000041060,2,1
ENSDARG00000041062,2,1
ENSDARG00000041065,1,1
ENSDARG00000041068,0,0
ENSDARG00000041071,3,2
ENSDARG00000041072,5,1
ENSDARG00000041073,2,0
ENSDARG00000041078,2,1
ENSDARG00000041081,1,1
ENSDARG00000041083,2,1
ENSDARG00000041086,2,0
ENSDARG00000041092,3,2
ENSDARG00000041098,3,2
ENSDARG00000041107,2,1
ENSDARG00000041108,4,1
ENSDARG00000041110,3,0
ENSDARG00000041113,1,0
ENSDARG00000041115,2,1
ENSDARG00000041117,3,2
ENSDARG00000041119,3,2
ENSDARG00000041133,4,1
ENSDARG00000041137,5,2
ENSDARG00000041140,5,2
ENSDARG00000041141,3,0
ENSDARG00000041145,0,2
ENSDARG00000041150,3,2
ENSDARG00000041155,5,2
ENSDARG00000041159,2,0
ENSDARG00000041165,2,1
ENSDARG00000041170,1,0
ENSDARG00000041171,3,1
ENSDARG00000041173,2,1
ENSDARG00000041179,2,1
ENSDARG00000041182,4,1
ENSDARG00000041199,4,1
ENSDARG00000041203,5,1
ENSDARG00000041205,2,1
ENSDARG00000041217,0,0
ENSDARG00000041223,1,0
ENSDARG00000041226,5,1
ENSDARG00000041232,4,1
ENSDARG00000041237,5,1
ENSDARG00000041239,5,2
ENSDARG00000041248,0,1
ENSDARG00000041252,5,2
ENSDARG00000041257,4,1
ENSDARG00000041292,0,0
ENSDARG00000041295,3,2
ENSDARG00000041299,1,1
ENSDARG00000041300,3,2
ENSDARG00000041301,4,0
ENSDARG00000041304,0,2
ENSDARG00000041306,1,1
ENSDARG00000041314,4,1
ENSDARG00000041317,4,1
ENSDARG00000041323,3,2
ENSDARG00000041339,4,0
ENSDARG00000041340,4,1
ENSDARG00000041348,2,0
ENSDARG00000041350,2,0
ENSDARG00000041358,2,1
ENSDARG00000041359,5,0
ENSDARG00000041361,1,0
ENSDARG00000041363,4,1
ENSDARG00000041372,4,1
ENSDARG00000041375,2,1
ENSDARG00000041376,4,1
ENSDARG00000041378,0,2
ENSDARG00000041379,2,1
ENSDARG00000041381,0,0
ENSDARG00000041382,2,1
ENSDARG00000041394,5,2
ENSDARG00000041397,4,1
ENSDARG00000041399,5,0
ENSDARG00000041400,4,1
ENSDARG00000041402,5,2
ENSDARG00000041407,2,0
ENSDARG00000041411,1,1
ENSDARG00000041413,2,1
ENSDARG00000041414,2,0
ENSDARG00000041417,3,0
ENSDARG00000041421,4,1
ENSDARG00000041428,0,0
ENSDARG00000041429,1,0
ENSDARG00000041431,2,1
ENSDARG00000041433,2,1
ENSDARG00000041435,4,1
ENSDARG00000041449,4,1
ENSDARG00000041454,2,-1
ENSDARG00000041462,1,1
ENSDARG00000041481,5,2
ENSDARG00000041483,2,0
ENSDARG00000041490,4,1
ENSDARG00000041492,2,1
ENSDARG00000041493,1,0
ENSDARG00000041502,3,0
ENSDARG00000041503,5,1
ENSDARG00000041505,4,1
ENSDARG00000041511,0,2
ENSDARG00000041515,2,1
ENSDARG00000041530,1,0
ENSDARG00000041533,5,2
ENSDARG00000041546,4,1
ENSDARG00000041550,3,0
ENSDARG00000041554,3,2
ENSDARG00000041560,0,1
ENSDARG00000041565,0,2
ENSDARG00000041569,4,1
ENSDARG00000041572,0,0
ENSDARG00000041575,1,1
ENSDARG00000041581,1,0
ENSDARG00000041586,1,0
ENSDARG00000041589,3,2
ENSDARG00000041592,3,2
ENSDARG00000041595,3,2
ENSDARG00000041599,2,1
ENSDARG00000041602,0,0
ENSDARG00000041607,5,2
ENSDARG00000041609,3,0
ENSDARG00000041616,4,0
ENSDARG00000041617,4,0
ENSDARG00000041619,4,0
ENSDARG00000041621,3,1
ENSDARG00000041623,0,0
ENSDARG00000041644,3,2
ENSDARG00000041645,4,0
ENSDARG00000041660,2,1
ENSDARG00000041665,0,0
ENSDARG00000041689,5,1
ENSDARG00000041699,0,1
ENSDARG00000041702,5,1
ENSDARG00000041703,1,0
ENSDARG00000041706,4,1
ENSDARG00000041708,5,0
ENSDARG00000041715,3,2
ENSDARG00000041720,4,1
ENSDARG00000041723,1,1
ENSDARG00000041728,0,2
ENSDARG00000041729,2,0
ENSDARG00000041734,0,2
ENSDARG00000041735,2,0
ENSDARG00000041747,3,2
ENSDARG00000041750,3,0
ENSDARG00000041776,4,1
ENSDARG00000041779,4,1
ENSDARG00000041787,2,1
ENSDARG00000041791,2,0
ENSDARG00000041792,5,2
ENSDARG00000041797,2,1
ENSDARG00000041799,3,0
ENSDARG00000041802,0,0
ENSDARG00000041811,4,1
ENSDARG00000041828,4,1
ENSDARG00000041830,5,1
ENSDARG00000041839,0,1
ENSDARG00000041853,5,0
ENSDARG00000041858,2,1
ENSDARG00000041864,3,2
ENSDARG00000041869,3,0
ENSDARG00000041870,1,0
ENSDARG00000041873,4,1
ENSDARG00000041875,4,1
ENSDARG00000041878,3,2
ENSDARG00000041887,5,1
ENSDARG00000041895,1,1
ENSDARG00000041904,5,1
ENSDARG00000041908,1,1
ENSDARG00000041910,3,2
ENSDARG00000041911,5,0
ENSDARG00000041915,3,0
ENSDARG00000041919,2,1
ENSDARG00000041921,1,0
ENSDARG00000041923,0,0
ENSDARG00000041925,3,2
ENSDARG00000041926,0,1
ENSDARG00000041944,5,1
ENSDARG00000041951,0,0
ENSDARG00000041952,4,1
ENSDARG00000041959,5,0
ENSDARG00000041960,2,1
ENSDARG00000041974,4,0
ENSDARG00000041976,4,1
ENSDARG00000041980,4,0
ENSDARG00000041982,4,0
ENSDARG00000041991,5,2
ENSDARG00000041998,3,2
ENSDARG00000042000,5,2
ENSDARG00000042004,1,1
ENSDARG00000042005,0,0
ENSDARG00000042010,3,2
ENSDARG00000042014,3,2
ENSDARG00000042018,3,2
ENSDARG00000042021,4,0
ENSDARG00000042025,5,1
ENSDARG00000042027,3,2
ENSDARG00000042030,4,1
ENSDARG00000042031,5,1
ENSDARG00000042032,4,2
ENSDARG00000042033,3,2
ENSDARG00000042041,3,2
ENSDARG00000042045,1,0
ENSDARG00000042055,4,0
ENSDARG00000042056,5,1
ENSDARG00000042057,5,1
ENSDARG00000042063,0,1
ENSDARG00000042065,5,0
ENSDARG00000042069,4,1
ENSDARG00000042087,1,0
ENSDARG00000042090,2,1
ENSDARG00000042091,2,0
ENSDARG00000042094,1,1
ENSDARG00000042106,4,1
ENSDARG00000042107,2,1
ENSDARG00000042112,2,1
ENSDARG00000042114,3,1
ENSDARG00000042115,3,0
ENSDARG00000042116,5,0
ENSDARG00000042120,0,0
ENSDARG00000042122,3,0
ENSDARG00000042123,5,1
ENSDARG00000042124,3,2
ENSDARG00000042126,4,2
ENSDARG00000042129,5,1
ENSDARG00000042130,5,1
ENSDARG00000042133,2,0
ENSDARG00000042138,2,0
ENSDARG00000042139,3,0
ENSDARG00000042141,2,0
ENSDARG00000042145,4,1
ENSDARG00000042147,5,1
ENSDARG00000042151,4,1
ENSDARG00000042157,4,1
ENSDARG00000042159,0,2
ENSDARG00000042172,3,2
ENSDARG00000042180,3,2
ENSDARG00000042182,4,1
ENSDARG00000042186,3,2
ENSDARG00000042187,5,1
ENSDARG00000042188,2,1
ENSDARG00000042189,2,1
ENSDARG00000042210,3,0
ENSDARG00000042213,0,0
ENSDARG00000042214,0,0
ENSDARG00000042215,0,0
ENSDARG00000042221,4,0
ENSDARG00000042232,0,2
ENSDARG00000042233,3,1
ENSDARG00000042245,4,1
ENSDARG00000042249,3,0
ENSDARG00000042252,1,1
ENSDARG00000042259,4,1
ENSDARG00000042261,1,1
ENSDARG00000042272,5,0
ENSDARG00000042277,4,1
ENSDARG00000042282,4,0
ENSDARG00000042285,0,1
ENSDARG00000042291,3,0
ENSDARG00000042293,2,0
ENSDARG00000042296,4,0
ENSDARG00000042308,5,2
ENSDARG00000042322,4,1
ENSDARG00000042329,0,2
ENSDARG00000042336,2,0
ENSDARG00000042337,5,0
ENSDARG00000042338,5,0
ENSDARG00000042341,0,0
ENSDARG00000042344,5,1
ENSDARG00000042345,4,1
ENSDARG00000042350,2,0
ENSDARG00000042357,2,1
ENSDARG00000042368,3,0
ENSDARG00000042370,3,2
ENSDARG00000042379,2,1
ENSDARG00000042383,2,1
ENSDARG00000042387,2,1
ENSDARG00000042390,2,1
ENSDARG00000042396,2,0
ENSDARG00000042401,0,0
ENSDARG00000042409,3,2
ENSDARG00000042410,2,0
ENSDARG00000042418,2,1
ENSDARG00000042428,3,1
ENSDARG00000042452,5,2
ENSDARG00000042456,5,2
ENSDARG00000042458,1,1
ENSDARG00000042467,5,2
ENSDARG00000042469,4,0
ENSDARG00000042470,3,0
ENSDARG00000042477,3,0
ENSDARG00000042484,1,1
ENSDARG00000042485,5,0
ENSDARG00000042489,1,0
ENSDARG00000042492,5,0
ENSDARG00000042496,0,2
ENSDARG00000042508,5,2
ENSDARG00000042509,1,0
ENSDARG00000042510,2,0
ENSDARG00000042513,4,1
ENSDARG00000042515,2,0
ENSDARG00000042518,0,2
ENSDARG00000042520,1,1
ENSDARG00000042521,4,0
ENSDARG00000042522,0,0
ENSDARG00000042525,4,0
ENSDARG00000042526,5,2
ENSDARG00000042527,5,1
ENSDARG00000042529,2,1
ENSDARG00000042530,1,1
ENSDARG00000042533,1,0
ENSDARG00000042535,4,0
ENSDARG00000042539,5,1
ENSDARG00000042544,5,0
ENSDARG00000042545,3,0
ENSDARG00000042548,2,1
ENSDARG00000042552,3,2
ENSDARG00000042555,0,0
ENSDARG00000042557,0,0
ENSDARG00000042559,4,1
ENSDARG00000042561,0,0
ENSDARG00000042562,2,1
ENSDARG00000042563,5,1
ENSDARG00000042566,4,1
ENSDARG00000042571,0,0
ENSDARG00000042577,5,2
ENSDARG00000042590,5,0
ENSDARG00000042608,0,0
ENSDARG00000042613,2,0
ENSDARG00000042616,3,2
ENSDARG00000042620,2,0
ENSDARG00000042621,2,1
ENSDARG00000042623,1,0
ENSDARG00000042630,5,2
ENSDARG00000042637,4,1
ENSDARG00000042642,5,1
ENSDARG00000042643,1,1
ENSDARG00000042644,3,1
ENSDARG00000042646,3,0
ENSDARG00000042652,1,1
ENSDARG00000042656,2,0
ENSDARG00000042659,1,0
ENSDARG00000042660,5,2
ENSDARG00000042661,2,1
ENSDARG00000042663,2,1
ENSDARG00000042667,2,1
ENSDARG00000042670,4,1
ENSDARG00000042671,1,1
ENSDARG00000042677,2,0
ENSDARG00000042683,5,0
ENSDARG00000042684,4,0
ENSDARG00000042688,5,1
ENSDARG00000042689,3,2
ENSDARG00000042690,4,1
ENSDARG00000042698,1,1
ENSDARG00000042703,3,1
ENSDARG00000042707,4,2
ENSDARG00000042708,4,1
ENSDARG00000042717,5,1
ENSDARG00000042722,4,0
ENSDARG00000042723,2,1
ENSDARG00000042724,5,0
ENSDARG00000042726,0,0
ENSDARG00000042727,0,0
ENSDARG00000042732,5,1
ENSDARG00000042737,2,1
ENSDARG00000042742,4,1
ENSDARG00000042747,0,0
ENSDARG00000042751,4,2
ENSDARG00000042752,2,0
ENSDARG00000042753,2,0
ENSDARG00000042759,4,1
ENSDARG00000042777,3,0
ENSDARG00000042780,4,0
ENSDARG00000042784,3,1
ENSDARG00000042791,5,1
ENSDARG00000042793,5,1
ENSDARG00000042803,2,0
ENSDARG00000042807,3,2
ENSDARG00000042810,3,0
ENSDARG00000042811,3,2
ENSDARG00000042815,3,2
ENSDARG00000042816,2,0
ENSDARG00000042821,5,2
ENSDARG00000042823,5,1
ENSDARG00000042824,3,2
ENSDARG00000042825,5,0
ENSDARG00000042826,2,1
ENSDARG00000042827,1,1
ENSDARG00000042829,2,0
ENSDARG00000042833,1,0
ENSDARG00000042835,4,0
ENSDARG00000042837,0,1
ENSDARG00000042839,4,1
ENSDARG00000042840,3,0
ENSDARG00000042845,2,1
ENSDARG00000042846,2,1
ENSDARG00000042848,2,0
ENSDARG00000042850,3,2
ENSDARG00000042851,5,0
ENSDARG00000042853,0,1
ENSDARG00000042856,5,0
ENSDARG00000042857,3,2
ENSDARG00000042859,0,1
ENSDARG00000042861,0,2
ENSDARG00000042864,1,1
ENSDARG00000042866,2,1
ENSDARG00000042872,3,2
ENSDARG00000042873,4,2
ENSDARG00000042874,4,1
ENSDARG00000042877,0,2
ENSDARG00000042880,3,2
ENSDARG00000042887,5,2
ENSDARG00000042899,5,0
ENSDARG00000042900,0,2
ENSDARG00000042902,0,2
ENSDARG00000042904,3,2
ENSDARG00000042905,4,1
ENSDARG00000042908,2,0
ENSDARG00000042920,2,1
ENSDARG00000042922,3,1
ENSDARG00000042925,3,0
ENSDARG00000042927,0,0
ENSDARG00000042929,0,0
ENSDARG00000042933,4,2
ENSDARG00000042934,4,1
ENSDARG00000042936,3,2
ENSDARG00000042937,4,0
ENSDARG00000042940,2,1
ENSDARG00000042946,0,2
ENSDARG00000042947,2,0
ENSDARG00000042948,0,1
ENSDARG00000042954,1,1
ENSDARG00000042956,2,1
ENSDARG00000042961,4,0
ENSDARG00000042969,5,2
ENSDARG00000042970,2,1
ENSDARG00000042972,0,1
ENSDARG00000042974,3,0
ENSDARG00000042975,3,0
ENSDARG00000042977,4,0
ENSDARG00000042982,2,1
ENSDARG00000042984,3,2
ENSDARG00000042988,2,1
ENSDARG00000042989,5,1
ENSDARG00000042990,5,1
ENSDARG00000042992,3,2
ENSDARG00000042993,2,1
ENSDARG00000042995,0,0
ENSDARG00000043002,0,1
ENSDARG00000043003,2,0
ENSDARG00000043004,5,1
ENSDARG00000043006,0,0
ENSDARG00000043009,3,2
ENSDARG00000043010,4,0
ENSDARG00000043011,1,1
ENSDARG00000043012,3,0
ENSDARG00000043019,2,0
ENSDARG00000043021,0,2
ENSDARG00000043026,2,0
ENSDARG00000043031,1,1
ENSDARG00000043035,3,2
ENSDARG00000043046,5,1
ENSDARG00000043055,0,0
ENSDARG00000043066,4,0
ENSDARG00000043074,3,2
ENSDARG00000043079,3,2
ENSDARG00000043081,0,0
ENSDARG00000043084,5,2
ENSDARG00000043085,1,1
ENSDARG00000043093,2,0
ENSDARG00000043094,0,2
ENSDARG00000043095,4,1
ENSDARG00000043102,3,2
ENSDARG00000043126,5,0
ENSDARG00000043130,3,2
ENSDARG00000043131,3,2
ENSDARG00000043134,1,0
ENSDARG00000043135,2,1
ENSDARG00000043137,1,1
ENSDARG00000043141,2,1
ENSDARG00000043142,2,-1
ENSDARG00000043148,3,1
ENSDARG00000043154,5,2
ENSDARG00000043157,4,0
ENSDARG00000043171,2,1
ENSDARG00000043175,2,1
ENSDARG00000043177,1,0
ENSDARG00000043179,0,0
ENSDARG00000043180,4,1
ENSDARG00000043182,4,0
ENSDARG00000043185,0,0
ENSDARG00000043196,3,2
ENSDARG00000043198,3,1
ENSDARG00000043209,5,0
ENSDARG00000043210,3,0
ENSDARG00000043211,0,1
ENSDARG00000043213,1,0
ENSDARG00000043220,5,2
ENSDARG00000043226,0,0
ENSDARG00000043232,3,2
ENSDARG00000043236,0,1
ENSDARG00000043238,5,0
ENSDARG00000043241,2,1
ENSDARG00000043242,4,1
ENSDARG00000043249,2,1
ENSDARG00000043250,0,0
ENSDARG00000043257,3,1
ENSDARG00000043260,0,0
ENSDARG00000043271,1,1
ENSDARG00000043275,0,1
ENSDARG00000043279,4,0
ENSDARG00000043281,5,2
ENSDARG00000043283,4,1
ENSDARG00000043285,5,1
ENSDARG00000043287,0,0
ENSDARG00000043288,0,0
ENSDARG00000043299,2,1
ENSDARG00000043301,5,0
ENSDARG00000043304,1,1
ENSDARG00000043307,4,2
ENSDARG00000043309,3,2
ENSDARG00000043313,3,2
ENSDARG00000043317,3,0
ENSDARG00000043322,4,1
ENSDARG00000043323,4,1
ENSDARG00000043328,0,2
ENSDARG00000043332,3,0
ENSDARG00000043334,5,2
ENSDARG00000043339,5,1
ENSDARG00000043341,2,1
ENSDARG00000043342,2,1
ENSDARG00000043359,0,0
ENSDARG00000043360,5,1
ENSDARG00000043361,4,1
ENSDARG00000043371,3,1
ENSDARG00000043388,3,2
ENSDARG00000043394,3,1
ENSDARG00000043395,4,2
ENSDARG00000043396,2,0
ENSDARG00000043402,1,1
ENSDARG00000043403,3,0
ENSDARG00000043404,0,1
ENSDARG00000043406,0,1
ENSDARG00000043410,2,0
ENSDARG00000043416,4,1
ENSDARG00000043417,3,0
ENSDARG00000043431,5,1
ENSDARG00000043436,3,2
ENSDARG00000043446,5,1
ENSDARG00000043448,3,2
ENSDARG00000043451,5,2
ENSDARG00000043453,4,1
ENSDARG00000043457,3,1
ENSDARG00000043460,2,1
ENSDARG00000043465,3,2
ENSDARG00000043466,2,1
ENSDARG00000043467,4,0
ENSDARG00000043468,2,1
ENSDARG00000043470,4,0
ENSDARG00000043474,3,0
ENSDARG00000043475,2,0
ENSDARG00000043479,1,1
ENSDARG00000043480,5,1
ENSDARG00000043482,4,0
ENSDARG00000043483,3,2
ENSDARG00000043484,5,1
ENSDARG00000043493,3,1
ENSDARG00000043497,3,1
ENSDARG00000043502,1,0
ENSDARG00000043509,4,0
ENSDARG00000043511,3,1
ENSDARG00000043514,3,2
ENSDARG00000043518,4,0
ENSDARG00000043527,5,1
ENSDARG00000043531,4,1
ENSDARG00000043536,5,2
ENSDARG00000043542,1,1
ENSDARG00000043548,0,0
ENSDARG00000043550,3,0
ENSDARG00000043553,0,2
ENSDARG00000043554,4,1
ENSDARG00000043557,2,1
ENSDARG00000043559,5,1
ENSDARG00000043566,5,2
ENSDARG00000043569,2,1
ENSDARG00000043571,5,2
ENSDARG00000043586,2,0
ENSDARG00000043587,2,1
ENSDARG00000043589,3,2
ENSDARG00000043593,0,2
ENSDARG00000043608,4,1
ENSDARG00000043624,0,2
ENSDARG00000043627,0,2
ENSDARG00000043631,5,1
ENSDARG00000043635,2,0
ENSDARG00000043640,5,1
ENSDARG00000043643,0,0
ENSDARG00000043644,5,1
ENSDARG00000043646,4,2
ENSDARG00000043648,2,1
ENSDARG00000043658,5,2
ENSDARG00000043661,2,0
ENSDARG00000043662,3,2
ENSDARG00000043663,5,2
ENSDARG00000043664,2,1
ENSDARG00000043666,5,0
ENSDARG00000043667,3,2
ENSDARG00000043673,2,1
ENSDARG00000043680,1,1
ENSDARG00000043684,0,1
ENSDARG00000043685,0,1
ENSDARG00000043687,5,2
ENSDARG00000043697,3,2
ENSDARG00000043701,3,2
ENSDARG00000043705,3,0
ENSDARG00000043710,5,0
ENSDARG00000043716,4,0
ENSDARG00000043719,3,2
ENSDARG00000043722,2,1
ENSDARG00000043727,1,0
ENSDARG00000043728,1,0
ENSDARG00000043729,2,1
ENSDARG00000043732,4,2
ENSDARG00000043734,0,2
ENSDARG00000043736,2,1
ENSDARG00000043740,0,0
ENSDARG00000043746,3,0
ENSDARG00000043757,2,1
ENSDARG00000043767,1,0
ENSDARG00000043768,2,1
ENSDARG00000043769,1,0
ENSDARG00000043770,2,1
ENSDARG00000043781,5,0
ENSDARG00000043792,2,1
ENSDARG00000043796,3,2
ENSDARG00000043797,5,2
ENSDARG00000043798,2,1
ENSDARG00000043799,0,2
ENSDARG00000043802,3,0
ENSDARG00000043806,2,0
ENSDARG00000043814,2,0
ENSDARG00000043816,0,0
ENSDARG00000043818,3,0
ENSDARG00000043820,2,1
ENSDARG00000043821,3,0
ENSDARG00000043835,3,1
ENSDARG00000043843,3,2
ENSDARG00000043847,2,0
ENSDARG00000043848,0,0
ENSDARG00000043850,2,1
ENSDARG00000043854,1,1
ENSDARG00000043856,4,1
ENSDARG00000043858,3,2
ENSDARG00000043864,3,2
ENSDARG00000043865,5,1
ENSDARG00000043877,0,0
ENSDARG00000043884,1,0
ENSDARG00000043894,2,0
ENSDARG00000043898,0,0
ENSDARG00000043899,2,0
ENSDARG00000043902,2,1
ENSDARG00000043904,2,0
ENSDARG00000043905,5,2
ENSDARG00000043907,2,1
ENSDARG00000043912,0,2
ENSDARG00000043918,2,1
ENSDARG00000043923,4,2
ENSDARG00000043928,4,0
ENSDARG00000043932,4,1
ENSDARG00000043933,2,1
ENSDARG00000043934,0,0
ENSDARG00000043938,5,2
ENSDARG00000043960,5,0
ENSDARG00000043962,4,0
ENSDARG00000043973,5,2
ENSDARG00000043976,1,1
ENSDARG00000043982,1,1
ENSDARG00000043986,1,1
ENSDARG00000044001,4,1
ENSDARG00000044002,1,0
ENSDARG00000044010,3,2
ENSDARG00000044011,5,1
ENSDARG00000044015,2,1
ENSDARG00000044016,0,0
ENSDARG00000044023,2,1
ENSDARG00000044034,2,0
ENSDARG00000044038,0,0
ENSDARG00000044039,0,0
ENSDARG00000044044,2,0
ENSDARG00000044047,2,0
ENSDARG00000044048,2,1
ENSDARG00000044053,3,2
ENSDARG00000044056,1,1
ENSDARG00000044059,5,0
ENSDARG00000044061,0,0
ENSDARG00000044062,2,0
ENSDARG00000044072,4,1
ENSDARG00000044073,4,2
ENSDARG00000044074,4,2
ENSDARG00000044083,0,2
ENSDARG00000044090,1,1
ENSDARG00000044091,3,2
ENSDARG00000044092,4,1
ENSDARG00000044093,4,1
ENSDARG00000044098,4,1
ENSDARG00000044102,1,1
ENSDARG00000044125,4,0
ENSDARG00000044129,2,1
ENSDARG00000044132,3,2
ENSDARG00000044134,1,0
ENSDARG00000044135,1,1
ENSDARG00000044136,0,1
ENSDARG00000044142,5,1
ENSDARG00000044143,5,2
ENSDARG00000044144,5,1
ENSDARG00000044153,4,0
ENSDARG00000044155,4,1
ENSDARG00000044161,2,0
ENSDARG00000044167,3,1
ENSDARG00000044169,4,0
ENSDARG00000044175,3,2
ENSDARG00000044179,0,0
ENSDARG00000044182,4,1
ENSDARG00000044183,3,0
ENSDARG00000044191,1,1
ENSDARG00000044194,4,1
ENSDARG00000044199,2,1
ENSDARG00000044203,5,1
ENSDARG00000044204,2,1
ENSDARG00000044216,3,0
ENSDARG00000044225,5,2
ENSDARG00000044235,4,1
ENSDARG00000044241,4,1
ENSDARG00000044246,3,0
ENSDARG00000044253,4,2
ENSDARG00000044254,3,1
ENSDARG00000044255,5,2
ENSDARG00000044261,4,1
ENSDARG00000044264,2,1
ENSDARG00000044265,0,2
ENSDARG00000044267,1,1
ENSDARG00000044276,2,1
ENSDARG00000044278,2,1
ENSDARG00000044279,2,0
ENSDARG00000044280,2,1
ENSDARG00000044281,0,2
ENSDARG00000044282,5,1
ENSDARG00000044290,5,1
ENSDARG00000044295,2,1
ENSDARG00000044298,0,0
ENSDARG00000044301,5,1
ENSDARG00000044304,5,2
ENSDARG00000044318,2,1
ENSDARG00000044319,3,0
ENSDARG00000044325,0,2
ENSDARG00000044326,0,0
ENSDARG00000044327,2,0
ENSDARG00000044332,1,1
ENSDARG00000044336,2,1
ENSDARG00000044337,2,1
ENSDARG00000044339,0,2
ENSDARG00000044343,2,0
ENSDARG00000044345,5,1
ENSDARG00000044355,5,0
ENSDARG00000044356,4,0
ENSDARG00000044357,1,1
ENSDARG00000044362,0,0
ENSDARG00000044365,3,2
ENSDARG00000044373,5,0
ENSDARG00000044375,3,2
ENSDARG00000044380,5,1
ENSDARG00000044381,0,2
ENSDARG00000044387,2,1
ENSDARG00000044402,5,0
ENSDARG00000044404,1,0
ENSDARG00000044405,1,1
ENSDARG00000044406,2,0
ENSDARG00000044414,2,0
ENSDARG00000044415,3,2
ENSDARG00000044417,1,0
ENSDARG00000044420,4,1
ENSDARG00000044422,5,1
ENSDARG00000044431,1,0
ENSDARG00000044433,2,0
ENSDARG00000044436,0,2
ENSDARG00000044437,1,1
ENSDARG00000044441,2,1
ENSDARG00000044457,3,2
ENSDARG00000044484,1,1
ENSDARG00000044485,5,2
ENSDARG00000044490,1,1
ENSDARG00000044491,5,1
ENSDARG00000044492,5,1
ENSDARG00000044501,2,1
ENSDARG00000044511,5,0
ENSDARG00000044512,3,2
ENSDARG00000044514,0,2
ENSDARG00000044521,4,2
ENSDARG00000044524,2,1
ENSDARG00000044525,0,2
ENSDARG00000044526,2,1
ENSDARG00000044528,2,1
ENSDARG00000044532,3,0
ENSDARG00000044534,2,1
ENSDARG00000044540,0,2
ENSDARG00000044541,3,1
ENSDARG00000044544,4,2
ENSDARG00000044549,3,1
ENSDARG00000044550,3,0
ENSDARG00000044551,2,0
ENSDARG00000044556,0,2
ENSDARG00000044561,4,0
ENSDARG00000044565,4,1
ENSDARG00000044566,2,1
ENSDARG00000044567,5,0
ENSDARG00000044569,3,2
ENSDARG00000044573,2,0
ENSDARG00000044574,4,2
ENSDARG00000044584,5,1
ENSDARG00000044588,4,1
ENSDARG00000044596,0,0
ENSDARG00000044597,5,2
ENSDARG00000044600,2,0
ENSDARG00000044601,0,0
ENSDARG00000044605,3,2
ENSDARG00000044612,2,1
ENSDARG00000044613,3,2
ENSDARG00000044615,4,1
ENSDARG00000044619,4,1
ENSDARG00000044622,5,2
ENSDARG00000044625,5,0
ENSDARG00000044626,0,1
ENSDARG00000044627,1,0
ENSDARG00000044628,1,1
ENSDARG00000044629,2,1
ENSDARG00000044632,2,0
ENSDARG00000044642,0,0
ENSDARG00000044655,2,0
ENSDARG00000044669,4,1
ENSDARG00000044672,0,2
ENSDARG00000044684,4,0
ENSDARG00000044688,5,0
ENSDARG00000044691,5,1
ENSDARG00000044692,5,1
ENSDARG00000044694,3,2
ENSDARG00000044695,3,2
ENSDARG00000044704,2,1
ENSDARG00000044718,2,0
ENSDARG00000044748,2,1
ENSDARG00000044751,4,2
ENSDARG00000044752,0,1
ENSDARG00000044753,0,0
ENSDARG00000044754,2,1
ENSDARG00000044755,4,1
ENSDARG00000044760,5,2
ENSDARG00000044766,0,0
ENSDARG00000044767,3,2
ENSDARG00000044769,3,2
ENSDARG00000044774,5,2
ENSDARG00000044775,2,1
ENSDARG00000044795,2,1
ENSDARG00000044797,4,2
ENSDARG00000044801,4,1
ENSDARG00000044808,3,0
ENSDARG00000044809,0,2
ENSDARG00000044811,5,0
ENSDARG00000044812,0,2
ENSDARG00000044813,4,1
ENSDARG00000044815,3,2
ENSDARG00000044820,5,1
ENSDARG00000044827,4,1
ENSDARG00000044852,0,1
ENSDARG00000044861,2,1
ENSDARG00000044862,2,1
ENSDARG00000044874,1,1
ENSDARG00000044875,2,1
ENSDARG00000044894,3,2
ENSDARG00000044895,3,2
ENSDARG00000044899,3,2
ENSDARG00000044900,2,1
ENSDARG00000044902,0,0
ENSDARG00000044914,2,0
ENSDARG00000044915,0,2
ENSDARG00000044923,2,1
ENSDARG00000044924,4,1
ENSDARG00000044925,4,0
ENSDARG00000044935,2,1
ENSDARG00000044938,5,1
ENSDARG00000044942,4,1
ENSDARG00000044943,0,2
ENSDARG00000044954,4,0
ENSDARG00000044956,0,0
ENSDARG00000044968,3,0
ENSDARG00000044972,1,0
ENSDARG00000044973,2,1
ENSDARG00000044975,3,2
ENSDARG00000044976,2,1
ENSDARG00000044980,0,2
ENSDARG00000044982,4,0
ENSDARG00000045003,3,2
ENSDARG00000045006,0,1
ENSDARG00000045011,0,1
ENSDARG00000045014,3,2
ENSDARG00000045015,2,1
ENSDARG00000045016,2,1
ENSDARG00000045017,4,1
ENSDARG00000045019,4,1
ENSDARG00000045023,3,1
ENSDARG00000045025,1,0
ENSDARG00000045027,5,2
ENSDARG00000045036,5,2
ENSDARG00000045038,2,0
ENSDARG00000045039,2,1
ENSDARG00000045051,0,1
ENSDARG00000045064,4,0
ENSDARG00000045065,0,1
ENSDARG00000045066,4,1
ENSDARG00000045067,1,1
ENSDARG00000045070,2,0
ENSDARG00000045071,3,2
ENSDARG00000045074,5,0
ENSDARG00000045075,5,1
ENSDARG00000045087,3,2
ENSDARG00000045089,3,2
ENSDARG00000045091,4,0
ENSDARG00000045092,1,0
ENSDARG00000045094,3,0
ENSDARG00000045095,0,0
ENSDARG00000045105,5,2
ENSDARG00000045123,4,1
ENSDARG00000045129,4,2
ENSDARG00000045130,0,2
ENSDARG00000045131,4,1
ENSDARG00000045137,3,2
ENSDARG00000045139,0,1
ENSDARG00000045141,3,1
ENSDARG00000045142,4,2
ENSDARG00000045143,3,2
ENSDARG00000045144,4,1
ENSDARG00000045145,2,1
ENSDARG00000045146,1,1
ENSDARG00000045147,0,0
ENSDARG00000045150,3,1
ENSDARG00000045155,1,1
ENSDARG00000045156,2,1
ENSDARG00000045157,1,1
ENSDARG00000045159,5,1
ENSDARG00000045160,5,1
ENSDARG00000045164,2,0
ENSDARG00000045166,5,0
ENSDARG00000045167,1,0
ENSDARG00000045172,5,1
ENSDARG00000045175,1,1
ENSDARG00000045180,2,1
ENSDARG00000045190,4,1
ENSDARG00000045200,4,1
ENSDARG00000045224,3,2
ENSDARG00000045228,0,1
ENSDARG00000045230,3,2
ENSDARG00000045248,1,1
ENSDARG00000045249,4,2
ENSDARG00000045254,5,1
ENSDARG00000045257,5,2
ENSDARG00000045262,4,2
ENSDARG00000045265,2,0
ENSDARG00000045268,3,0
ENSDARG00000045269,4,2
ENSDARG00000045273,3,2
ENSDARG00000045275,3,2
ENSDARG00000045277,0,1
ENSDARG00000045289,0,0
ENSDARG00000045294,5,2
ENSDARG00000045296,4,1
ENSDARG00000045297,3,0
ENSDARG00000045298,0,0
ENSDARG00000045299,3,0
ENSDARG00000045301,3,2
ENSDARG00000045302,4,1
ENSDARG00000045304,0,0
ENSDARG00000045305,1,0
ENSDARG00000045306,2,0
ENSDARG00000045308,5,1
ENSDARG00000045316,4,0
ENSDARG00000045331,5,0
ENSDARG00000045342,5,2
ENSDARG00000045343,0,2
ENSDARG00000045351,1,1
ENSDARG00000045352,4,1
ENSDARG00000045359,4,1
ENSDARG00000045360,0,2
ENSDARG00000045364,4,1
ENSDARG00000045367,4,0
ENSDARG00000045371,1,1
ENSDARG00000045372,5,0
ENSDARG00000045373,1,1
ENSDARG00000045378,0,0
ENSDARG00000045383,2,1
ENSDARG00000045391,2,1
ENSDARG00000045398,0,0
ENSDARG00000045399,4,1
ENSDARG00000045402,3,0
ENSDARG00000045408,2,1
ENSDARG00000045411,2,0
ENSDARG00000045413,3,2
ENSDARG00000045414,2,1
ENSDARG00000045420,0,0
ENSDARG00000045421,5,0
ENSDARG00000045422,0,2
ENSDARG00000045423,0,1
ENSDARG00000045424,0,1
ENSDARG00000045427,2,1
ENSDARG00000045437,1,0
ENSDARG00000045442,2,1
ENSDARG00000045443,2,0
ENSDARG00000045447,3,2
ENSDARG00000045453,4,1
ENSDARG00000045463,0,0
ENSDARG00000045481,0,2
ENSDARG00000045482,0,1
ENSDARG00000045483,3,2
ENSDARG00000045484,1,0
ENSDARG00000045485,4,0
ENSDARG00000045487,4,1
ENSDARG00000045490,4,1
ENSDARG00000045493,0,0
ENSDARG00000045513,1,0
ENSDARG00000045514,3,0
ENSDARG00000045515,5,1
ENSDARG00000045516,4,1
ENSDARG00000045517,4,1
ENSDARG00000045518,5,0
ENSDARG00000045519,3,2
ENSDARG00000045522,3,2
ENSDARG00000045524,3,2
ENSDARG00000045525,5,0
ENSDARG00000045527,4,1
ENSDARG00000045528,1,0
ENSDARG00000045530,2,0
ENSDARG00000045540,5,2
ENSDARG00000045541,5,1
ENSDARG00000045542,0,1
ENSDARG00000045543,4,1
ENSDARG00000045544,3,0
ENSDARG00000045548,2,0
ENSDARG00000045552,4,0
ENSDARG00000045553,5,0
ENSDARG00000045554,2,1
ENSDARG00000045556,3,0
ENSDARG00000045557,2,1
ENSDARG00000045560,2,1
ENSDARG00000045561,5,0
ENSDARG00000045562,0,0
ENSDARG00000045563,5,2
ENSDARG00000045565,5,0
ENSDARG00000045567,5,2
ENSDARG00000045568,2,0
ENSDARG00000045574,0,1
ENSDARG00000045580,3,2
ENSDARG00000045586,3,0
ENSDARG00000045589,2,1
ENSDARG00000045592,2,1
ENSDARG00000045594,3,2
ENSDARG00000045595,4,1
ENSDARG00000045596,4,1
ENSDARG00000045598,0,0
ENSDARG00000045601,0,1
ENSDARG00000045605,5,1
ENSDARG00000045606,0,0
ENSDARG00000045608,3,2
ENSDARG00000045611,0,1
ENSDARG00000045612,4,1
ENSDARG00000045618,3,0
ENSDARG00000045620,5,2
ENSDARG00000045626,1,0
ENSDARG00000045633,3,1
ENSDARG00000045634,4,2
ENSDARG00000045636,3,2
ENSDARG00000045638,2,1
ENSDARG00000045639,3,2
ENSDARG00000045641,1,0
ENSDARG00000045644,2,0
ENSDARG00000045658,3,0
ENSDARG00000045660,5,2
ENSDARG00000045661,0,0
ENSDARG00000045666,0,2
ENSDARG00000045669,4,1
ENSDARG00000045671,5,1
ENSDARG00000045672,2,0
ENSDARG00000045673,2,0
ENSDARG00000045675,3,0
ENSDARG00000045676,4,2
ENSDARG00000045677,2,1
ENSDARG00000045680,5,2
ENSDARG00000045681,0,0
ENSDARG00000045683,0,2
ENSDARG00000045685,2,1
ENSDARG00000045687,3,0
ENSDARG00000045691,5,1
ENSDARG00000045692,1,1
ENSDARG00000045695,4,0
ENSDARG00000045696,4,1
ENSDARG00000045704,2,0
ENSDARG00000045705,4,0
ENSDARG00000045708,3,2
ENSDARG00000045737,2,1
ENSDARG00000045747,3,0
ENSDARG00000045748,4,2
ENSDARG00000045750,2,1
ENSDARG00000045752,4,2
ENSDARG00000045753,4,2
ENSDARG00000045754,0,0
ENSDARG00000045755,5,0
ENSDARG00000045758,3,2
ENSDARG00000045760,2,0
ENSDARG00000045765,0,0
ENSDARG00000045768,4,1
ENSDARG00000045773,5,2
ENSDARG00000045776,1,1
ENSDARG00000045785,0,2
ENSDARG00000045788,3,2
ENSDARG00000045789,0,0
ENSDARG00000045790,0,0
ENSDARG00000045792,3,2
ENSDARG00000045797,4,1
ENSDARG00000045799,2,1
ENSDARG00000045802,3,2
ENSDARG00000045804,2,1
ENSDARG00000045808,2,0
ENSDARG00000045811,2,1
ENSDARG00000045814,3,0
ENSDARG00000045815,5,1
ENSDARG00000045822,3,2
ENSDARG00000045824,5,0
ENSDARG00000045827,4,1
ENSDARG00000045832,2,1
ENSDARG00000045836,4,1
ENSDARG00000045837,4,1
ENSDARG00000045842,0,0
ENSDARG00000045846,4,1
ENSDARG00000045847,5,1
ENSDARG00000045850,3,0
ENSDARG00000045851,4,1
ENSDARG00000045853,5,1
ENSDARG00000045854,2,1
ENSDARG00000045856,2,1
ENSDARG00000045857,5,2
ENSDARG00000045858,0,2
ENSDARG00000045863,2,1
ENSDARG00000045864,2,1
ENSDARG00000045870,0,0
ENSDARG00000045874,1,1
ENSDARG00000045877,5,0
ENSDARG00000045878,1,0
ENSDARG00000045885,5,2
ENSDARG00000045887,4,1
ENSDARG00000045888,3,0
ENSDARG00000045893,4,0
ENSDARG00000045900,0,2
ENSDARG00000045904,3,2
ENSDARG00000045909,4,0
ENSDARG00000045910,4,2
ENSDARG00000045911,3,1
ENSDARG00000045914,1,0
ENSDARG00000045926,3,2
ENSDARG00000045927,5,1
ENSDARG00000045928,4,1
ENSDARG00000045929,3,0
ENSDARG00000045930,3,0
ENSDARG00000045932,0,0
ENSDARG00000045936,4,0
ENSDARG00000045944,2,1
ENSDARG00000045945,3,2
ENSDARG00000045946,3,2
ENSDARG00000045947,3,2
ENSDARG00000045951,5,1
ENSDARG00000045955,4,1
ENSDARG00000045956,0,1
ENSDARG00000045957,2,0
ENSDARG00000045958,4,1
ENSDARG00000045959,2,0
ENSDARG00000045968,3,1
ENSDARG00000045978,2,0
ENSDARG00000045979,2,1
ENSDARG00000045982,5,0
ENSDARG00000045983,5,2
ENSDARG00000045989,4,1
ENSDARG00000046006,5,1
ENSDARG00000046007,3,2
ENSDARG00000046010,0,0
ENSDARG00000046012,4,0
ENSDARG00000046013,4,0
ENSDARG00000046014,2,1
ENSDARG00000046021,2,1
ENSDARG00000046024,5,2
ENSDARG00000046030,4,1
ENSDARG00000046053,5,2
ENSDARG00000046054,1,1
ENSDARG00000046071,5,2
ENSDARG00000046072,0,0
ENSDARG00000046074,1,0
ENSDARG00000046079,3,2
ENSDARG00000046081,4,2
ENSDARG00000046087,0,2
ENSDARG00000046090,1,0
ENSDARG00000046092,1,1
ENSDARG00000046098,4,1
ENSDARG00000046107,3,2
ENSDARG00000046132,3,0
ENSDARG00000046133,4,1
ENSDARG00000046140,5,0
ENSDARG00000046141,0,0
ENSDARG00000046142,2,1
ENSDARG00000046143,4,2
ENSDARG00000046150,3,2
ENSDARG00000046157,4,1
ENSDARG00000051710,3,2
ENSDARG00000051711,2,1
ENSDARG00000051712,2,1
ENSDARG00000051713,2,1
ENSDARG00000051718,5,0
ENSDARG00000051729,4,1
ENSDARG00000051730,2,1
ENSDARG00000051731,1,1
ENSDARG00000051735,5,0
ENSDARG00000051736,5,0
ENSDARG00000051737,5,0
ENSDARG00000051746,2,0
ENSDARG00000051748,3,0
ENSDARG00000051749,2,1
ENSDARG00000051754,0,2
ENSDARG00000051756,4,1
ENSDARG00000051760,5,1
ENSDARG00000051761,5,2
ENSDARG00000051762,4,1
ENSDARG00000051763,4,2
ENSDARG00000051768,0,2
ENSDARG00000051783,4,1
ENSDARG00000051785,5,2
ENSDARG00000051793,0,0
ENSDARG00000051795,4,0
ENSDARG00000051798,5,2
ENSDARG00000051804,2,1
ENSDARG00000051805,4,1
ENSDARG00000051809,5,2
ENSDARG00000051814,3,1
ENSDARG00000051819,2,1
ENSDARG00000051823,2,1
ENSDARG00000051824,3,2
ENSDARG00000051836,1,0
ENSDARG00000051851,5,1
ENSDARG00000051852,3,2
ENSDARG00000051854,5,2
ENSDARG00000051858,5,0
ENSDARG00000051861,4,1
ENSDARG00000051873,3,2
ENSDARG00000051874,3,0
ENSDARG00000051875,3,2
ENSDARG00000051876,2,1
ENSDARG00000051879,3,1
ENSDARG00000051880,3,2
ENSDARG00000051886,5,2
ENSDARG00000051888,0,0
ENSDARG00000051889,1,1
ENSDARG00000051890,5,0
ENSDARG00000051891,3,0
ENSDARG00000051892,2,1
ENSDARG00000051896,2,0
ENSDARG00000051899,3,0
ENSDARG00000051902,5,2
ENSDARG00000051912,3,2
ENSDARG00000051914,1,1
ENSDARG00000051915,0,2
ENSDARG00000051916,1,0
ENSDARG00000051920,0,1
ENSDARG00000051921,1,0
ENSDARG00000051923,5,1
ENSDARG00000051925,2,1
ENSDARG00000051926,2,0
ENSDARG00000051931,5,0
ENSDARG00000051934,0,2
ENSDARG00000051939,4,0
ENSDARG00000051940,2,0
ENSDARG00000051953,5,0
ENSDARG00000051955,3,0
ENSDARG00000051956,3,0
ENSDARG00000051957,4,1
ENSDARG00000051959,0,1
ENSDARG00000051962,3,2
ENSDARG00000051965,1,1
ENSDARG00000051970,0,1
ENSDARG00000051975,3,0
ENSDARG00000051981,2,0
ENSDARG00000051986,3,1
ENSDARG00000051989,3,2
ENSDARG00000052000,4,0
ENSDARG00000052010,1,1
ENSDARG00000052011,2,0
ENSDARG00000052012,2,1
ENSDARG00000052016,2,1
ENSDARG00000052019,4,1
ENSDARG00000052020,4,0
ENSDARG00000052025,5,1
ENSDARG00000052027,2,1
ENSDARG00000052030,4,2
ENSDARG00000052035,2,1
ENSDARG00000052037,2,0
ENSDARG00000052039,3,2
ENSDARG00000052045,4,0
ENSDARG00000052056,3,2
ENSDARG00000052057,2,1
ENSDARG00000052059,2,1
ENSDARG00000052061,4,0
ENSDARG00000052063,4,0
ENSDARG00000052064,2,0
ENSDARG00000052072,2,0
ENSDARG00000052073,0,0
ENSDARG00000052074,4,1
ENSDARG00000052082,3,0
ENSDARG00000052089,4,2
ENSDARG00000052091,0,2
ENSDARG00000052094,4,0
ENSDARG00000052097,5,0
ENSDARG00000052099,2,1
ENSDARG00000052109,0,0
ENSDARG00000052114,2,0
ENSDARG00000052118,3,2
ENSDARG00000052121,0,0
ENSDARG00000052122,2,0
ENSDARG00000052129,4,1
ENSDARG00000052131,4,0
ENSDARG00000052138,2,1
ENSDARG00000052139,4,1
ENSDARG00000052142,5,1
ENSDARG00000052148,4,0
ENSDARG00000052150,1,1
ENSDARG00000052154,4,1
ENSDARG00000052155,4,1
ENSDARG00000052157,4,1
ENSDARG00000052158,5,0
ENSDARG00000052164,0,2
ENSDARG00000052165,5,1
ENSDARG00000052170,5,-1
ENSDARG00000052176,2,1
ENSDARG00000052178,4,1
ENSDARG00000052182,1,0
ENSDARG00000052188,0,0
ENSDARG00000052190,5,1
ENSDARG00000052192,4,1
ENSDARG00000052207,3,2
ENSDARG00000052215,5,1
ENSDARG00000052222,5,0
ENSDARG00000052223,2,1
ENSDARG00000052242,3,0
ENSDARG00000052244,0,0
ENSDARG00000052247,5,1
ENSDARG00000052255,0,1
ENSDARG00000052271,3,2
ENSDARG00000052277,2,1
ENSDARG00000052288,2,1
ENSDARG00000052290,1,0
ENSDARG00000052296,1,1
ENSDARG00000052300,3,0
ENSDARG00000052304,4,1
ENSDARG00000052319,1,1
ENSDARG00000052322,4,1
ENSDARG00000052330,0,1
ENSDARG00000052331,3,0
ENSDARG00000052334,0,0
ENSDARG00000052336,3,2
ENSDARG00000052341,3,0
ENSDARG00000052344,1,1
ENSDARG00000052348,1,0
ENSDARG00000052351,5,2
ENSDARG00000052360,2,1
ENSDARG00000052361,3,2
ENSDARG00000052368,4,0
ENSDARG00000052371,4,2
ENSDARG00000052374,5,1
ENSDARG00000052375,5,2
ENSDARG00000052376,2,0
ENSDARG00000052377,1,1
ENSDARG00000052379,5,2
ENSDARG00000052386,5,2
ENSDARG00000052387,3,2
ENSDARG00000052388,0,1
ENSDARG00000052390,3,0
ENSDARG00000052396,0,0
ENSDARG00000052400,2,1
ENSDARG00000052402,1,1
ENSDARG00000052405,3,2
ENSDARG00000052408,5,2
ENSDARG00000052411,2,0
ENSDARG00000052413,4,0
ENSDARG00000052419,0,0
ENSDARG00000052423,0,0
ENSDARG00000052426,3,1
ENSDARG00000052427,0,2
ENSDARG00000052428,4,0
ENSDARG00000052429,0,2
ENSDARG00000052433,4,1
ENSDARG00000052435,4,1
ENSDARG00000052437,4,0
ENSDARG00000052450,3,2
ENSDARG00000052454,1,0
ENSDARG00000052455,0,0
ENSDARG00000052462,3,0
ENSDARG00000052470,4,1
ENSDARG00000052471,5,0
ENSDARG00000052480,5,0
ENSDARG00000052482,0,2
ENSDARG00000052494,4,1
ENSDARG00000052496,0,1
ENSDARG00000052497,3,2
ENSDARG00000052511,0,1
ENSDARG00000052512,0,0
ENSDARG00000052515,2,1
ENSDARG00000052518,5,1
ENSDARG00000052520,0,0
ENSDARG00000052522,0,2
ENSDARG00000052527,0,2
ENSDARG00000052528,2,1
ENSDARG00000052535,4,1
ENSDARG00000052536,1,0
ENSDARG00000052553,1,1
ENSDARG00000052556,4,0
ENSDARG00000052558,3,0
ENSDARG00000052565,5,0
ENSDARG00000052567,4,1
ENSDARG00000052575,0,1
ENSDARG00000052578,2,1
ENSDARG00000052594,4,1
ENSDARG00000052604,4,1
ENSDARG00000052609,5,0
ENSDARG00000052610,4,0
ENSDARG00000052615,2,1
ENSDARG00000052617,5,1
ENSDARG00000052618,0,2
ENSDARG00000052625,3,2
ENSDARG00000052626,2,1
ENSDARG00000052633,2,0
ENSDARG00000052642,2,1
ENSDARG00000052644,0,0
ENSDARG00000052646,4,1
ENSDARG00000052648,2,0
ENSDARG00000052649,1,0
ENSDARG00000052652,4,0
ENSDARG00000052654,2,0
ENSDARG00000052656,3,1
ENSDARG00000052658,1,0
ENSDARG00000052674,5,0
ENSDARG00000052677,1,1
ENSDARG00000052680,0,0
ENSDARG00000052690,4,1
ENSDARG00000052693,0,0
ENSDARG00000052695,4,1
ENSDARG00000052696,4,2
ENSDARG00000052697,0,0
ENSDARG00000052700,2,0
ENSDARG00000052701,0,0
ENSDARG00000052702,1,0
ENSDARG00000052703,5,1
ENSDARG00000052708,4,1
ENSDARG00000052712,4,1
ENSDARG00000052713,3,2
ENSDARG00000052721,5,1
ENSDARG00000052728,5,2
ENSDARG00000052731,5,0
ENSDARG00000052734,2,0
ENSDARG00000052739,4,2
ENSDARG00000052741,5,0
ENSDARG00000052746,4,1
ENSDARG00000052747,0,2
ENSDARG00000052748,1,1
ENSDARG00000052758,1,1
ENSDARG00000052764,3,0
ENSDARG00000052765,3,2
ENSDARG00000052766,0,2
ENSDARG00000052769,3,2
ENSDARG00000052775,2,1
ENSDARG00000052779,2,1
ENSDARG00000052782,2,1
ENSDARG00000052783,4,1
ENSDARG00000052787,2,0
ENSDARG00000052789,3,2
ENSDARG00000052816,1,1
ENSDARG00000052818,0,2
ENSDARG00000052826,3,0
ENSDARG00000052833,3,1
ENSDARG00000052840,4,0
ENSDARG00000052846,4,0
ENSDARG00000052851,0,2
ENSDARG00000052855,5,2
ENSDARG00000052856,1,1
ENSDARG00000052859,0,0
ENSDARG00000052866,0,2
ENSDARG00000052873,4,1
ENSDARG00000052876,5,0
ENSDARG00000052881,4,1
ENSDARG00000052894,1,0
ENSDARG00000052895,2,1
ENSDARG00000052897,0,2
ENSDARG00000052899,2,1
ENSDARG00000052900,2,1
ENSDARG00000052903,0,2
ENSDARG00000052905,2,1
ENSDARG00000052907,1,1
ENSDARG00000052910,5,0
ENSDARG00000052912,4,1
ENSDARG00000052917,3,2
ENSDARG00000052923,0,1
ENSDARG00000052928,1,1
ENSDARG00000052942,0,1
ENSDARG00000052948,2,1
ENSDARG00000052950,4,1
ENSDARG00000052954,5,0
ENSDARG00000052957,3,0
ENSDARG00000052958,3,0
ENSDARG00000052960,3,2
ENSDARG00000052978,0,2
ENSDARG00000052982,2,0
ENSDARG00000052988,2,0
ENSDARG00000052994,0,0
ENSDARG00000052997,4,1
ENSDARG00000053003,3,1
ENSDARG00000053005,2,1
ENSDARG00000053019,4,1
ENSDARG00000053021,5,0
ENSDARG00000053026,0,0
ENSDARG00000053036,5,0
ENSDARG00000053047,4,0
ENSDARG00000053058,4,1
ENSDARG00000053066,3,2
ENSDARG00000053068,2,1
ENSDARG00000053070,1,0
ENSDARG00000053074,2,1
ENSDARG00000053082,0,0
ENSDARG00000053087,0,1
ENSDARG00000053091,4,1
ENSDARG00000053097,5,2
ENSDARG00000053101,5,1
ENSDARG00000053104,4,1
ENSDARG00000053106,1,1
ENSDARG00000053110,3,2
ENSDARG00000053113,0,0
ENSDARG00000053114,2,-1
ENSDARG00000053119,0,2
ENSDARG00000053122,3,2
ENSDARG00000053124,2,1
ENSDARG00000053127,5,2
ENSDARG00000053129,1,1
ENSDARG00000053130,3,2
ENSDARG00000053131,5,0
ENSDARG00000053133,4,0
ENSDARG00000053135,5,2
ENSDARG00000053136,1,1
ENSDARG00000053138,1,0
ENSDARG00000053152,0,1
ENSDARG00000053155,5,1
ENSDARG00000053158,4,1
ENSDARG00000053159,4,1
ENSDARG00000053165,5,2
ENSDARG00000053166,0,0
ENSDARG00000053186,4,1
ENSDARG00000053190,3,2
ENSDARG00000053196,4,1
ENSDARG00000053200,5,2
ENSDARG00000053201,1,1
ENSDARG00000053204,4,0
ENSDARG00000053205,2,0
ENSDARG00000053209,4,1
ENSDARG00000053215,0,0
ENSDARG00000053217,4,1
ENSDARG00000053222,4,1
ENSDARG00000053232,3,1
ENSDARG00000053240,4,1
ENSDARG00000053241,0,2
ENSDARG00000053246,0,0
ENSDARG00000053248,3,1
ENSDARG00000053254,3,2
ENSDARG00000053260,0,2
ENSDARG00000053262,3,2
ENSDARG00000053263,5,2
ENSDARG00000053269,4,2
ENSDARG00000053272,2,1
ENSDARG00000053279,4,1
ENSDARG00000053291,5,0
ENSDARG00000053293,4,1
ENSDARG00000053298,4,0
ENSDARG00000053301,4,1
ENSDARG00000053311,0,2
ENSDARG00000053315,2,1
ENSDARG00000053318,5,1
ENSDARG00000053323,2,1
ENSDARG00000053326,0,2
ENSDARG00000053340,2,1
ENSDARG00000053344,2,0
ENSDARG00000053345,3,2
ENSDARG00000053358,3,2
ENSDARG00000053362,3,0
ENSDARG00000053364,3,2
ENSDARG00000053365,4,1
ENSDARG00000053366,2,1
ENSDARG00000053370,5,1
ENSDARG00000053375,3,2
ENSDARG00000053380,3,0
ENSDARG00000053381,4,1
ENSDARG00000053383,2,1
ENSDARG00000053386,0,2
ENSDARG00000053387,0,0
ENSDARG00000053389,0,2
ENSDARG00000053395,1,1
ENSDARG00000053404,1,0
ENSDARG00000053405,4,2
ENSDARG00000053424,2,1
ENSDARG00000053425,0,2
ENSDARG00000053431,3,1
ENSDARG00000053446,1,1
ENSDARG00000053447,0,0
ENSDARG00000053448,3,2
ENSDARG00000053449,3,0
ENSDARG00000053450,1,1
ENSDARG00000053452,5,1
ENSDARG00000053453,3,0
ENSDARG00000053454,2,1
ENSDARG00000053456,3,0
ENSDARG00000053457,4,1
ENSDARG00000053462,1,0
ENSDARG00000053463,1,0
ENSDARG00000053467,5,2
ENSDARG00000053468,0,1
ENSDARG00000053475,2,1
ENSDARG00000053479,4,2
ENSDARG00000053480,2,1
ENSDARG00000053481,2,1
ENSDARG00000053483,0,1
ENSDARG00000053484,4,0
ENSDARG00000053485,3,1
ENSDARG00000053487,2,1
ENSDARG00000053496,1,0
ENSDARG00000053498,2,1
ENSDARG00000053499,3,2
ENSDARG00000053500,3,0
ENSDARG00000053502,3,2
ENSDARG00000053505,5,1
ENSDARG00000053509,3,1
ENSDARG00000053512,2,1
ENSDARG00000053517,2,1
ENSDARG00000053518,0,1
ENSDARG00000053520,3,2
ENSDARG00000053526,2,1
ENSDARG00000053527,0,2
ENSDARG00000053528,3,2
ENSDARG00000053530,2,1
ENSDARG00000053542,4,0
ENSDARG00000053544,3,2
ENSDARG00000053547,3,1
ENSDARG00000053558,5,1
ENSDARG00000053559,3,2
ENSDARG00000053563,2,0
ENSDARG00000053568,0,0
ENSDARG00000053569,4,1
ENSDARG00000053571,3,0
ENSDARG00000053575,0,1
ENSDARG00000053580,2,0
ENSDARG00000053583,3,1
ENSDARG00000053609,4,1
ENSDARG00000053617,2,1
ENSDARG00000053619,1,0
ENSDARG00000053620,2,1
ENSDARG00000053624,2,0
ENSDARG00000053625,4,1
ENSDARG00000053630,2,0
ENSDARG00000053636,0,1
ENSDARG00000053644,3,0
ENSDARG00000053646,3,0
ENSDARG00000053648,2,0
ENSDARG00000053652,4,1
ENSDARG00000053656,1,1
ENSDARG00000053665,2,1
ENSDARG00000053666,4,1
ENSDARG00000053668,5,1
ENSDARG00000053685,0,0
ENSDARG00000053691,5,2
ENSDARG00000053695,5,2
ENSDARG00000053702,4,1
ENSDARG00000053708,2,1
ENSDARG00000053709,3,1
ENSDARG00000053711,2,0
ENSDARG00000053716,1,0
ENSDARG00000053724,3,2
ENSDARG00000053728,0,1
ENSDARG00000053731,2,1
ENSDARG00000053744,4,1
ENSDARG00000053746,2,1
ENSDARG00000053753,4,1
ENSDARG00000053761,2,1
ENSDARG00000053771,3,2
ENSDARG00000053773,4,1
ENSDARG00000053774,2,1
ENSDARG00000053779,2,1
ENSDARG00000053792,5,1
ENSDARG00000053802,2,1
ENSDARG00000053803,3,2
ENSDARG00000053804,3,0
ENSDARG00000053805,5,2
ENSDARG00000053810,5,1
ENSDARG00000053813,2,1
ENSDARG00000053817,0,0
ENSDARG00000053820,0,1
ENSDARG00000053828,2,0
ENSDARG00000053829,3,0
ENSDARG00000053831,3,2
ENSDARG00000053833,5,1
ENSDARG00000053835,4,2
ENSDARG00000053836,2,0
ENSDARG00000053840,0,1
ENSDARG00000053845,2,1
ENSDARG00000053853,2,0
ENSDARG00000053854,2,1
ENSDARG00000053857,4,1
ENSDARG00000053858,2,0
ENSDARG00000053859,3,1
ENSDARG00000053862,3,2
ENSDARG00000053864,0,2
ENSDARG00000053868,4,0
ENSDARG00000053875,3,2
ENSDARG00000053876,0,2
ENSDARG00000053877,0,1
ENSDARG00000053878,3,2
ENSDARG00000053884,1,0
ENSDARG00000053890,0,2
ENSDARG00000053896,5,0
ENSDARG00000053906,3,0
ENSDARG00000053912,5,0
ENSDARG00000053917,3,0
ENSDARG00000053918,5,2
ENSDARG00000053929,2,1
ENSDARG00000053931,3,2
ENSDARG00000053934,0,2
ENSDARG00000053938,3,2
ENSDARG00000053939,0,2
ENSDARG00000053940,2,0
ENSDARG00000053950,1,1
ENSDARG00000053953,3,1
ENSDARG00000053956,5,0
ENSDARG00000053959,0,2
ENSDARG00000053963,5,2
ENSDARG00000053966,0,1
ENSDARG00000053973,4,1
ENSDARG00000053979,5,2
ENSDARG00000053987,3,2
ENSDARG00000053990,1,1
ENSDARG00000053995,0,2
ENSDARG00000054003,2,0
ENSDARG00000054007,0,1
ENSDARG00000054010,5,2
ENSDARG00000054025,4,0
ENSDARG00000054026,4,0
ENSDARG00000054030,4,0
ENSDARG00000054031,4,1
ENSDARG00000054032,5,2
ENSDARG00000054033,4,0
ENSDARG00000054036,2,0
ENSDARG00000054048,0,0
ENSDARG00000054050,2,0
ENSDARG00000054054,4,1
ENSDARG00000054055,2,1
ENSDARG00000054058,3,2
ENSDARG00000054060,4,0
ENSDARG00000054063,5,1
ENSDARG00000054076,5,2
ENSDARG00000054087,0,0
ENSDARG00000054096,1,1
ENSDARG00000054103,1,1
ENSDARG00000054122,0,1
ENSDARG00000054124,2,1
ENSDARG00000054127,2,1
ENSDARG00000054128,5,0
ENSDARG00000054136,3,0
ENSDARG00000054137,2,0
ENSDARG00000054150,3,0
ENSDARG00000054152,3,2
ENSDARG00000054153,5,0
ENSDARG00000054154,5,0
ENSDARG00000054155,1,1
ENSDARG00000054160,0,0
ENSDARG00000054164,4,1
ENSDARG00000054170,3,0
ENSDARG00000054172,5,0
ENSDARG00000054177,2,0
ENSDARG00000054181,2,0
ENSDARG00000054184,2,0
ENSDARG00000054186,2,0
ENSDARG00000054191,3,0
ENSDARG00000054196,0,0
ENSDARG00000054199,0,2
ENSDARG00000054201,1,1
ENSDARG00000054202,4,0
ENSDARG00000054203,2,1
ENSDARG00000054207,2,0
ENSDARG00000054208,0,0
ENSDARG00000054211,0,1
ENSDARG00000054213,5,0
ENSDARG00000054218,5,0
ENSDARG00000054220,4,1
ENSDARG00000054222,2,0
ENSDARG00000054224,5,2
ENSDARG00000054239,2,1
ENSDARG00000054250,2,0
ENSDARG00000054251,2,0
ENSDARG00000054252,1,1
ENSDARG00000054253,3,2
ENSDARG00000054254,1,1
ENSDARG00000054255,4,0
ENSDARG00000054259,5,0
ENSDARG00000054261,1,1
ENSDARG00000054264,1,0
ENSDARG00000054271,3,0
ENSDARG00000054272,5,1
ENSDARG00000054288,2,0
ENSDARG00000054290,1,0
ENSDARG00000054292,1,0
ENSDARG00000054300,2,1
ENSDARG00000054301,5,1
ENSDARG00000054302,0,1
ENSDARG00000054304,1,0
ENSDARG00000054307,5,2
ENSDARG00000054312,0,0
ENSDARG00000054313,0,1
ENSDARG00000054318,4,0
ENSDARG00000054319,4,1
ENSDARG00000054320,3,1
ENSDARG00000054321,3,2
ENSDARG00000054323,0,1
ENSDARG00000054324,2,1
ENSDARG00000054331,2,1
ENSDARG00000054332,2,1
ENSDARG00000054334,5,2
ENSDARG00000054337,0,2
ENSDARG00000054340,3,1
ENSDARG00000054343,2,1
ENSDARG00000054344,5,1
ENSDARG00000054374,0,0
ENSDARG00000054378,3,0
ENSDARG00000054389,4,0
ENSDARG00000054414,4,1
ENSDARG00000054418,4,1
ENSDARG00000054420,4,1
ENSDARG00000054423,5,2
ENSDARG00000054438,4,1
ENSDARG00000054442,4,1
ENSDARG00000054446,1,0
ENSDARG00000054447,4,1
ENSDARG00000054448,4,0
ENSDARG00000054451,3,2
ENSDARG00000054454,4,0
ENSDARG00000054456,3,1
ENSDARG00000054458,5,1
ENSDARG00000054473,1,0
ENSDARG00000054510,3,0
ENSDARG00000054530,1,1
ENSDARG00000054533,5,0
ENSDARG00000054537,3,2
ENSDARG00000054539,0,0
ENSDARG00000054540,1,1
ENSDARG00000054542,2,1
ENSDARG00000054543,3,2
ENSDARG00000054548,2,0
ENSDARG00000054560,4,0
ENSDARG00000054562,4,0
ENSDARG00000054572,2,0
ENSDARG00000054574,1,1
ENSDARG00000054575,3,2
ENSDARG00000054578,3,0
ENSDARG00000054583,5,2
ENSDARG00000054584,3,2
ENSDARG00000054588,2,1
ENSDARG00000054597,2,0
ENSDARG00000054609,2,0
ENSDARG00000054610,3,0
ENSDARG00000054616,4,0
ENSDARG00000054619,4,0
ENSDARG00000054632,4,0
ENSDARG00000054641,2,1
ENSDARG00000054645,4,0
ENSDARG00000054655,2,1
ENSDARG00000054658,2,0
ENSDARG00000054666,5,2
ENSDARG00000054667,2,1
ENSDARG00000054680,2,1
ENSDARG00000054683,3,2
ENSDARG00000054696,1,1
ENSDARG00000054700,2,1
ENSDARG00000054707,5,2
ENSDARG00000054718,3,-1
ENSDARG00000054719,2,-1
ENSDARG00000054720,3,-1
ENSDARG00000054723,3,2
ENSDARG00000054734,3,2
ENSDARG00000054741,0,2
ENSDARG00000054744,2,1
ENSDARG00000054746,5,2
ENSDARG00000054748,5,1
ENSDARG00000054749,3,2
ENSDARG00000054753,2,1
ENSDARG00000054754,3,0
ENSDARG00000054755,3,1
ENSDARG00000054771,3,0
ENSDARG00000054777,0,0
ENSDARG00000054778,5,2
ENSDARG00000054786,0,1
ENSDARG00000054789,0,0
ENSDARG00000054793,3,0
ENSDARG00000054794,3,2
ENSDARG00000054797,2,1
ENSDARG00000054799,1,0
ENSDARG00000054804,5,0
ENSDARG00000054805,0,1
ENSDARG00000054814,1,1
ENSDARG00000054818,4,1
ENSDARG00000054821,2,1
ENSDARG00000054827,0,2
ENSDARG00000054829,3,0
ENSDARG00000054833,5,1
ENSDARG00000054835,0,2
ENSDARG00000054837,4,0
ENSDARG00000054846,4,1
ENSDARG00000054847,4,1
ENSDARG00000054848,3,2
ENSDARG00000054849,5,1
ENSDARG00000054856,4,2
ENSDARG00000054858,0,2
ENSDARG00000054864,0,2
ENSDARG00000054867,2,1
ENSDARG00000054874,0,1
ENSDARG00000054878,4,1
ENSDARG00000054879,4,0
ENSDARG00000054882,3,2
ENSDARG00000054890,3,2
ENSDARG00000054898,2,1
ENSDARG00000054903,5,1
ENSDARG00000054906,4,1
ENSDARG00000054911,4,1
ENSDARG00000054914,0,2
ENSDARG00000054916,5,0
ENSDARG00000054929,1,1
ENSDARG00000054930,0,2
ENSDARG00000054931,3,1
ENSDARG00000054934,0,2
ENSDARG00000054937,0,0
ENSDARG00000054941,0,0
ENSDARG00000054942,3,2
ENSDARG00000054949,0,2
ENSDARG00000054957,5,2
ENSDARG00000054963,1,0
ENSDARG00000054968,3,2
ENSDARG00000054973,0,0
ENSDARG00000054975,5,2
ENSDARG00000054978,0,0
ENSDARG00000054980,1,1
ENSDARG00000054984,3,1
ENSDARG00000055009,3,2
ENSDARG00000055011,0,1
ENSDARG00000055014,2,1
ENSDARG00000055022,5,2
ENSDARG00000055026,4,1
ENSDARG00000055027,5,2
ENSDARG00000055036,4,1
ENSDARG00000055045,4,1
ENSDARG00000055052,3,0
ENSDARG00000055053,2,1
ENSDARG00000055054,3,2
ENSDARG00000055064,4,1
ENSDARG00000055066,0,0
ENSDARG00000055070,0,1
ENSDARG00000055075,3,0
ENSDARG00000055076,1,1
ENSDARG00000055078,0,2
ENSDARG00000055080,5,0
ENSDARG00000055086,0,0
ENSDARG00000055092,3,0
ENSDARG00000055093,3,2
ENSDARG00000055099,3,2
ENSDARG00000055100,4,1
ENSDARG00000055106,4,1
ENSDARG00000055108,0,1
ENSDARG00000055113,5,2
ENSDARG00000055115,0,2
ENSDARG00000055118,2,0
ENSDARG00000055120,5,1
ENSDARG00000055123,2,0
ENSDARG00000055128,4,1
ENSDARG00000055129,0,0
ENSDARG00000055132,3,2
ENSDARG00000055133,1,1
ENSDARG00000055136,3,2
ENSDARG00000055138,2,1
ENSDARG00000055151,4,2
ENSDARG00000055154,2,0
ENSDARG00000055158,3,2
ENSDARG00000055159,3,2
ENSDARG00000055160,4,1
ENSDARG00000055162,5,2
ENSDARG00000055163,0,0
ENSDARG00000055172,2,1
ENSDARG00000055175,2,1
ENSDARG00000055177,2,0
ENSDARG00000055185,2,1
ENSDARG00000055186,2,1
ENSDARG00000055190,2,0
ENSDARG00000055192,2,1
ENSDARG00000055206,3,2
ENSDARG00000055216,4,1
ENSDARG00000055223,3,1
ENSDARG00000055225,0,0
ENSDARG00000055226,4,0
ENSDARG00000055229,4,0
ENSDARG00000055232,0,2
ENSDARG00000055238,0,0
ENSDARG00000055240,2,0
ENSDARG00000055250,0,1
ENSDARG00000055252,3,2
ENSDARG00000055253,2,1
ENSDARG00000055255,2,0
ENSDARG00000055270,0,2
ENSDARG00000055271,3,0
ENSDARG00000055276,0,0
ENSDARG00000055278,3,2
ENSDARG00000055279,0,1
ENSDARG00000055283,3,0
ENSDARG00000055284,3,2
ENSDARG00000055288,4,1
ENSDARG00000055290,3,2
ENSDARG00000055291,0,0
ENSDARG00000055292,0,1
ENSDARG00000055294,4,2
ENSDARG00000055295,0,1
ENSDARG00000055300,5,2
ENSDARG00000055302,2,0
ENSDARG00000055305,3,2
ENSDARG00000055307,2,0
ENSDARG00000055313,0,1
ENSDARG00000055314,1,0
ENSDARG00000055317,2,1
ENSDARG00000055331,5,0
ENSDARG00000055332,5,0
ENSDARG00000055334,1,1
ENSDARG00000055338,3,2
ENSDARG00000055339,4,1
ENSDARG00000055342,0,2
ENSDARG00000055344,2,0
ENSDARG00000055346,2,1
ENSDARG00000055349,3,0
ENSDARG00000055350,0,2
ENSDARG00000055357,1,1
ENSDARG00000055359,2,1
ENSDARG00000055360,1,1
ENSDARG00000055373,4,0
ENSDARG00000055374,5,2
ENSDARG00000055377,2,0
ENSDARG00000055383,5,0
ENSDARG00000055388,3,2
ENSDARG00000055389,5,2
ENSDARG00000055395,2,0
ENSDARG00000055398,4,0
ENSDARG00000055400,3,0
ENSDARG00000055412,2,0
ENSDARG00000055415,0,1
ENSDARG00000055416,3,2
ENSDARG00000055426,5,1
ENSDARG00000055429,3,0
ENSDARG00000055431,5,0
ENSDARG00000055436,0,0
ENSDARG00000055437,2,1
ENSDARG00000055439,3,2
ENSDARG00000055443,5,1
ENSDARG00000055445,4,1
ENSDARG00000055455,3,2
ENSDARG00000055459,2,0
ENSDARG00000055463,0,1
ENSDARG00000055467,2,1
ENSDARG00000055470,1,-1
ENSDARG00000055474,0,0
ENSDARG00000055475,4,1
ENSDARG00000055476,2,1
ENSDARG00000055477,1,1
ENSDARG00000055479,5,0
ENSDARG00000055481,0,2
ENSDARG00000055490,0,2
ENSDARG00000055493,1,0
ENSDARG00000055498,2,1
ENSDARG00000055502,2,0
ENSDARG00000055504,3,0
ENSDARG00000055506,5,2
ENSDARG00000055510,0,1
ENSDARG00000055514,4,0
ENSDARG00000055518,3,2
ENSDARG00000055520,2,1
ENSDARG00000055523,3,2
ENSDARG00000055524,4,0
ENSDARG00000055525,0,0
ENSDARG00000055527,4,1
ENSDARG00000055530,4,1
ENSDARG00000055534,4,1
ENSDARG00000055538,0,2
ENSDARG00000055539,3,2
ENSDARG00000055543,3,0
ENSDARG00000055548,5,2
ENSDARG00000055550,2,1
ENSDARG00000055552,3,1
ENSDARG00000055554,4,0
ENSDARG00000055559,2,1
ENSDARG00000055560,2,0
ENSDARG00000055561,5,2
ENSDARG00000055565,2,0
ENSDARG00000055566,5,1
ENSDARG00000055569,0,2
ENSDARG00000055570,3,0
ENSDARG00000055574,0,2
ENSDARG00000055575,3,2
ENSDARG00000055585,0,1
ENSDARG00000055588,5,1
ENSDARG00000055589,2,0
ENSDARG00000055591,2,0
ENSDARG00000055592,4,0
ENSDARG00000055607,0,2
ENSDARG00000055610,0,2
ENSDARG00000055613,0,2
ENSDARG00000055618,4,1
ENSDARG00000055620,0,2
ENSDARG00000055622,0,0
ENSDARG00000055629,0,0
ENSDARG00000055630,5,2
ENSDARG00000055635,5,1
ENSDARG00000055638,2,1
ENSDARG00000055639,1,1
ENSDARG00000055642,3,0
ENSDARG00000055648,5,1
ENSDARG00000055652,3,0
ENSDARG00000055653,4,2
ENSDARG00000055655,0,0
ENSDARG00000055656,2,0
ENSDARG00000055659,1,1
ENSDARG00000055672,3,0
ENSDARG00000055676,0,2
ENSDARG00000055679,4,0
ENSDARG00000055683,2,1
ENSDARG00000055690,1,1
ENSDARG00000055698,3,2
ENSDARG00000055705,3,2
ENSDARG00000055708,1,-1
ENSDARG00000055712,2,1
ENSDARG00000055713,1,1
ENSDARG00000055715,4,0
ENSDARG00000055719,5,2
ENSDARG00000055722,0,2
ENSDARG00000055723,3,2
ENSDARG00000055730,0,0
ENSDARG00000055731,4,0
ENSDARG00000055737,0,2
ENSDARG00000055739,4,1
ENSDARG00000055740,3,1
ENSDARG00000055743,1,0
ENSDARG00000055746,5,0
ENSDARG00000055750,2,0
ENSDARG00000055751,2,0
ENSDARG00000055752,2,1
ENSDARG00000055753,5,2
ENSDARG00000055754,2,1
ENSDARG00000055757,2,0
ENSDARG00000055759,0,1
ENSDARG00000055760,1,0
ENSDARG00000055763,5,1
ENSDARG00000055770,1,0
ENSDARG00000055781,3,2
ENSDARG00000055784,3,0
ENSDARG00000055786,4,0
ENSDARG00000055787,4,0
ENSDARG00000055791,3,2
ENSDARG00000055792,2,0
ENSDARG00000055797,5,2
ENSDARG00000055798,3,2
ENSDARG00000055809,4,1
ENSDARG00000055813,2,1
ENSDARG00000055825,3,0
ENSDARG00000055831,0,1
ENSDARG00000055833,0,0
ENSDARG00000055835,4,1
ENSDARG00000055837,0,2
ENSDARG00000055838,0,0
ENSDARG00000055839,0,1
ENSDARG00000055841,5,1
ENSDARG00000055843,3,1
ENSDARG00000055852,2,1
ENSDARG00000055854,3,0
ENSDARG00000055855,3,2
ENSDARG00000055856,0,0
ENSDARG00000055868,5,0
ENSDARG00000055874,3,2
ENSDARG00000055875,3,0
ENSDARG00000055876,2,1
ENSDARG00000055883,1,1
ENSDARG00000055885,1,1
ENSDARG00000055889,5,2
ENSDARG00000055893,5,0
ENSDARG00000055897,4,0
ENSDARG00000055899,1,0
ENSDARG00000055900,4,1
ENSDARG00000055901,2,1
ENSDARG00000055903,1,1
ENSDARG00000055912,0,0
ENSDARG00000055917,0,0
ENSDARG00000055920,2,-1
ENSDARG00000055926,4,0
ENSDARG00000055930,5,2
ENSDARG00000055934,0,2
ENSDARG00000055938,1,0
ENSDARG00000055945,4,1
ENSDARG00000055952,2,1
ENSDARG00000055955,2,0
ENSDARG00000055969,5,1
ENSDARG00000055970,1,0
ENSDARG00000055973,0,0
ENSDARG00000055974,0,1
ENSDARG00000055976,4,1
ENSDARG00000055986,2,1
ENSDARG00000055991,0,1
ENSDARG00000055994,1,1
ENSDARG00000055996,4,1
ENSDARG00000055999,2,0
ENSDARG00000056000,2,-1
ENSDARG00000056001,4,1
ENSDARG00000056004,2,1
ENSDARG00000056006,2,1
ENSDARG00000056007,1,1
ENSDARG00000056008,3,1
ENSDARG00000056009,2,-1
ENSDARG00000056012,1,1
ENSDARG00000056015,3,1
ENSDARG00000056019,3,0
ENSDARG00000056021,3,0
ENSDARG00000056023,4,0
ENSDARG00000056024,0,2
ENSDARG00000056026,0,1
ENSDARG00000056027,4,0
ENSDARG00000056028,3,2
ENSDARG00000056029,4,0
ENSDARG00000056030,4,0
ENSDARG00000056034,4,0
ENSDARG00000056036,2,1
ENSDARG00000056037,2,1
ENSDARG00000056045,2,0
ENSDARG00000056047,5,1
ENSDARG00000056050,0,1
ENSDARG00000056057,4,0
ENSDARG00000056059,1,1
ENSDARG00000056062,0,0
ENSDARG00000056065,2,0
ENSDARG00000056075,2,0
ENSDARG00000056077,2,1
ENSDARG00000056079,5,1
ENSDARG00000056080,2,0
ENSDARG00000056084,2,1
ENSDARG00000056085,5,1
ENSDARG00000056087,2,1
ENSDARG00000056089,5,1
ENSDARG00000056090,4,1
ENSDARG00000056091,3,0
ENSDARG00000056092,3,2
ENSDARG00000056099,5,2
ENSDARG00000056101,2,0
ENSDARG00000056102,3,0
ENSDARG00000056105,3,2
ENSDARG00000056108,3,2
ENSDARG00000056111,4,1
ENSDARG00000056112,3,0
ENSDARG00000056119,4,1
ENSDARG00000056121,0,0
ENSDARG00000056122,4,0
ENSDARG00000056125,3,2
ENSDARG00000056127,5,2
ENSDARG00000056128,1,0
ENSDARG00000056130,4,0
ENSDARG00000056133,3,2
ENSDARG00000056134,3,2
ENSDARG00000056141,0,1
ENSDARG00000056144,2,1
ENSDARG00000056145,4,1
ENSDARG00000056150,4,1
ENSDARG00000056151,3,2
ENSDARG00000056152,5,1
ENSDARG00000056154,2,-1
ENSDARG00000056156,3,0
ENSDARG00000056162,1,0
ENSDARG00000056163,0,2
ENSDARG00000056165,0,2
ENSDARG00000056166,3,2
ENSDARG00000056167,4,0
ENSDARG00000056175,4,1
ENSDARG00000056178,2,0
ENSDARG00000056180,2,1
ENSDARG00000056181,3,2
ENSDARG00000056184,5,2
ENSDARG00000056186,1,0
ENSDARG00000056191,2,0
ENSDARG00000056193,4,0
ENSDARG00000056196,4,0
ENSDARG00000056200,2,1
ENSDARG00000056203,2,0
ENSDARG00000056206,4,0
ENSDARG00000056209,3,2
ENSDARG00000056210,3,0
ENSDARG00000056211,3,2
ENSDARG00000056213,5,0
ENSDARG00000056214,2,1
ENSDARG00000056226,4,0
ENSDARG00000056228,3,0
ENSDARG00000056230,2,1
ENSDARG00000056233,0,1
ENSDARG00000056235,1,0
ENSDARG00000056239,4,0
ENSDARG00000056244,2,0
ENSDARG00000056245,0,2
ENSDARG00000056247,3,2
ENSDARG00000056248,3,2
ENSDARG00000056258,5,1
ENSDARG00000056259,0,2
ENSDARG00000056262,2,0
ENSDARG00000056267,4,2
ENSDARG00000056268,0,2
ENSDARG00000056270,1,0
ENSDARG00000056277,3,2
ENSDARG00000056279,1,1
ENSDARG00000056281,5,1
ENSDARG00000056284,2,1
ENSDARG00000056292,3,0
ENSDARG00000056294,2,0
ENSDARG00000056314,4,0
ENSDARG00000056318,1,1
ENSDARG00000056322,3,0
ENSDARG00000056328,5,1
ENSDARG00000056330,2,1
ENSDARG00000056331,4,0
ENSDARG00000056334,5,1
ENSDARG00000056338,5,2
ENSDARG00000056339,0,1
ENSDARG00000056346,5,0
ENSDARG00000056347,3,0
ENSDARG00000056367,1,0
ENSDARG00000056369,3,1
ENSDARG00000056374,1,0
ENSDARG00000056378,5,0
ENSDARG00000056379,4,0
ENSDARG00000056381,0,2
ENSDARG00000056386,0,0
ENSDARG00000056387,0,2
ENSDARG00000056394,3,0
ENSDARG00000056396,0,2
ENSDARG00000056400,4,0
ENSDARG00000056407,2,0
ENSDARG00000056410,0,1
ENSDARG00000056414,5,1
ENSDARG00000056427,4,0
ENSDARG00000056438,4,0
ENSDARG00000056439,2,1
ENSDARG00000056450,3,0
ENSDARG00000056453,3,0
ENSDARG00000056458,2,0
ENSDARG00000056462,5,2
ENSDARG00000056464,4,1
ENSDARG00000056467,2,1
ENSDARG00000056468,2,0
ENSDARG00000056473,1,1
ENSDARG00000056477,3,2
ENSDARG00000056478,3,2
ENSDARG00000056479,3,1
ENSDARG00000056480,0,0
ENSDARG00000056481,3,0
ENSDARG00000056483,4,0
ENSDARG00000056490,3,0
ENSDARG00000056491,0,2
ENSDARG00000056499,4,1
ENSDARG00000056501,1,1
ENSDARG00000056502,3,2
ENSDARG00000056504,5,0
ENSDARG00000056506,2,1
ENSDARG00000056509,0,2
ENSDARG00000056510,3,2
ENSDARG00000056511,2,1
ENSDARG00000056515,0,0
ENSDARG00000056517,1,0
ENSDARG00000056519,3,0
ENSDARG00000056525,4,1
ENSDARG00000056530,4,0
ENSDARG00000056532,0,0
ENSDARG00000056535,4,0
ENSDARG00000056541,2,1
ENSDARG00000056549,0,0
ENSDARG00000056550,3,0
ENSDARG00000056551,5,0
ENSDARG00000056554,3,0
ENSDARG00000056557,1,1
ENSDARG00000056561,5,0
ENSDARG00000056566,2,1
ENSDARG00000056572,2,0
ENSDARG00000056582,3,1
ENSDARG00000056583,4,1
ENSDARG00000056587,0,0
ENSDARG00000056590,3,2
ENSDARG00000056591,2,0
ENSDARG00000056598,3,2
ENSDARG00000056600,4,1
ENSDARG00000056601,0,0
ENSDARG00000056603,2,1
ENSDARG00000056605,3,0
ENSDARG00000056609,0,1
ENSDARG00000056616,1,1
ENSDARG00000056617,2,1
ENSDARG00000056618,4,1
ENSDARG00000056620,2,1
ENSDARG00000056621,5,0
ENSDARG00000056623,0,2
ENSDARG00000056624,3,2
ENSDARG00000056625,2,1
ENSDARG00000056627,4,1
ENSDARG00000056628,5,1
ENSDARG00000056630,3,2
ENSDARG00000056633,3,0
ENSDARG00000056638,3,0
ENSDARG00000056639,3,2
ENSDARG00000056640,1,1
ENSDARG00000056642,3,0
ENSDARG00000056643,2,1
ENSDARG00000056647,4,0
ENSDARG00000056648,5,0
ENSDARG00000056649,1,0
ENSDARG00000056650,3,0
ENSDARG00000056651,2,0
ENSDARG00000056652,2,1
ENSDARG00000056653,3,0
ENSDARG00000056654,2,1
ENSDARG00000056656,2,1
ENSDARG00000056659,3,0
ENSDARG00000056664,0,2
ENSDARG00000056665,5,1
ENSDARG00000056666,4,1
ENSDARG00000056677,3,0
ENSDARG00000056680,3,2
ENSDARG00000056683,0,2
ENSDARG00000056690,3,0
ENSDARG00000056691,0,1
ENSDARG00000056695,1,0
ENSDARG00000056704,3,2
ENSDARG00000056713,1,0
ENSDARG00000056717,5,1
ENSDARG00000056719,2,0
ENSDARG00000056720,5,0
ENSDARG00000056722,4,1
ENSDARG00000056723,4,1
ENSDARG00000056725,4,1
ENSDARG00000056726,2,1
ENSDARG00000056729,4,0
ENSDARG00000056732,4,0
ENSDARG00000056739,2,1
ENSDARG00000056740,4,1
ENSDARG00000056741,5,1
ENSDARG00000056742,3,2
ENSDARG00000056743,4,1
ENSDARG00000056744,2,1
ENSDARG00000056745,3,2
ENSDARG00000056750,3,1
ENSDARG00000056753,3,1
ENSDARG00000056757,2,1
ENSDARG00000056762,4,0
ENSDARG00000056764,0,2
ENSDARG00000056767,3,1
ENSDARG00000056768,2,1
ENSDARG00000056773,5,0
ENSDARG00000056774,2,1
ENSDARG00000056780,0,2
ENSDARG00000056781,2,1
ENSDARG00000056784,4,0
ENSDARG00000056791,2,1
ENSDARG00000056793,2,0
ENSDARG00000056797,2,0
ENSDARG00000056801,0,0
ENSDARG00000056803,5,1
ENSDARG00000056804,2,0
ENSDARG00000056805,2,0
ENSDARG00000056806,2,0
ENSDARG00000056819,4,0
ENSDARG00000056829,5,2
ENSDARG00000056830,5,1
ENSDARG00000056831,3,2
ENSDARG00000056832,5,1
ENSDARG00000056833,3,0
ENSDARG00000056835,3,2
ENSDARG00000056838,1,1
ENSDARG00000056840,1,0
ENSDARG00000056842,0,2
ENSDARG00000056847,1,1
ENSDARG00000056855,4,1
ENSDARG00000056856,2,0
ENSDARG00000056859,3,2
ENSDARG00000056862,1,0
ENSDARG00000056871,1,1
ENSDARG00000056873,3,2
ENSDARG00000056874,3,0
ENSDARG00000056877,3,2
ENSDARG00000056885,2,1
ENSDARG00000056886,5,2
ENSDARG00000056888,3,2
ENSDARG00000056892,0,0
ENSDARG00000056896,4,2
ENSDARG00000056907,4,1
ENSDARG00000056909,2,1
ENSDARG00000056910,2,1
ENSDARG00000056911,2,1
ENSDARG00000056913,4,0
ENSDARG00000056914,1,1
ENSDARG00000056915,2,1
ENSDARG00000056917,4,1
ENSDARG00000056920,4,0
ENSDARG00000056921,4,0
ENSDARG00000056922,3,0
ENSDARG00000056923,0,1
ENSDARG00000056924,5,1
ENSDARG00000056926,2,1
ENSDARG00000056929,3,2
ENSDARG00000056932,5,1
ENSDARG00000056934,3,2
ENSDARG00000056938,3,2
ENSDARG00000056940,2,1
ENSDARG00000056949,2,1
ENSDARG00000056950,3,1
ENSDARG00000056961,1,0
ENSDARG00000056964,1,1
ENSDARG00000056966,0,0
ENSDARG00000056976,5,1
ENSDARG00000056978,5,0
ENSDARG00000056979,3,2
ENSDARG00000056984,5,2
ENSDARG00000056985,4,2
ENSDARG00000056986,5,0
ENSDARG00000056995,5,2
ENSDARG00000056998,3,1
ENSDARG00000057000,2,0
ENSDARG00000057004,2,0
ENSDARG00000057006,0,0
ENSDARG00000057010,1,1
ENSDARG00000057013,3,2
ENSDARG00000057016,5,2
ENSDARG00000057017,2,0
ENSDARG00000057021,5,2
ENSDARG00000057025,3,0
ENSDARG00000057026,1,1
ENSDARG00000057027,3,0
ENSDARG00000057029,2,1
ENSDARG00000057032,2,1
ENSDARG00000057035,2,1
ENSDARG00000057039,3,2
ENSDARG00000057049,3,0
ENSDARG00000057053,0,2
ENSDARG00000057054,2,0
ENSDARG00000057055,5,2
ENSDARG00000057058,4,1
ENSDARG00000057062,4,0
ENSDARG00000057064,2,0
ENSDARG00000057074,2,0
ENSDARG00000057075,4,0
ENSDARG00000057089,0,0
ENSDARG00000057090,2,0
ENSDARG00000057093,2,1
ENSDARG00000057096,5,2
ENSDARG00000057098,3,2
ENSDARG00000057100,1,1
ENSDARG00000057101,0,1
ENSDARG00000057105,5,0
ENSDARG00000057107,0,2
ENSDARG00000057108,3,2
ENSDARG00000057110,0,0
ENSDARG00000057112,2,0
ENSDARG00000057113,4,1
ENSDARG00000057114,5,1
ENSDARG00000057117,2,0
ENSDARG00000057121,5,0
ENSDARG00000057125,4,0
ENSDARG00000057128,0,0
ENSDARG00000057138,5,1
ENSDARG00000057141,3,2
ENSDARG00000057142,4,1
ENSDARG00000057143,4,1
ENSDARG00000057148,4,0
ENSDARG00000057151,1,-1
ENSDARG00000057159,3,0
ENSDARG00000057166,0,1
ENSDARG00000057167,5,2
ENSDARG00000057169,2,1
ENSDARG00000057173,5,2
ENSDARG00000057180,5,0
ENSDARG00000057206,4,0
ENSDARG00000057209,3,2
ENSDARG00000057210,3,2
ENSDARG00000057218,4,1
ENSDARG00000057227,0,2
ENSDARG00000057231,2,0
ENSDARG00000057234,1,0
ENSDARG00000057238,5,1
ENSDARG00000057239,3,2
ENSDARG00000057241,3,0
ENSDARG00000057245,0,0
ENSDARG00000057248,5,0
ENSDARG00000057262,2,0
ENSDARG00000057265,1,1
ENSDARG00000057273,4,1
ENSDARG00000057276,4,0
ENSDARG00000057284,3,2
ENSDARG00000057286,0,0
ENSDARG00000057296,3,0
ENSDARG00000057299,1,1
ENSDARG00000057317,4,1
ENSDARG00000057321,1,1
ENSDARG00000057322,4,2
ENSDARG00000057323,1,1
ENSDARG00000057328,0,0
ENSDARG00000057331,0,0
ENSDARG00000057334,4,2
ENSDARG00000057352,5,2
ENSDARG00000057353,3,0
ENSDARG00000057365,5,1
ENSDARG00000057368,2,0
ENSDARG00000057378,3,1
ENSDARG00000057392,0,2
ENSDARG00000057394,3,1
ENSDARG00000057395,2,1
ENSDARG00000057403,4,1
ENSDARG00000057408,2,1
ENSDARG00000057410,2,0
ENSDARG00000057417,1,0
ENSDARG00000057419,0,2
ENSDARG00000057426,5,1
ENSDARG00000057427,2,1
ENSDARG00000057429,2,1
ENSDARG00000057433,4,2
ENSDARG00000057435,0,1
ENSDARG00000057437,4,1
ENSDARG00000057439,2,1
ENSDARG00000057440,2,0
ENSDARG00000057452,4,1
ENSDARG00000057456,3,1
ENSDARG00000057460,3,2
ENSDARG00000057465,1,1
ENSDARG00000057468,0,1
ENSDARG00000057477,5,0
ENSDARG00000057479,2,1
ENSDARG00000057481,3,1
ENSDARG00000057484,1,1
ENSDARG00000057491,0,2
ENSDARG00000057497,0,0
ENSDARG00000057498,2,1
ENSDARG00000057504,3,2
ENSDARG00000057519,3,2
ENSDARG00000057527,2,0
ENSDARG00000057529,4,2
ENSDARG00000057531,5,2
ENSDARG00000057556,4,1
ENSDARG00000057562,5,-1
ENSDARG00000057568,2,0
ENSDARG00000057571,3,2
ENSDARG00000057577,1,0
ENSDARG00000057583,1,1
ENSDARG00000057586,4,1
ENSDARG00000057590,3,0
ENSDARG00000057598,3,2
ENSDARG00000057606,3,2
ENSDARG00000057610,4,0
ENSDARG00000057624,4,2
ENSDARG00000057625,2,0
ENSDARG00000057630,4,2
ENSDARG00000057632,0,2
ENSDARG00000057633,5,0
ENSDARG00000057644,0,1
ENSDARG00000057648,5,0
ENSDARG00000057649,1,0
ENSDARG00000057652,0,2
ENSDARG00000057660,1,0
ENSDARG00000057661,2,1
ENSDARG00000057665,2,1
ENSDARG00000057671,2,0
ENSDARG00000057676,0,0
ENSDARG00000057677,4,1
ENSDARG00000057678,3,2
ENSDARG00000057679,2,0
ENSDARG00000057680,2,0
ENSDARG00000057681,1,-1
ENSDARG00000057687,2,1
ENSDARG00000057688,0,1
ENSDARG00000057691,1,1
ENSDARG00000057698,5,1
ENSDARG00000057699,5,1
ENSDARG00000057706,2,1
ENSDARG00000057707,0,2
ENSDARG00000057708,5,1
ENSDARG00000057714,3,2
ENSDARG00000057719,0,0
ENSDARG00000057728,2,1
ENSDARG00000057729,0,2
ENSDARG00000057736,2,0
ENSDARG00000057737,3,2
ENSDARG00000057738,1,0
ENSDARG00000057741,2,0
ENSDARG00000057751,0,2
ENSDARG00000057767,0,1
ENSDARG00000057769,4,1
ENSDARG00000057772,5,1
ENSDARG00000057782,4,0
ENSDARG00000057787,2,1
ENSDARG00000057789,3,2
ENSDARG00000057790,2,1
ENSDARG00000057792,2,1
ENSDARG00000057826,3,0
ENSDARG00000057830,1,1
ENSDARG00000057833,4,2
ENSDARG00000057853,4,1
ENSDARG00000057854,1,1
ENSDARG00000057855,1,0
ENSDARG00000057857,5,1
ENSDARG00000057859,4,0
ENSDARG00000057863,1,0
ENSDARG00000057867,3,0
ENSDARG00000057869,4,0
ENSDARG00000057879,4,1
ENSDARG00000057881,2,1
ENSDARG00000057882,4,1
ENSDARG00000057884,3,0
ENSDARG00000057886,5,0
ENSDARG00000057887,2,1
ENSDARG00000057890,5,1
ENSDARG00000057899,0,0
ENSDARG00000057903,3,0
ENSDARG00000057907,1,0
ENSDARG00000057911,4,1
ENSDARG00000057912,1,1
ENSDARG00000057913,3,0
ENSDARG00000057918,5,2
ENSDARG00000057921,2,1
ENSDARG00000057927,0,2
ENSDARG00000057928,0,1
ENSDARG00000057929,5,1
ENSDARG00000057939,5,2
ENSDARG00000057940,5,2
ENSDARG00000057942,3,2
ENSDARG00000057973,0,2
ENSDARG00000057974,1,1
ENSDARG00000057975,4,1
ENSDARG00000057983,1,0
ENSDARG00000057984,4,0
ENSDARG00000057987,1,0
ENSDARG00000057992,3,2
ENSDARG00000057995,3,0
ENSDARG00000057997,0,2
ENSDARG00000058000,0,1
ENSDARG00000058003,3,2
ENSDARG00000058004,3,2
ENSDARG00000058005,2,1
ENSDARG00000058008,4,1
ENSDARG00000058011,4,0
ENSDARG00000058015,0,2
ENSDARG00000058020,0,2
ENSDARG00000058023,2,1
ENSDARG00000058030,5,0
ENSDARG00000058032,4,0
ENSDARG00000058038,0,0
ENSDARG00000058039,3,2
ENSDARG00000058041,3,0
ENSDARG00000058042,4,1
ENSDARG00000058044,0,0
ENSDARG00000058045,2,1
ENSDARG00000058048,3,2
ENSDARG00000058050,1,0
ENSDARG00000058053,3,1
ENSDARG00000058058,5,0
ENSDARG00000058062,4,1
ENSDARG00000058064,2,1
ENSDARG00000058076,1,0
ENSDARG00000058079,1,1
ENSDARG00000058082,3,2
ENSDARG00000058089,1,1
ENSDARG00000058090,4,1
ENSDARG00000058100,4,1
ENSDARG00000058102,3,0
ENSDARG00000058103,2,1
ENSDARG00000058105,4,1
ENSDARG00000058108,2,0
ENSDARG00000058114,4,2
ENSDARG00000058115,4,0
ENSDARG00000058117,3,2
ENSDARG00000058120,2,1
ENSDARG00000058127,5,2
ENSDARG00000058133,4,0
ENSDARG00000058140,4,0
ENSDARG00000058145,2,0
ENSDARG00000058147,2,1
ENSDARG00000058148,5,2
ENSDARG00000058154,3,0
ENSDARG00000058158,3,0
ENSDARG00000058159,4,2
ENSDARG00000058160,4,0
ENSDARG00000058162,3,0
ENSDARG00000058165,2,1
ENSDARG00000058178,5,1
ENSDARG00000058179,4,1
ENSDARG00000058180,0,2
ENSDARG00000058200,2,1
ENSDARG00000058202,0,1
ENSDARG00000058203,1,0
ENSDARG00000058206,4,0
ENSDARG00000058207,5,1
ENSDARG00000058212,5,1
ENSDARG00000058218,2,1
ENSDARG00000058219,1,0
ENSDARG00000058221,0,0
ENSDARG00000058222,2,1
ENSDARG00000058225,4,1
ENSDARG00000058229,0,2
ENSDARG00000058230,5,2
ENSDARG00000058231,4,1
ENSDARG00000058232,3,2
ENSDARG00000058237,0,0
ENSDARG00000058243,4,1
ENSDARG00000058244,2,1
ENSDARG00000058246,3,2
ENSDARG00000058248,2,0
ENSDARG00000058252,2,1
ENSDARG00000058254,0,2
ENSDARG00000058256,4,0
ENSDARG00000058257,5,0
ENSDARG00000058259,4,0
ENSDARG00000058260,1,0
ENSDARG00000058267,1,0
ENSDARG00000058270,4,1
ENSDARG00000058280,1,1
ENSDARG00000058284,3,0
ENSDARG00000058285,3,2
ENSDARG00000058287,5,0
ENSDARG00000058292,1,1
ENSDARG00000058299,0,1
ENSDARG00000058302,4,1
ENSDARG00000058306,5,1
ENSDARG00000058318,3,2
ENSDARG00000058319,1,1
ENSDARG00000058322,4,2
ENSDARG00000058323,0,1
ENSDARG00000058325,0,0
ENSDARG00000058327,2,1
ENSDARG00000058328,1,1
ENSDARG00000058332,2,1
ENSDARG00000058336,2,0
ENSDARG00000058342,5,2
ENSDARG00000058346,0,0
ENSDARG00000058348,4,1
ENSDARG00000058349,1,1
ENSDARG00000058351,2,0
ENSDARG00000058354,0,1
ENSDARG00000058357,2,1
ENSDARG00000058365,4,0
ENSDARG00000058366,5,2
ENSDARG00000058367,0,1
ENSDARG00000058371,4,1
ENSDARG00000058372,1,0
ENSDARG00000058379,3,0
ENSDARG00000058381,4,1
ENSDARG00000058386,1,1
ENSDARG00000058390,4,1
ENSDARG00000058392,2,1
ENSDARG00000058410,2,0
ENSDARG00000058413,3,2
ENSDARG00000058414,0,0
ENSDARG00000058416,4,2
ENSDARG00000058419,4,1
ENSDARG00000058421,3,2
ENSDARG00000058425,0,1
ENSDARG00000058444,3,0
ENSDARG00000058445,0,2
ENSDARG00000058448,5,2
ENSDARG00000058451,4,0
ENSDARG00000058452,5,1
ENSDARG00000058460,2,0
ENSDARG00000058461,5,2
ENSDARG00000058462,2,1
ENSDARG00000058464,3,2
ENSDARG00000058467,1,0
ENSDARG00000058470,0,1
ENSDARG00000058471,5,1
ENSDARG00000058473,4,0
ENSDARG00000058475,2,0
ENSDARG00000058476,3,2
ENSDARG00000058479,1,1
ENSDARG00000058480,1,1
ENSDARG00000058486,2,0
ENSDARG00000058488,5,0
ENSDARG00000058492,2,1
ENSDARG00000058494,5,1
ENSDARG00000058498,3,0
ENSDARG00000058502,0,0
ENSDARG00000058503,5,2
ENSDARG00000058504,1,0
ENSDARG00000058508,0,0
ENSDARG00000058522,0,0
ENSDARG00000058528,0,0
ENSDARG00000058532,4,1
ENSDARG00000058533,1,0
ENSDARG00000058537,3,2
ENSDARG00000058543,4,0
ENSDARG00000058546,2,0
ENSDARG00000058547,3,1
ENSDARG00000058548,3,2
ENSDARG00000058551,3,2
ENSDARG00000058553,4,1
ENSDARG00000058556,2,1
ENSDARG00000058557,5,0
ENSDARG00000058558,3,1
ENSDARG00000058561,0,0
ENSDARG00000058562,5,0
ENSDARG00000058563,5,2
ENSDARG00000058564,1,1
ENSDARG00000058565,5,2
ENSDARG00000058566,5,1
ENSDARG00000058567,2,1
ENSDARG00000058570,2,1
ENSDARG00000058571,5,1
ENSDARG00000058574,4,1
ENSDARG00000058578,0,1
ENSDARG00000058579,3,2
ENSDARG00000058585,3,2
ENSDARG00000058587,0,2
ENSDARG00000058593,4,2
ENSDARG00000058597,4,1
ENSDARG00000058598,3,2
ENSDARG00000058601,3,2
ENSDARG00000058603,3,2
ENSDARG00000058605,5,2
ENSDARG00000058606,4,1
ENSDARG00000058608,0,1
ENSDARG00000058630,0,0
ENSDARG00000058631,3,0
ENSDARG00000058638,2,0
ENSDARG00000058644,3,0
ENSDARG00000058646,4,1
ENSDARG00000058647,3,2
ENSDARG00000058649,3,2
ENSDARG00000058650,5,0
ENSDARG00000058656,4,1
ENSDARG00000058658,4,1
ENSDARG00000058660,1,0
ENSDARG00000058663,1,1
ENSDARG00000058666,4,0
ENSDARG00000058672,2,0
ENSDARG00000058673,2,1
ENSDARG00000058679,0,2
ENSDARG00000058683,2,1
ENSDARG00000058685,2,1
ENSDARG00000058690,0,1
ENSDARG00000058692,0,2
ENSDARG00000058695,2,1
ENSDARG00000058696,4,1
ENSDARG00000058699,3,2
ENSDARG00000058700,1,1
ENSDARG00000058701,2,0
ENSDARG00000058702,4,2
ENSDARG00000058710,5,1
ENSDARG00000058716,0,2
ENSDARG00000058719,0,0
ENSDARG00000058725,4,2
ENSDARG00000058728,0,1
ENSDARG00000058729,5,1
ENSDARG00000058731,3,2
ENSDARG00000058732,3,2
ENSDARG00000058733,3,2
ENSDARG00000058734,1,0
ENSDARG00000058736,2,1
ENSDARG00000058738,3,2
ENSDARG00000058740,5,2
ENSDARG00000058746,0,2
ENSDARG00000058753,5,2
ENSDARG00000058762,2,1
ENSDARG00000058765,3,0
ENSDARG00000058771,0,2
ENSDARG00000058774,3,2
ENSDARG00000058775,4,0
ENSDARG00000058780,5,2
ENSDARG00000058782,4,1
ENSDARG00000058791,2,1
ENSDARG00000058794,2,0
ENSDARG00000058799,2,1
ENSDARG00000058801,5,2
ENSDARG00000058803,2,1
ENSDARG00000058815,4,0
ENSDARG00000058818,5,1
ENSDARG00000058820,1,0
ENSDARG00000058821,3,0
ENSDARG00000058822,4,1
ENSDARG00000058824,4,1
ENSDARG00000058828,1,0
ENSDARG00000058829,0,1
ENSDARG00000058830,1,1
ENSDARG00000058835,0,2
ENSDARG00000058839,4,1
ENSDARG00000058848,3,1
ENSDARG00000058857,5,0
ENSDARG00000058868,0,2
ENSDARG00000058869,3,1
ENSDARG00000058871,3,1
ENSDARG00000058873,3,2
ENSDARG00000058874,5,1
ENSDARG00000058876,3,1
ENSDARG00000058880,4,1
ENSDARG00000058885,3,0
ENSDARG00000058892,3,2
ENSDARG00000058893,0,0
ENSDARG00000058903,4,1
ENSDARG00000058906,2,1
ENSDARG00000058917,5,0
ENSDARG00000058924,4,2
ENSDARG00000058937,0,0
ENSDARG00000058939,5,1
ENSDARG00000058940,1,0
ENSDARG00000058943,5,2
ENSDARG00000058944,2,1
ENSDARG00000058945,2,0
ENSDARG00000058949,0,2
ENSDARG00000058953,2,0
ENSDARG00000058958,5,0
ENSDARG00000058960,2,1
ENSDARG00000058961,2,0
ENSDARG00000058962,0,0
ENSDARG00000058966,3,1
ENSDARG00000058968,1,1
ENSDARG00000058969,3,2
ENSDARG00000058978,0,2
ENSDARG00000058984,5,1
ENSDARG00000058985,3,1
ENSDARG00000058988,3,2
ENSDARG00000058990,5,2
ENSDARG00000058993,5,2
ENSDARG00000058994,2,1
ENSDARG00000058995,2,0
ENSDARG00000059001,1,1
ENSDARG00000059003,0,0
ENSDARG00000059006,1,1
ENSDARG00000059015,4,1
ENSDARG00000059020,5,2
ENSDARG00000059026,3,2
ENSDARG00000059028,1,0
ENSDARG00000059029,3,2
ENSDARG00000059035,0,0
ENSDARG00000059039,4,1
ENSDARG00000059043,3,2
ENSDARG00000059044,0,1
ENSDARG00000059046,4,2
ENSDARG00000059049,4,0
ENSDARG00000059054,2,1
ENSDARG00000059057,3,0
ENSDARG00000059058,2,1
ENSDARG00000059060,3,1
ENSDARG00000059064,0,2
ENSDARG00000059067,2,0
ENSDARG00000059073,5,0
ENSDARG00000059075,5,0
ENSDARG00000059081,5,0
ENSDARG00000059083,4,0
ENSDARG00000059090,4,0
ENSDARG00000059093,3,0
ENSDARG00000059103,0,-1
ENSDARG00000059109,4,1
ENSDARG00000059116,2,0
ENSDARG00000059121,3,0
ENSDARG00000059125,0,0
ENSDARG00000059130,2,0
ENSDARG00000059131,0,1
ENSDARG00000059139,2,1
ENSDARG00000059150,5,1
ENSDARG00000059163,2,1
ENSDARG00000059166,2,0
ENSDARG00000059173,2,0
ENSDARG00000059196,2,1
ENSDARG00000059202,3,2
ENSDARG00000059209,0,0
ENSDARG00000059212,1,0
ENSDARG00000059226,0,0
ENSDARG00000059227,4,0
ENSDARG00000059231,4,0
ENSDARG00000059233,0,2
ENSDARG00000059234,1,0
ENSDARG00000059235,3,2
ENSDARG00000059236,4,1
ENSDARG00000059244,3,0
ENSDARG00000059247,2,0
ENSDARG00000059252,5,1
ENSDARG00000059254,3,1
ENSDARG00000059255,3,0
ENSDARG00000059256,4,2
ENSDARG00000059259,4,1
ENSDARG00000059263,4,0
ENSDARG00000059267,4,0
ENSDARG00000059274,4,0
ENSDARG00000059276,4,0
ENSDARG00000059280,4,0
ENSDARG00000059287,0,2
ENSDARG00000059294,2,1
ENSDARG00000059298,4,1
ENSDARG00000059303,1,1
ENSDARG00000059305,2,1
ENSDARG00000059308,5,1
ENSDARG00000059311,3,2
ENSDARG00000059315,3,1
ENSDARG00000059322,1,0
ENSDARG00000059323,1,1
ENSDARG00000059337,1,1
ENSDARG00000059340,0,2
ENSDARG00000059342,2,1
ENSDARG00000059347,0,1
ENSDARG00000059348,3,1
ENSDARG00000059349,4,1
ENSDARG00000059351,3,2
ENSDARG00000059354,2,0
ENSDARG00000059357,1,0
ENSDARG00000059360,1,1
ENSDARG00000059362,3,1
ENSDARG00000059363,3,0
ENSDARG00000059367,4,1
ENSDARG00000059368,2,0
ENSDARG00000059370,2,0
ENSDARG00000059373,1,1
ENSDARG00000059387,2,1
ENSDARG00000059388,3,2
ENSDARG00000059391,2,1
ENSDARG00000059397,5,1
ENSDARG00000059398,1,1
ENSDARG00000059399,2,1
ENSDARG00000059400,1,0
ENSDARG00000059404,0,1
ENSDARG00000059406,0,0
ENSDARG00000059409,0,1
ENSDARG00000059410,1,1
ENSDARG00000059411,3,0
ENSDARG00000059412,0,0
ENSDARG00000059423,3,2
ENSDARG00000059424,3,0
ENSDARG00000059432,3,2
ENSDARG00000059437,1,1
ENSDARG00000059438,3,2
ENSDARG00000059442,2,0
ENSDARG00000059455,3,0
ENSDARG00000059461,0,2
ENSDARG00000059466,2,0
ENSDARG00000059472,3,0
ENSDARG00000059473,2,0
ENSDARG00000059474,5,2
ENSDARG00000059475,0,2
ENSDARG00000059483,4,0
ENSDARG00000059485,3,0
ENSDARG00000059486,2,1
ENSDARG00000059507,3,1
ENSDARG00000059510,4,1
ENSDARG00000059523,3,2
ENSDARG00000059529,0,0
ENSDARG00000059534,3,2
ENSDARG00000059549,0,2
ENSDARG00000059553,1,1
ENSDARG00000059556,5,2
ENSDARG00000059557,5,1
ENSDARG00000059558,3,2
ENSDARG00000059567,4,0
ENSDARG00000059574,2,1
ENSDARG00000059575,5,2
ENSDARG00000059582,2,0
ENSDARG00000059583,4,1
ENSDARG00000059587,0,2
ENSDARG00000059600,0,2
ENSDARG00000059601,3,2
ENSDARG00000059604,0,0
ENSDARG00000059610,3,2
ENSDARG00000059613,1,1
ENSDARG00000059616,3,2
ENSDARG00000059629,4,2
ENSDARG00000059630,0,0
ENSDARG00000059634,0,0
ENSDARG00000059636,1,0
ENSDARG00000059642,0,0
ENSDARG00000059651,3,2
ENSDARG00000059653,1,1
ENSDARG00000059657,0,0
ENSDARG00000059658,0,0
ENSDARG00000059672,5,1
ENSDARG00000059680,1,1
ENSDARG00000059682,3,0
ENSDARG00000059689,0,2
ENSDARG00000059690,3,0
ENSDARG00000059693,4,0
ENSDARG00000059695,4,1
ENSDARG00000059699,3,2
ENSDARG00000059700,0,1
ENSDARG00000059701,0,0
ENSDARG00000059705,2,0
ENSDARG00000059707,3,1
ENSDARG00000059711,5,0
ENSDARG00000059712,5,2
ENSDARG00000059719,3,2
ENSDARG00000059722,3,0
ENSDARG00000059725,1,1
ENSDARG00000059729,3,2
ENSDARG00000059738,4,2
ENSDARG00000059743,4,1
ENSDARG00000059746,4,0
ENSDARG00000059747,3,2
ENSDARG00000059760,0,2
ENSDARG00000059763,2,1
ENSDARG00000059768,4,1
ENSDARG00000059770,4,1
ENSDARG00000059773,2,0
ENSDARG00000059774,3,0
ENSDARG00000059775,3,2
ENSDARG00000059781,2,1
ENSDARG00000059789,2,0
ENSDARG00000059792,5,0
ENSDARG00000059798,0,0
ENSDARG00000059801,4,1
ENSDARG00000059804,0,0
ENSDARG00000059806,1,1
ENSDARG00000059811,0,0
ENSDARG00000059812,5,1
ENSDARG00000059815,2,1
ENSDARG00000059816,1,1
ENSDARG00000059818,2,1
ENSDARG00000059824,4,1
ENSDARG00000059826,3,2
ENSDARG00000059832,3,0
ENSDARG00000059835,5,0
ENSDARG00000059836,4,1
ENSDARG00000059843,0,2
ENSDARG00000059846,0,2
ENSDARG00000059850,0,1
ENSDARG00000059853,5,1
ENSDARG00000059854,2,1
ENSDARG00000059857,1,0
ENSDARG00000059858,5,2
ENSDARG00000059866,5,2
ENSDARG00000059870,5,1
ENSDARG00000059883,3,2
ENSDARG00000059885,2,0
ENSDARG00000059887,5,2
ENSDARG00000059888,0,0
ENSDARG00000059891,0,1
ENSDARG00000059897,4,1
ENSDARG00000059899,2,1
ENSDARG00000059900,0,1
ENSDARG00000059902,0,1
ENSDARG00000059903,3,2
ENSDARG00000059908,5,0
ENSDARG00000059911,4,2
ENSDARG00000059914,3,2
ENSDARG00000059916,4,1
ENSDARG00000059917,0,0
ENSDARG00000059919,2,0
ENSDARG00000059923,2,1
ENSDARG00000059925,1,0
ENSDARG00000059931,4,1
ENSDARG00000059933,3,2
ENSDARG00000059936,5,2
ENSDARG00000059939,3,1
ENSDARG00000059944,2,1
ENSDARG00000059945,3,2
ENSDARG00000059948,4,1
ENSDARG00000059950,4,0
ENSDARG00000059951,0,0
ENSDARG00000059956,0,0
ENSDARG00000059960,3,0
ENSDARG00000059963,5,1
ENSDARG00000059965,3,0
ENSDARG00000059972,3,0
ENSDARG00000059978,2,1
ENSDARG00000059982,0,0
ENSDARG00000059987,4,2
ENSDARG00000059993,4,0
ENSDARG00000059997,3,2
ENSDARG00000060001,0,0
ENSDARG00000060005,1,1
ENSDARG00000060007,4,0
ENSDARG00000060008,3,1
ENSDARG00000060010,4,0
ENSDARG00000060012,3,2
ENSDARG00000060016,4,1
ENSDARG00000060018,3,2
ENSDARG00000060021,1,1
ENSDARG00000060023,1,0
ENSDARG00000060025,2,1
ENSDARG00000060027,5,0
ENSDARG00000060029,0,2
ENSDARG00000060030,5,2
ENSDARG00000060034,3,2
ENSDARG00000060035,2,0
ENSDARG00000060036,4,1
ENSDARG00000060041,1,0
ENSDARG00000060049,2,1
ENSDARG00000060051,2,1
ENSDARG00000060054,5,0
ENSDARG00000060058,0,2
ENSDARG00000060062,2,1
ENSDARG00000060065,5,0
ENSDARG00000060068,1,1
ENSDARG00000060069,4,0
ENSDARG00000060070,4,0
ENSDARG00000060071,5,2
ENSDARG00000060072,2,1
ENSDARG00000060081,2,1
ENSDARG00000060085,3,2
ENSDARG00000060089,5,1
ENSDARG00000060092,2,0
ENSDARG00000060094,3,2
ENSDARG00000060095,2,1
ENSDARG00000060096,0,2
ENSDARG00000060101,3,1
ENSDARG00000060103,3,0
ENSDARG00000060106,4,0
ENSDARG00000060109,5,2
ENSDARG00000060112,0,0
ENSDARG00000060113,0,1
ENSDARG00000060115,4,0
ENSDARG00000060116,2,1
ENSDARG00000060120,2,0
ENSDARG00000060123,3,0
ENSDARG00000060124,2,0
ENSDARG00000060126,3,1
ENSDARG00000060127,4,2
ENSDARG00000060130,2,0
ENSDARG00000060148,3,2
ENSDARG00000060149,3,2
ENSDARG00000060150,1,0
ENSDARG00000060152,3,1
ENSDARG00000060153,4,0
ENSDARG00000060165,1,0
ENSDARG00000060168,5,2
ENSDARG00000060169,5,0
ENSDARG00000060176,5,0
ENSDARG00000060177,0,2
ENSDARG00000060184,4,0
ENSDARG00000060187,5,1
ENSDARG00000060192,0,2
ENSDARG00000060196,2,0
ENSDARG00000060197,0,0
ENSDARG00000060199,0,0
ENSDARG00000060200,5,1
ENSDARG00000060207,5,2
ENSDARG00000060210,0,2
ENSDARG00000060211,1,1
ENSDARG00000060215,0,0
ENSDARG00000060222,4,1
ENSDARG00000060235,1,1
ENSDARG00000060236,3,1
ENSDARG00000060238,0,1
ENSDARG00000060243,3,2
ENSDARG00000060248,0,0
ENSDARG00000060252,3,0
ENSDARG00000060253,4,0
ENSDARG00000060256,0,0
ENSDARG00000060257,2,0
ENSDARG00000060259,0,2
ENSDARG00000060263,3,2
ENSDARG00000060280,2,0
ENSDARG00000060288,0,0
ENSDARG00000060297,1,0
ENSDARG00000060303,2,1
ENSDARG00000060306,5,1
ENSDARG00000060308,0,0
ENSDARG00000060312,0,0
ENSDARG00000060316,0,0
ENSDARG00000060320,5,0
ENSDARG00000060322,0,1
ENSDARG00000060323,5,2
ENSDARG00000060325,2,1
ENSDARG00000060326,2,1
ENSDARG00000060330,3,2
ENSDARG00000060338,0,0
ENSDARG00000060345,3,2
ENSDARG00000060349,4,1
ENSDARG00000060350,0,1
ENSDARG00000060354,3,0
ENSDARG00000060361,0,2
ENSDARG00000060366,0,0
ENSDARG00000060368,3,1
ENSDARG00000060372,3,1
ENSDARG00000060374,2,0
ENSDARG00000060383,0,1
ENSDARG00000060390,0,0
ENSDARG00000060393,2,0
ENSDARG00000060394,5,1
ENSDARG00000060395,0,0
ENSDARG00000060397,4,0
ENSDARG00000060398,0,1
ENSDARG00000060400,3,2
ENSDARG00000060410,3,2
ENSDARG00000060411,5,1
ENSDARG00000060413,4,1
ENSDARG00000060415,0,2
ENSDARG00000060430,0,2
ENSDARG00000060434,3,2
ENSDARG00000060435,4,1
ENSDARG00000060438,1,0
ENSDARG00000060439,2,0
ENSDARG00000060442,0,2
ENSDARG00000060445,5,1
ENSDARG00000060452,3,0
ENSDARG00000060457,4,0
ENSDARG00000060469,0,2
ENSDARG00000060471,4,0
ENSDARG00000060477,3,1
ENSDARG00000060480,0,2
ENSDARG00000060481,3,1
ENSDARG00000060482,0,1
ENSDARG00000060484,1,0
ENSDARG00000060489,4,1
ENSDARG00000060494,0,2
ENSDARG00000060496,2,0
ENSDARG00000060498,4,0
ENSDARG00000060500,0,1
ENSDARG00000060501,1,1
ENSDARG00000060504,2,1
ENSDARG00000060506,1,0
ENSDARG00000060510,1,0
ENSDARG00000060512,3,2
ENSDARG00000060515,2,1
ENSDARG00000060518,4,2
ENSDARG00000060521,0,2
ENSDARG00000060522,3,0
ENSDARG00000060526,4,0
ENSDARG00000060529,3,2
ENSDARG00000060532,3,0
ENSDARG00000060534,4,0
ENSDARG00000060537,5,1
ENSDARG00000060539,2,0
ENSDARG00000060542,4,0
ENSDARG00000060549,3,1
ENSDARG00000060551,2,0
ENSDARG00000060554,2,0
ENSDARG00000060559,5,1
ENSDARG00000060564,5,2
ENSDARG00000060566,2,1
ENSDARG00000060569,3,2
ENSDARG00000060578,2,0
ENSDARG00000060580,0,0
ENSDARG00000060584,0,0
ENSDARG00000060586,0,2
ENSDARG00000060594,3,0
ENSDARG00000060596,0,2
ENSDARG00000060597,3,2
ENSDARG00000060600,0,2
ENSDARG00000060601,2,0
ENSDARG00000060609,0,1
ENSDARG00000060610,3,0
ENSDARG00000060620,1,-1
ENSDARG00000060622,2,1
ENSDARG00000060626,3,0
ENSDARG00000060631,3,2
ENSDARG00000060633,5,2
ENSDARG00000060637,2,0
ENSDARG00000060638,2,1
ENSDARG00000060639,3,0
ENSDARG00000060641,3,2
ENSDARG00000060645,5,1
ENSDARG00000060646,1,1
ENSDARG00000060655,2,1
ENSDARG00000060656,3,2
ENSDARG00000060661,5,2
ENSDARG00000060662,3,2
ENSDARG00000060668,3,2
ENSDARG00000060671,2,1
ENSDARG00000060678,0,2
ENSDARG00000060679,4,1
ENSDARG00000060680,3,0
ENSDARG00000060682,4,1
ENSDARG00000060683,2,0
ENSDARG00000060687,4,0
ENSDARG00000060688,2,0
ENSDARG00000060695,1,0
ENSDARG00000060697,5,2
ENSDARG00000060702,0,1
ENSDARG00000060705,0,2
ENSDARG00000060707,0,2
ENSDARG00000060711,3,2
ENSDARG00000060716,3,0
ENSDARG00000060723,0,2
ENSDARG00000060729,3,1
ENSDARG00000060734,5,0
ENSDARG00000060741,0,1
ENSDARG00000060745,4,1
ENSDARG00000060748,1,0
ENSDARG00000060753,3,2
ENSDARG00000060756,3,0
ENSDARG00000060766,4,2
ENSDARG00000060767,0,1
ENSDARG00000060768,1,0
ENSDARG00000060783,5,1
ENSDARG00000060788,3,2
ENSDARG00000060796,5,2
ENSDARG00000060797,3,2
ENSDARG00000060808,4,1
ENSDARG00000060813,3,0
ENSDARG00000060829,2,1
ENSDARG00000060830,5,0
ENSDARG00000060835,0,2
ENSDARG00000060837,0,1
ENSDARG00000060838,5,0
ENSDARG00000060841,5,2
ENSDARG00000060845,4,2
ENSDARG00000060846,2,1
ENSDARG00000060847,1,1
ENSDARG00000060849,0,0
ENSDARG00000060853,5,2
ENSDARG00000060854,3,2
ENSDARG00000060860,2,1
ENSDARG00000060861,3,0
ENSDARG00000060862,3,2
ENSDARG00000060865,0,2
ENSDARG00000060868,0,2
ENSDARG00000060871,3,2
ENSDARG00000060875,2,0
ENSDARG00000060877,2,1
ENSDARG00000060879,2,1
ENSDARG00000060884,2,0
ENSDARG00000060885,2,0
ENSDARG00000060889,2,1
ENSDARG00000060893,2,1
ENSDARG00000060900,3,2
ENSDARG00000060901,0,2
ENSDARG00000060911,3,0
ENSDARG00000060915,3,1
ENSDARG00000060917,5,1
ENSDARG00000060921,0,0
ENSDARG00000060922,1,1
ENSDARG00000060925,4,1
ENSDARG00000060926,2,1
ENSDARG00000060927,4,1
ENSDARG00000060933,2,1
ENSDARG00000060937,5,2
ENSDARG00000060941,0,2
ENSDARG00000060944,0,2
ENSDARG00000060946,4,1
ENSDARG00000060948,3,1
ENSDARG00000060951,1,1
ENSDARG00000060953,2,1
ENSDARG00000060962,0,1
ENSDARG00000060978,0,0
ENSDARG00000060980,0,0
ENSDARG00000060983,1,1
ENSDARG00000060987,3,1
ENSDARG00000060991,5,1
ENSDARG00000060992,5,2
ENSDARG00000060994,5,1
ENSDARG00000061000,0,2
ENSDARG00000061004,3,0
ENSDARG00000061006,0,0
ENSDARG00000061011,2,1
ENSDARG00000061013,1,0
ENSDARG00000061014,2,1
ENSDARG00000061017,4,1
ENSDARG00000061020,0,1
ENSDARG00000061021,0,2
ENSDARG00000061023,0,0
ENSDARG00000061024,5,2
ENSDARG00000061030,5,1
ENSDARG00000061031,2,0
ENSDARG00000061039,0,2
ENSDARG00000061040,5,2
ENSDARG00000061042,2,0
ENSDARG00000061044,2,1
ENSDARG00000061047,2,0
ENSDARG00000061048,0,1
ENSDARG00000061049,2,1
ENSDARG00000061051,3,2
ENSDARG00000061052,1,1
ENSDARG00000061057,3,0
ENSDARG00000061060,0,2
ENSDARG00000061061,3,1
ENSDARG00000061062,5,1
ENSDARG00000061066,3,0
ENSDARG00000061083,5,2
ENSDARG00000061091,5,1
ENSDARG00000061093,4,0
ENSDARG00000061095,0,2
ENSDARG00000061096,3,0
ENSDARG00000061099,3,2
ENSDARG00000061101,2,0
ENSDARG00000061103,2,1
ENSDARG00000061110,0,2
ENSDARG00000061114,5,1
ENSDARG00000061120,4,1
ENSDARG00000061121,3,0
ENSDARG00000061124,0,0
ENSDARG00000061131,3,0
ENSDARG00000061138,0,0
ENSDARG00000061140,4,1
ENSDARG00000061143,2,0
ENSDARG00000061145,1,0
ENSDARG00000061147,5,2
ENSDARG00000061149,2,0
ENSDARG00000061159,1,0
ENSDARG00000061161,0,1
ENSDARG00000061165,2,0
ENSDARG00000061168,1,1
ENSDARG00000061169,5,1
ENSDARG00000061173,0,1
ENSDARG00000061174,1,0
ENSDARG00000061177,3,1
ENSDARG00000061180,0,2
ENSDARG00000061185,0,0
ENSDARG00000061187,1,0
ENSDARG00000061191,3,0
ENSDARG00000061194,2,0
ENSDARG00000061195,0,2
ENSDARG00000061197,4,1
ENSDARG00000061203,2,1
ENSDARG00000061204,5,1
ENSDARG00000061205,4,1
ENSDARG00000061207,0,2
ENSDARG00000061208,0,1
ENSDARG00000061213,5,2
ENSDARG00000061214,2,0
ENSDARG00000061215,3,0
ENSDARG00000061216,0,2
ENSDARG00000061221,0,1
ENSDARG00000061222,0,1
ENSDARG00000061223,3,2
ENSDARG00000061226,3,0
ENSDARG00000061228,4,1
ENSDARG00000061231,4,1
ENSDARG00000061233,3,2
ENSDARG00000061235,5,2
ENSDARG00000061240,2,0
ENSDARG00000061243,0,2
ENSDARG00000061249,3,1
ENSDARG00000061255,3,0
ENSDARG00000061256,1,1
ENSDARG00000061257,3,0
ENSDARG00000061259,3,2
ENSDARG00000061260,3,0
ENSDARG00000061265,0,1
ENSDARG00000061268,0,0
ENSDARG00000061272,3,1
ENSDARG00000061274,2,0
ENSDARG00000061282,5,1
ENSDARG00000061288,2,0
ENSDARG00000061292,2,1
ENSDARG00000061301,2,1
ENSDARG00000061303,3,2
ENSDARG00000061304,3,0
ENSDARG00000061311,1,1
ENSDARG00000061314,5,2
ENSDARG00000061328,4,1
ENSDARG00000061335,4,0
ENSDARG00000061338,0,2
ENSDARG00000061345,0,1
ENSDARG00000061348,4,2
ENSDARG00000061351,4,1
ENSDARG00000061352,3,0
ENSDARG00000061354,4,1
ENSDARG00000061355,2,1
ENSDARG00000061357,0,2
ENSDARG00000061362,3,2
ENSDARG00000061363,1,1
ENSDARG00000061365,3,1
ENSDARG00000061368,4,1
ENSDARG00000061370,4,1
ENSDARG00000061371,2,0
ENSDARG00000061372,5,2
ENSDARG00000061373,5,1
ENSDARG00000061375,2,0
ENSDARG00000061377,4,1
ENSDARG00000061378,5,2
ENSDARG00000061379,3,2
ENSDARG00000061383,4,0
ENSDARG00000061385,5,1
ENSDARG00000061397,1,1
ENSDARG00000061398,0,1
ENSDARG00000061400,5,0
ENSDARG00000061405,4,0
ENSDARG00000061409,0,0
ENSDARG00000061411,5,2
ENSDARG00000061413,5,2
ENSDARG00000061414,5,2
ENSDARG00000061416,3,0
ENSDARG00000061417,0,0
ENSDARG00000061419,3,1
ENSDARG00000061421,3,0
ENSDARG00000061424,5,0
ENSDARG00000061432,1,1
ENSDARG00000061436,3,2
ENSDARG00000061437,0,2
ENSDARG00000061439,2,0
ENSDARG00000061444,2,0
ENSDARG00000061445,3,0
ENSDARG00000061446,0,2
ENSDARG00000061451,0,1
ENSDARG00000061454,3,0
ENSDARG00000061458,5,1
ENSDARG00000061459,5,2
ENSDARG00000061461,0,2
ENSDARG00000061462,4,1
ENSDARG00000061466,2,0
ENSDARG00000061468,5,1
ENSDARG00000061471,3,0
ENSDARG00000061472,0,0
ENSDARG00000061473,2,0
ENSDARG00000061478,4,1
ENSDARG00000061479,3,1
ENSDARG00000061480,2,1
ENSDARG00000061481,2,0
ENSDARG00000061486,3,2
ENSDARG00000061490,1,0
ENSDARG00000061497,2,0
ENSDARG00000061498,2,0
ENSDARG00000061504,0,2
ENSDARG00000061508,0,2
ENSDARG00000061509,4,0
ENSDARG00000061515,3,2
ENSDARG00000061517,2,0
ENSDARG00000061520,0,0
ENSDARG00000061525,0,0
ENSDARG00000061541,0,1
ENSDARG00000061543,4,1
ENSDARG00000061544,3,1
ENSDARG00000061547,5,0
ENSDARG00000061548,4,2
ENSDARG00000061549,0,2
ENSDARG00000061551,4,0
ENSDARG00000061553,0,2
ENSDARG00000061560,2,0
ENSDARG00000061562,3,0
ENSDARG00000061576,2,1
ENSDARG00000061579,3,0
ENSDARG00000061580,2,0
ENSDARG00000061587,5,1
ENSDARG00000061590,5,1
ENSDARG00000061591,1,1
ENSDARG00000061600,1,1
ENSDARG00000061602,3,0
ENSDARG00000061603,4,2
ENSDARG00000061610,5,2
ENSDARG00000061611,2,0
ENSDARG00000061621,0,0
ENSDARG00000061622,0,2
ENSDARG00000061629,3,0
ENSDARG00000061634,0,1
ENSDARG00000061635,3,0
ENSDARG00000061636,3,0
ENSDARG00000061638,4,1
ENSDARG00000061640,1,0
ENSDARG00000061641,4,1
ENSDARG00000061644,3,1
ENSDARG00000061647,3,1
ENSDARG00000061651,5,2
ENSDARG00000061654,5,1
ENSDARG00000061660,3,0
ENSDARG00000061664,4,1
ENSDARG00000061665,3,2
ENSDARG00000061672,3,2
ENSDARG00000061682,0,2
ENSDARG00000061684,1,0
ENSDARG00000061685,2,0
ENSDARG00000061687,0,2
ENSDARG00000061688,3,0
ENSDARG00000061690,5,2
ENSDARG00000061691,4,1
ENSDARG00000061692,3,0
ENSDARG00000061697,2,0
ENSDARG00000061699,0,2
ENSDARG00000061710,2,1
ENSDARG00000061713,3,0
ENSDARG00000061714,2,1
ENSDARG00000061717,2,1
ENSDARG00000061718,5,1
ENSDARG00000061719,0,2
ENSDARG00000061723,0,2
ENSDARG00000061725,5,2
ENSDARG00000061728,4,1
ENSDARG00000061732,1,1
ENSDARG00000061735,1,1
ENSDARG00000061736,3,2
ENSDARG00000061737,0,1
ENSDARG00000061738,0,0
ENSDARG00000061741,0,2
ENSDARG00000061746,3,0
ENSDARG00000061747,4,1
ENSDARG00000061749,2,1
ENSDARG00000061752,0,0
ENSDARG00000061757,0,0
ENSDARG00000061758,3,2
ENSDARG00000061761,5,1
ENSDARG00000061763,5,1
ENSDARG00000061764,4,2
ENSDARG00000061769,3,0
ENSDARG00000061770,4,2
ENSDARG00000061773,5,0
ENSDARG00000061774,5,1
ENSDARG00000061784,3,0
ENSDARG00000061789,1,1
ENSDARG00000061791,2,1
ENSDARG00000061794,4,1
ENSDARG00000061796,3,2
ENSDARG00000061797,3,2
ENSDARG00000061800,0,2
ENSDARG00000061802,1,0
ENSDARG00000061804,3,0
ENSDARG00000061806,2,0
ENSDARG00000061810,4,1
ENSDARG00000061817,3,0
ENSDARG00000061818,3,0
ENSDARG00000061819,0,2
ENSDARG00000061829,3,2
ENSDARG00000061830,3,2
ENSDARG00000061832,2,0
ENSDARG00000061835,2,1
ENSDARG00000061836,2,0
ENSDARG00000061844,5,-1
ENSDARG00000061845,4,0
ENSDARG00000061846,3,2
ENSDARG00000061848,4,0
ENSDARG00000061850,3,2
ENSDARG00000061852,3,2
ENSDARG00000061854,5,0
ENSDARG00000061858,2,1
ENSDARG00000061862,3,0
ENSDARG00000061864,2,0
ENSDARG00000061865,5,1
ENSDARG00000061873,2,1
ENSDARG00000061883,2,-1
ENSDARG00000061885,2,1
ENSDARG00000061889,0,1
ENSDARG00000061890,0,0
ENSDARG00000061895,2,0
ENSDARG00000061896,2,1
ENSDARG00000061899,4,2
ENSDARG00000061901,0,2
ENSDARG00000061903,2,1
ENSDARG00000061904,3,0
ENSDARG00000061908,0,0
ENSDARG00000061909,3,2
ENSDARG00000061915,0,2
ENSDARG00000061916,0,2
ENSDARG00000061918,3,2
ENSDARG00000061936,0,2
ENSDARG00000061940,2,1
ENSDARG00000061941,0,2
ENSDARG00000061946,4,1
ENSDARG00000061948,3,2
ENSDARG00000061951,5,0
ENSDARG00000061956,3,2
ENSDARG00000061960,5,2
ENSDARG00000061963,5,2
ENSDARG00000061970,3,2
ENSDARG00000061974,4,0
ENSDARG00000061976,2,0
ENSDARG00000061977,3,0
ENSDARG00000061981,1,0
ENSDARG00000061985,4,1
ENSDARG00000061986,0,2
ENSDARG00000061989,3,1
ENSDARG00000061990,2,0
ENSDARG00000061992,0,2
ENSDARG00000061993,1,1
ENSDARG00000062002,5,1
ENSDARG00000062008,0,1
ENSDARG00000062009,2,1
ENSDARG00000062016,5,1
ENSDARG00000062017,3,2
ENSDARG00000062019,2,0
ENSDARG00000062020,4,2
ENSDARG00000062021,3,2
ENSDARG00000062023,5,2
ENSDARG00000062024,3,2
ENSDARG00000062030,4,1
ENSDARG00000062040,4,0
ENSDARG00000062045,2,0
ENSDARG00000062049,0,0
ENSDARG00000062052,0,2
ENSDARG00000062054,3,2
ENSDARG00000062055,0,2
ENSDARG00000062056,2,1
ENSDARG00000062057,2,0
ENSDARG00000062058,3,0
ENSDARG00000062059,2,0
ENSDARG00000062060,1,0
ENSDARG00000062063,5,1
ENSDARG00000062077,2,1
ENSDARG00000062082,2,1
ENSDARG00000062084,3,1
ENSDARG00000062085,0,1
ENSDARG00000062086,2,0
ENSDARG00000062087,2,1
ENSDARG00000062089,1,0
ENSDARG00000062096,2,0
ENSDARG00000062101,4,0
ENSDARG00000062103,3,2
ENSDARG00000062106,5,2
ENSDARG00000062108,3,2
ENSDARG00000062111,2,1
ENSDARG00000062114,0,0
ENSDARG00000062116,0,0
ENSDARG00000062122,2,0
ENSDARG00000062129,2,0
ENSDARG00000062132,2,1
ENSDARG00000062134,2,0
ENSDARG00000062135,2,0
ENSDARG00000062138,0,2
ENSDARG00000062142,0,0
ENSDARG00000062146,1,0
ENSDARG00000062147,4,1
ENSDARG00000062148,5,1
ENSDARG00000062152,1,0
ENSDARG00000062154,3,1
ENSDARG00000062156,2,1
ENSDARG00000062164,0,2
ENSDARG00000062165,2,0
ENSDARG00000062168,0,2
ENSDARG00000062171,3,2
ENSDARG00000062174,3,1
ENSDARG00000062178,5,1
ENSDARG00000062181,0,0
ENSDARG00000062182,2,1
ENSDARG00000062187,1,0
ENSDARG00000062190,2,0
ENSDARG00000062192,0,0
ENSDARG00000062195,0,0
ENSDARG00000062199,3,0
ENSDARG00000062204,3,2
ENSDARG00000062206,1,0
ENSDARG00000062208,3,2
ENSDARG00000062216,1,0
ENSDARG00000062217,2,1
ENSDARG00000062220,3,0
ENSDARG00000062221,2,0
ENSDARG00000062222,2,0
ENSDARG00000062226,5,1
ENSDARG00000062228,5,1
ENSDARG00000062231,3,2
ENSDARG00000062235,4,1
ENSDARG00000062237,0,0
ENSDARG00000062241,2,0
ENSDARG00000062244,5,1
ENSDARG00000062248,5,1
ENSDARG00000062251,4,1
ENSDARG00000062262,4,0
ENSDARG00000062263,0,1
ENSDARG00000062266,1,1
ENSDARG00000062267,5,1
ENSDARG00000062268,1,0
ENSDARG00000062269,0,0
ENSDARG00000062272,3,0
ENSDARG00000062277,3,2
ENSDARG00000062278,3,1
ENSDARG00000062280,0,0
ENSDARG00000062289,2,0
ENSDARG00000062293,2,1
ENSDARG00000062297,5,1
ENSDARG00000062302,1,0
ENSDARG00000062304,2,0
ENSDARG00000062305,2,1
ENSDARG00000062307,0,0
ENSDARG00000062309,2,1
ENSDARG00000062310,0,0
ENSDARG00000062314,5,0
ENSDARG00000062315,4,1
ENSDARG00000062319,2,1
ENSDARG00000062323,3,2
ENSDARG00000062325,2,1
ENSDARG00000062328,2,0
ENSDARG00000062329,0,2
ENSDARG00000062330,0,0
ENSDARG00000062335,0,1
ENSDARG00000062338,4,0
ENSDARG00000062341,3,0
ENSDARG00000062346,2,1
ENSDARG00000062347,3,0
ENSDARG00000062349,3,2
ENSDARG00000062350,2,1
ENSDARG00000062352,0,2
ENSDARG00000062355,3,2
ENSDARG00000062357,2,1
ENSDARG00000062359,3,2
ENSDARG00000062361,5,0
ENSDARG00000062362,0,0
ENSDARG00000062363,4,2
ENSDARG00000062370,0,1
ENSDARG00000062374,0,2
ENSDARG00000062376,3,2
ENSDARG00000062377,0,2
ENSDARG00000062379,1,1
ENSDARG00000062381,4,1
ENSDARG00000062382,3,0
ENSDARG00000062396,1,0
ENSDARG00000062397,3,0
ENSDARG00000062402,4,0
ENSDARG00000062415,3,0
ENSDARG00000062418,0,2
ENSDARG00000062420,3,0
ENSDARG00000062421,0,2
ENSDARG00000062423,0,2
ENSDARG00000062425,3,2
ENSDARG00000062427,2,1
ENSDARG00000062429,4,0
ENSDARG00000062430,3,0
ENSDARG00000062442,2,1
ENSDARG00000062445,0,2
ENSDARG00000062446,4,1
ENSDARG00000062447,2,1
ENSDARG00000062448,3,2
ENSDARG00000062449,3,0
ENSDARG00000062457,1,1
ENSDARG00000062460,0,2
ENSDARG00000062462,2,1
ENSDARG00000062463,0,1
ENSDARG00000062465,5,1
ENSDARG00000062467,0,0
ENSDARG00000062469,5,2
ENSDARG00000062471,2,0
ENSDARG00000062472,1,1
ENSDARG00000062476,5,2
ENSDARG00000062477,2,1
ENSDARG00000062478,4,0
ENSDARG00000062479,3,1
ENSDARG00000062481,3,1
ENSDARG00000062483,3,2
ENSDARG00000062485,0,1
ENSDARG00000062487,2,1
ENSDARG00000062489,0,0
ENSDARG00000062501,3,2
ENSDARG00000062502,5,0
ENSDARG00000062506,5,2
ENSDARG00000062508,2,1
ENSDARG00000062510,3,2
ENSDARG00000062511,0,2
ENSDARG00000062515,0,0
ENSDARG00000062518,0,0
ENSDARG00000062519,3,0
ENSDARG00000062521,0,2
ENSDARG00000062530,0,0
ENSDARG00000062531,2,1
ENSDARG00000062532,2,0
ENSDARG00000062537,2,0
ENSDARG00000062538,0,2
ENSDARG00000062549,2,1
ENSDARG00000062550,5,2
ENSDARG00000062552,4,1
ENSDARG00000062553,2,0
ENSDARG00000062561,0,0
ENSDARG00000062562,0,0
ENSDARG00000062565,3,2
ENSDARG00000062568,1,1
ENSDARG00000062573,1,0
ENSDARG00000062575,0,1
ENSDARG00000062577,3,1
ENSDARG00000062579,4,2
ENSDARG00000062590,4,1
ENSDARG00000062592,4,0
ENSDARG00000062593,5,2
ENSDARG00000062594,2,0
ENSDARG00000062601,0,1
ENSDARG00000062606,2,1
ENSDARG00000062612,5,0
ENSDARG00000062618,2,1
ENSDARG00000062621,2,0
ENSDARG00000062630,3,2
ENSDARG00000062631,2,0
ENSDARG00000062632,1,1
ENSDARG00000062633,2,0
ENSDARG00000062634,2,0
ENSDARG00000062636,0,0
ENSDARG00000062640,2,0
ENSDARG00000062646,4,0
ENSDARG00000062650,0,0
ENSDARG00000062651,5,1
ENSDARG00000062655,0,2
ENSDARG00000062661,2,0
ENSDARG00000062662,4,1
ENSDARG00000062664,1,1
ENSDARG00000062667,3,2
ENSDARG00000062672,3,2
ENSDARG00000062686,2,1
ENSDARG00000062687,3,1
ENSDARG00000062688,3,1
ENSDARG00000062693,2,1
ENSDARG00000062696,0,2
ENSDARG00000062699,5,0
ENSDARG00000062702,3,1
ENSDARG00000062707,3,2
ENSDARG00000062711,2,0
ENSDARG00000062712,2,0
ENSDARG00000062720,3,2
ENSDARG00000062721,2,1
ENSDARG00000062727,5,1
ENSDARG00000062744,3,2
ENSDARG00000062745,2,1
ENSDARG00000062748,0,2
ENSDARG00000062749,5,0
ENSDARG00000062750,4,1
ENSDARG00000062752,4,1
ENSDARG00000062753,0,2
ENSDARG00000062756,2,0
ENSDARG00000062757,0,2
ENSDARG00000062758,3,0
ENSDARG00000062765,1,0
ENSDARG00000062770,0,2
ENSDARG00000062780,2,1
ENSDARG00000062781,4,0
ENSDARG00000062785,5,2
ENSDARG00000062788,3,2
ENSDARG00000062790,4,0
ENSDARG00000062797,3,2
ENSDARG00000062801,4,1
ENSDARG00000062806,4,0
ENSDARG00000062808,0,2
ENSDARG00000062811,2,0
ENSDARG00000062812,3,0
ENSDARG00000062817,4,1
ENSDARG00000062820,2,1
ENSDARG00000062821,2,1
ENSDARG00000062823,0,1
ENSDARG00000062824,4,0
ENSDARG00000062828,4,2
ENSDARG00000062830,2,1
ENSDARG00000062831,0,1
ENSDARG00000062834,1,0
ENSDARG00000062837,1,0
ENSDARG00000062846,1,0
ENSDARG00000062849,2,1
ENSDARG00000062854,3,0
ENSDARG00000062855,4,1
ENSDARG00000062865,3,1
ENSDARG00000062868,5,2
ENSDARG00000062872,0,0
ENSDARG00000062873,2,1
ENSDARG00000062874,2,1
ENSDARG00000062880,2,0
ENSDARG00000062884,0,2
ENSDARG00000062887,2,1
ENSDARG00000062892,4,0
ENSDARG00000062893,0,0
ENSDARG00000062897,0,2
ENSDARG00000062900,4,1
ENSDARG00000062902,3,2
ENSDARG00000062904,4,0
ENSDARG00000062906,2,1
ENSDARG00000062909,0,2
ENSDARG00000062915,5,1
ENSDARG00000062919,5,1
ENSDARG00000062924,4,1
ENSDARG00000062933,4,2
ENSDARG00000062934,2,1
ENSDARG00000062936,4,1
ENSDARG00000062942,2,1
ENSDARG00000062943,1,0
ENSDARG00000062947,2,1
ENSDARG00000062948,4,1
ENSDARG00000062949,0,2
ENSDARG00000062951,0,1
ENSDARG00000062954,4,1
ENSDARG00000062955,0,2
ENSDARG00000062956,3,0
ENSDARG00000062959,2,1
ENSDARG00000062962,0,0
ENSDARG00000062965,0,2
ENSDARG00000062967,3,2
ENSDARG00000062968,0,0
ENSDARG00000062971,2,0
ENSDARG00000062972,5,1
ENSDARG00000062973,0,0
ENSDARG00000062974,2,0
ENSDARG00000062976,0,0
ENSDARG00000062977,0,2
ENSDARG00000062978,4,0
ENSDARG00000062983,5,2
ENSDARG00000062986,0,2
ENSDARG00000062987,5,1
ENSDARG00000062991,0,1
ENSDARG00000062995,2,0
ENSDARG00000062997,5,0
ENSDARG00000062998,2,0
ENSDARG00000063001,0,0
ENSDARG00000063003,1,0
ENSDARG00000063005,5,0
ENSDARG00000063006,2,1
ENSDARG00000063007,3,0
ENSDARG00000063008,2,1
ENSDARG00000063009,4,1
ENSDARG00000063011,2,1
ENSDARG00000063014,2,1
ENSDARG00000063018,3,2
ENSDARG00000063019,2,1
ENSDARG00000063021,0,0
ENSDARG00000063026,2,1
ENSDARG00000063030,4,1
ENSDARG00000063031,1,1
ENSDARG00000063032,0,1
ENSDARG00000063036,3,2
ENSDARG00000063037,0,2
ENSDARG00000063040,0,2
ENSDARG00000063049,5,1
ENSDARG00000063050,0,1
ENSDARG00000063051,5,0
ENSDARG00000063054,3,2
ENSDARG00000063056,2,0
ENSDARG00000063059,2,1
ENSDARG00000063062,0,0
ENSDARG00000063068,3,1
ENSDARG00000063069,0,0
ENSDARG00000063075,4,0
ENSDARG00000063078,2,1
ENSDARG00000063079,0,0
ENSDARG00000063088,5,1
ENSDARG00000063089,3,0
ENSDARG00000063095,3,2
ENSDARG00000063097,4,1
ENSDARG00000063100,1,1
ENSDARG00000063101,3,0
ENSDARG00000063108,4,1
ENSDARG00000063111,1,1
ENSDARG00000063126,4,1
ENSDARG00000063129,2,1
ENSDARG00000063133,3,2
ENSDARG00000063140,0,1
ENSDARG00000063144,3,2
ENSDARG00000063145,4,1
ENSDARG00000063149,3,2
ENSDARG00000063150,3,1
ENSDARG00000063153,3,2
ENSDARG00000063155,5,0
ENSDARG00000063157,3,2
ENSDARG00000063158,2,0
ENSDARG00000063159,0,1
ENSDARG00000063161,1,1
ENSDARG00000063162,2,0
ENSDARG00000063169,0,0
ENSDARG00000063180,2,0
ENSDARG00000063182,5,2
ENSDARG00000063186,2,1
ENSDARG00000063187,5,1
ENSDARG00000063190,0,2
ENSDARG00000063194,1,1
ENSDARG00000063195,5,2
ENSDARG00000063197,0,0
ENSDARG00000063207,2,0
ENSDARG00000063211,5,2
ENSDARG00000063212,5,1
ENSDARG00000063213,1,0
ENSDARG00000063215,0,1
ENSDARG00000063218,0,2
ENSDARG00000063223,3,2
ENSDARG00000063224,3,2
ENSDARG00000063229,1,1
ENSDARG00000063230,4,0
ENSDARG00000063233,1,0
ENSDARG00000063242,0,1
ENSDARG00000063244,4,1
ENSDARG00000063249,1,1
ENSDARG00000063250,3,0
ENSDARG00000063252,5,2
ENSDARG00000063253,3,0
ENSDARG00000063254,0,2
ENSDARG00000063255,3,2
ENSDARG00000063257,4,0
ENSDARG00000063258,4,1
ENSDARG00000063264,3,2
ENSDARG00000063268,3,0
ENSDARG00000063270,0,0
ENSDARG00000063276,5,2
ENSDARG00000063283,4,2
ENSDARG00000063285,1,0
ENSDARG00000063288,4,1
ENSDARG00000063292,4,0
ENSDARG00000063293,2,1
ENSDARG00000063297,0,1
ENSDARG00000063299,3,2
ENSDARG00000063300,0,2
ENSDARG00000063307,3,0
ENSDARG00000063309,5,1
ENSDARG00000063310,0,0
ENSDARG00000063311,4,0
ENSDARG00000063313,5,0
ENSDARG00000063314,2,0
ENSDARG00000063319,2,1
ENSDARG00000063321,5,1
ENSDARG00000063332,0,2
ENSDARG00000063341,4,0
ENSDARG00000063344,0,0
ENSDARG00000063347,0,1
ENSDARG00000063352,0,0
ENSDARG00000063354,2,0
ENSDARG00000063357,2,1
ENSDARG00000063358,3,0
ENSDARG00000063361,0,2
ENSDARG00000063370,4,0
ENSDARG00000063371,4,1
ENSDARG00000063372,2,0
ENSDARG00000063375,0,0
ENSDARG00000063385,1,1
ENSDARG00000063387,0,2
ENSDARG00000063390,0,2
ENSDARG00000063407,4,0
ENSDARG00000063411,2,1
ENSDARG00000063412,3,2
ENSDARG00000063414,0,1
ENSDARG00000063416,1,0
ENSDARG00000063417,5,2
ENSDARG00000063419,5,1
ENSDARG00000063433,2,0
ENSDARG00000063435,5,0
ENSDARG00000063436,3,2
ENSDARG00000063437,3,2
ENSDARG00000063444,4,1
ENSDARG00000063445,0,1
ENSDARG00000063446,1,0
ENSDARG00000063451,1,0
ENSDARG00000063457,0,0
ENSDARG00000063466,5,0
ENSDARG00000063474,0,2
ENSDARG00000063475,2,0
ENSDARG00000063481,2,1
ENSDARG00000063509,2,0
ENSDARG00000063511,2,0
ENSDARG00000063518,4,1
ENSDARG00000063519,2,1
ENSDARG00000063522,0,0
ENSDARG00000063527,3,1
ENSDARG00000063539,2,0
ENSDARG00000063544,2,0
ENSDARG00000063553,0,2
ENSDARG00000063555,1,1
ENSDARG00000063563,3,2
ENSDARG00000063568,0,2
ENSDARG00000063573,2,0
ENSDARG00000063574,1,0
ENSDARG00000063577,0,0
ENSDARG00000063578,3,0
ENSDARG00000063580,1,1
ENSDARG00000063583,0,2
ENSDARG00000063588,5,2
ENSDARG00000063594,0,0
ENSDARG00000063596,5,0
ENSDARG00000063604,2,1
ENSDARG00000063612,4,1
ENSDARG00000063613,2,0
ENSDARG00000063614,3,1
ENSDARG00000063621,4,0
ENSDARG00000063626,5,0
ENSDARG00000063627,5,2
ENSDARG00000063631,3,0
ENSDARG00000063635,2,1
ENSDARG00000063636,2,0
ENSDARG00000063649,5,2
ENSDARG00000063661,5,0
ENSDARG00000063663,1,0
ENSDARG00000063670,5,2
ENSDARG00000063672,5,0
ENSDARG00000063677,4,0
ENSDARG00000063682,3,2
ENSDARG00000063684,3,2
ENSDARG00000063686,1,1
ENSDARG00000063690,4,1
ENSDARG00000063701,5,2
ENSDARG00000063706,2,1
ENSDARG00000063711,3,0
ENSDARG00000063713,2,0
ENSDARG00000063718,5,2
ENSDARG00000063719,5,2
ENSDARG00000063726,5,1
ENSDARG00000063730,0,2
ENSDARG00000063731,5,2
ENSDARG00000063732,3,0
ENSDARG00000063882,3,0
ENSDARG00000063895,3,0
ENSDARG00000063899,3,0
ENSDARG00000063905,2,0
ENSDARG00000063908,2,1
ENSDARG00000063910,3,2
ENSDARG00000063911,2,0
ENSDARG00000063912,2,0
ENSDARG00000063916,3,0
ENSDARG00000063917,2,0
ENSDARG00000063921,2,0
ENSDARG00000063922,0,0
ENSDARG00000063924,2,0
ENSDARG00000067507,2,0
ENSDARG00000067509,2,0
ENSDARG00000067520,4,1
ENSDARG00000067524,5,0
ENSDARG00000067537,4,1
ENSDARG00000067544,4,0
ENSDARG00000067545,3,2
ENSDARG00000067546,0,0
ENSDARG00000067549,3,0
ENSDARG00000067560,1,0
ENSDARG00000067563,4,1
ENSDARG00000067566,2,0
ENSDARG00000067567,3,2
ENSDARG00000067591,3,2
ENSDARG00000067592,1,1
ENSDARG00000067596,5,1
ENSDARG00000067601,5,2
ENSDARG00000067605,3,2
ENSDARG00000067606,4,0
ENSDARG00000067608,5,1
ENSDARG00000067613,5,2
ENSDARG00000067626,3,2
ENSDARG00000067630,2,0
ENSDARG00000067639,5,2
ENSDARG00000067646,2,0
ENSDARG00000067658,5,2
ENSDARG00000067661,0,0
ENSDARG00000067664,2,1
ENSDARG00000067665,0,2
ENSDARG00000067668,5,1
ENSDARG00000067669,0,1
ENSDARG00000067670,0,2
ENSDARG00000067672,4,1
ENSDARG00000067673,0,0
ENSDARG00000067676,3,0
ENSDARG00000067701,3,2
ENSDARG00000067710,3,2
ENSDARG00000067711,4,0
ENSDARG00000067713,5,1
ENSDARG00000067714,3,2
ENSDARG00000067717,0,0
ENSDARG00000067718,0,0
ENSDARG00000067719,4,1
ENSDARG00000067723,0,1
ENSDARG00000067729,4,0
ENSDARG00000067730,0,0
ENSDARG00000067741,0,0
ENSDARG00000067751,4,0
ENSDARG00000067752,5,1
ENSDARG00000067777,1,1
ENSDARG00000067781,3,2
ENSDARG00000067784,0,1
ENSDARG00000067794,0,1
ENSDARG00000067795,4,1
ENSDARG00000067796,3,1
ENSDARG00000067797,3,2
ENSDARG00000067806,2,0
ENSDARG00000067808,1,1
ENSDARG00000067813,2,0
ENSDARG00000067814,5,0
ENSDARG00000067815,0,1
ENSDARG00000067817,3,0
ENSDARG00000067824,2,0
ENSDARG00000067828,2,1
ENSDARG00000067829,3,2
ENSDARG00000067831,4,0
ENSDARG00000067832,2,0
ENSDARG00000067838,4,1
ENSDARG00000067847,2,1
ENSDARG00000067848,4,1
ENSDARG00000067850,2,0
ENSDARG00000067851,3,2
ENSDARG00000067872,2,1
ENSDARG00000067889,2,0
ENSDARG00000067912,3,0
ENSDARG00000067913,5,2
ENSDARG00000067916,2,0
ENSDARG00000067918,5,0
ENSDARG00000067920,1,0
ENSDARG00000067925,2,1
ENSDARG00000067927,4,0
ENSDARG00000067950,0,2
ENSDARG00000067958,5,1
ENSDARG00000067964,3,2
ENSDARG00000067975,4,0
ENSDARG00000067976,3,0
ENSDARG00000067977,5,-1
ENSDARG00000067979,5,0
ENSDARG00000067981,5,2
ENSDARG00000067984,4,1
ENSDARG00000067990,3,2
ENSDARG00000067992,0,0
ENSDARG00000067995,3,2
ENSDARG00000067996,0,2
ENSDARG00000067997,4,1
ENSDARG00000067999,3,2
ENSDARG00000068006,2,0
ENSDARG00000068011,1,1
ENSDARG00000068018,2,0
ENSDARG00000068021,5,2
ENSDARG00000068030,2,0
ENSDARG00000068036,4,0
ENSDARG00000068050,0,0
ENSDARG00000068064,5,2
ENSDARG00000068065,2,1
ENSDARG00000068082,5,0
ENSDARG00000068086,2,1
ENSDARG00000068088,2,1
ENSDARG00000068096,0,0
ENSDARG00000068098,2,1
ENSDARG00000068100,2,0
ENSDARG00000068103,4,2
ENSDARG00000068104,2,0
ENSDARG00000068110,2,1
ENSDARG00000068114,3,2
ENSDARG00000068122,4,0
ENSDARG00000068123,0,0
ENSDARG00000068124,0,0
ENSDARG00000068125,5,1
ENSDARG00000068126,3,2
ENSDARG00000068127,3,2
ENSDARG00000068128,0,2
ENSDARG00000068130,4,1
ENSDARG00000068138,0,2
ENSDARG00000068140,2,0
ENSDARG00000068141,2,0
ENSDARG00000068143,1,1
ENSDARG00000068144,2,1
ENSDARG00000068145,1,1
ENSDARG00000068148,0,0
ENSDARG00000068149,3,0
ENSDARG00000068152,5,1
ENSDARG00000068156,4,0
ENSDARG00000068157,5,1
ENSDARG00000068161,2,1
ENSDARG00000068166,0,2
ENSDARG00000068168,3,1
ENSDARG00000068175,5,2
ENSDARG00000068176,0,0
ENSDARG00000068179,2,0
ENSDARG00000068181,2,1
ENSDARG00000068182,5,2
ENSDARG00000068187,2,0
ENSDARG00000068190,5,0
ENSDARG00000068191,4,1
ENSDARG00000068192,1,0
ENSDARG00000068193,0,0
ENSDARG00000068194,2,0
ENSDARG00000068199,2,0
ENSDARG00000068208,3,0
ENSDARG00000068213,4,0
ENSDARG00000068214,4,1
ENSDARG00000068217,3,0
ENSDARG00000068219,0,2
ENSDARG00000068220,2,1
ENSDARG00000068221,4,1
ENSDARG00000068227,0,1
ENSDARG00000068231,0,0
ENSDARG00000068233,2,1
ENSDARG00000068240,2,1
ENSDARG00000068242,2,0
ENSDARG00000068247,3,2
ENSDARG00000068250,5,0
ENSDARG00000068255,5,1
ENSDARG00000068256,1,1
ENSDARG00000068257,2,1
ENSDARG00000068258,4,2
ENSDARG00000068261,0,1
ENSDARG00000068262,3,0
ENSDARG00000068263,3,2
ENSDARG00000068264,0,1
ENSDARG00000068265,4,1
ENSDARG00000068274,2,1
ENSDARG00000068275,3,2
ENSDARG00000068279,4,1
ENSDARG00000068280,4,0
ENSDARG00000068283,3,2
ENSDARG00000068286,0,0
ENSDARG00000068288,2,1
ENSDARG00000068296,3,1
ENSDARG00000068303,0,1
ENSDARG00000068305,4,2
ENSDARG00000068323,0,1
ENSDARG00000068344,0,0
ENSDARG00000068363,3,2
ENSDARG00000068365,4,0
ENSDARG00000068366,1,1
ENSDARG00000068367,0,2
ENSDARG00000068369,4,0
ENSDARG00000068370,2,0
ENSDARG00000068372,1,1
ENSDARG00000068380,2,1
ENSDARG00000068382,2,1
ENSDARG00000068387,2,1
ENSDARG00000068397,4,1
ENSDARG00000068398,2,0
ENSDARG00000068400,5,1
ENSDARG00000068401,1,1
ENSDARG00000068404,5,1
ENSDARG00000068406,5,2
ENSDARG00000068407,2,1
ENSDARG00000068409,1,1
ENSDARG00000068415,5,1
ENSDARG00000068417,3,0
ENSDARG00000068421,3,2
ENSDARG00000068428,2,1
ENSDARG00000068431,4,0
ENSDARG00000068432,4,1
ENSDARG00000068434,4,0
ENSDARG00000068436,4,1
ENSDARG00000068438,0,0
ENSDARG00000068453,3,1
ENSDARG00000068456,3,2
ENSDARG00000068457,3,2
ENSDARG00000068460,3,2
ENSDARG00000068461,2,0
ENSDARG00000068465,0,1
ENSDARG00000068468,2,1
ENSDARG00000068474,2,1
ENSDARG00000068478,4,0
ENSDARG00000068480,3,1
ENSDARG00000068483,0,1
ENSDARG00000068484,0,0
ENSDARG00000068493,2,1
ENSDARG00000068503,5,0
ENSDARG00000068507,3,2
ENSDARG00000068515,2,1
ENSDARG00000068516,4,0
ENSDARG00000068520,2,1
ENSDARG00000068542,2,1
ENSDARG00000068549,2,1
ENSDARG00000068551,2,1
ENSDARG00000068557,0,2
ENSDARG00000068562,0,2
ENSDARG00000068566,2,-1
ENSDARG00000068567,4,0
ENSDARG00000068572,5,0
ENSDARG00000068575,0,0
ENSDARG00000068576,2,1
ENSDARG00000068580,2,1
ENSDARG00000068582,0,1
ENSDARG00000068586,2,1
ENSDARG00000068587,1,0
ENSDARG00000068589,4,1
ENSDARG00000068590,0,0
ENSDARG00000068593,0,1
ENSDARG00000068601,1,0
ENSDARG00000068602,2,0
ENSDARG00000068621,2,1
ENSDARG00000068624,2,0
ENSDARG00000068628,3,2
ENSDARG00000068637,3,2
ENSDARG00000068638,2,1
ENSDARG00000068640,1,1
ENSDARG00000068641,1,0
ENSDARG00000068650,3,0
ENSDARG00000068653,0,0
ENSDARG00000068655,1,0
ENSDARG00000068657,2,1
ENSDARG00000068659,4,1
ENSDARG00000068660,5,1
ENSDARG00000068678,3,0
ENSDARG00000068680,2,1
ENSDARG00000068681,4,1
ENSDARG00000068683,0,1
ENSDARG00000068691,3,2
ENSDARG00000068701,3,0
ENSDARG00000068702,4,0
ENSDARG00000068705,0,2
ENSDARG00000068708,3,2
ENSDARG00000068709,2,0
ENSDARG00000068710,3,2
ENSDARG00000068711,2,0
ENSDARG00000068714,0,1
ENSDARG00000068716,3,2
ENSDARG00000068719,4,2
ENSDARG00000068726,4,1
ENSDARG00000068729,0,2
ENSDARG00000068731,2,1
ENSDARG00000068738,2,1
ENSDARG00000068742,1,1
ENSDARG00000068745,3,2
ENSDARG00000068749,5,2
ENSDARG00000068755,5,1
ENSDARG00000068759,1,0
ENSDARG00000068761,5,0
ENSDARG00000068763,5,1
ENSDARG00000068782,3,2
ENSDARG00000068787,2,1
ENSDARG00000068792,5,0
ENSDARG00000068800,1,0
ENSDARG00000068812,2,0
ENSDARG00000068814,0,0
ENSDARG00000068817,1,1
ENSDARG00000068819,5,2
ENSDARG00000068820,1,0
ENSDARG00000068822,3,1
ENSDARG00000068828,5,2
ENSDARG00000068830,5,2
ENSDARG00000068833,4,2
ENSDARG00000068840,5,1
ENSDARG00000068846,0,1
ENSDARG00000068849,3,2
ENSDARG00000068855,4,1
ENSDARG00000068856,0,0
ENSDARG00000068857,3,2
ENSDARG00000068858,2,1
ENSDARG00000068863,3,0
ENSDARG00000068865,0,2
ENSDARG00000068868,3,0
ENSDARG00000068870,4,1
ENSDARG00000068874,0,0
ENSDARG00000068876,2,1
ENSDARG00000068883,2,0
ENSDARG00000068886,4,1
ENSDARG00000068888,4,1
ENSDARG00000068893,5,1
ENSDARG00000068894,1,0
ENSDARG00000068910,4,1
ENSDARG00000068912,3,0
ENSDARG00000068915,4,0
ENSDARG00000068918,4,1
ENSDARG00000068919,0,2
ENSDARG00000068923,2,0
ENSDARG00000068926,0,2
ENSDARG00000068934,3,1
ENSDARG00000068939,0,1
ENSDARG00000068940,3,1
ENSDARG00000068941,5,0
ENSDARG00000068945,1,1
ENSDARG00000068947,4,2
ENSDARG00000068958,0,2
ENSDARG00000068965,0,1
ENSDARG00000068966,3,2
ENSDARG00000068967,0,2
ENSDARG00000068969,3,2
ENSDARG00000068973,4,0
ENSDARG00000068974,3,2
ENSDARG00000068976,3,2
ENSDARG00000068978,1,0
ENSDARG00000068981,0,0
ENSDARG00000068982,0,2
ENSDARG00000068983,0,0
ENSDARG00000068989,3,2
ENSDARG00000068991,4,1
ENSDARG00000068994,4,1
ENSDARG00000068996,4,1
ENSDARG00000069003,0,2
ENSDARG00000069009,0,0
ENSDARG00000069011,2,0
ENSDARG00000069012,1,1
ENSDARG00000069013,4,1
ENSDARG00000069014,0,1
ENSDARG00000069017,2,1
ENSDARG00000069018,2,1
ENSDARG00000069026,2,0
ENSDARG00000069027,3,2
ENSDARG00000069028,5,0
ENSDARG00000069029,5,0
ENSDARG00000069030,3,1
ENSDARG00000069031,3,2
ENSDARG00000069033,1,1
ENSDARG00000069037,0,0
ENSDARG00000069038,2,1
ENSDARG00000069044,1,0
ENSDARG00000069045,1,1
ENSDARG00000069046,5,0
ENSDARG00000069048,3,2
ENSDARG00000069056,1,0
ENSDARG00000069058,4,1
ENSDARG00000069065,0,0
ENSDARG00000069066,0,0
ENSDARG00000069074,2,0
ENSDARG00000069082,0,2
ENSDARG00000069085,5,1
ENSDARG00000069089,3,2
ENSDARG00000069090,3,0
ENSDARG00000069093,4,1
ENSDARG00000069095,2,0
ENSDARG00000069101,2,0
ENSDARG00000069102,0,0
ENSDARG00000069103,2,1
ENSDARG00000069106,3,0
ENSDARG00000069111,1,1
ENSDARG00000069113,4,0
ENSDARG00000069114,0,2
ENSDARG00000069117,2,1
ENSDARG00000069122,5,0
ENSDARG00000069129,0,0
ENSDARG00000069133,2,1
ENSDARG00000069134,2,1
ENSDARG00000069135,0,1
ENSDARG00000069143,3,2
ENSDARG00000069147,0,1
ENSDARG00000069150,2,0
ENSDARG00000069157,2,0
ENSDARG00000069160,2,1
ENSDARG00000069169,0,2
ENSDARG00000069171,2,0
ENSDARG00000069175,5,1
ENSDARG00000069184,4,1
ENSDARG00000069186,2,1
ENSDARG00000069189,1,1
ENSDARG00000069190,2,1
ENSDARG00000069194,5,1
ENSDARG00000069196,3,2
ENSDARG00000069206,2,-1
ENSDARG00000069208,2,1
ENSDARG00000069211,1,0
ENSDARG00000069213,2,1
ENSDARG00000069214,1,0
ENSDARG00000069216,0,0
ENSDARG00000069230,0,1
ENSDARG00000069240,2,1
ENSDARG00000069241,0,0
ENSDARG00000069242,1,0
ENSDARG00000069244,0,0
ENSDARG00000069245,3,2
ENSDARG00000069246,3,1
ENSDARG00000069249,0,2
ENSDARG00000069250,0,0
ENSDARG00000069251,0,1
ENSDARG00000069252,5,2
ENSDARG00000069254,2,1
ENSDARG00000069260,2,0
ENSDARG00000069262,3,2
ENSDARG00000069264,4,1
ENSDARG00000069265,3,1
ENSDARG00000069266,2,1
ENSDARG00000069269,1,1
ENSDARG00000069271,5,0
ENSDARG00000069274,5,0
ENSDARG00000069276,1,1
ENSDARG00000069278,5,1
ENSDARG00000069279,5,0
ENSDARG00000069280,4,1
ENSDARG00000069281,5,2
ENSDARG00000069282,2,1
ENSDARG00000069283,5,0
ENSDARG00000069286,1,0
ENSDARG00000069289,1,1
ENSDARG00000069290,5,0
ENSDARG00000069292,3,2
ENSDARG00000069294,2,1
ENSDARG00000069295,4,1
ENSDARG00000069296,2,1
ENSDARG00000069297,3,2
ENSDARG00000069301,5,1
ENSDARG00000069302,0,0
ENSDARG00000069305,5,0
ENSDARG00000069307,4,1
ENSDARG00000069311,2,0
ENSDARG00000069314,5,1
ENSDARG00000069318,0,2
ENSDARG00000069321,0,1
ENSDARG00000069323,2,0
ENSDARG00000069324,5,2
ENSDARG00000069326,5,1
ENSDARG00000069327,3,2
ENSDARG00000069328,0,2
ENSDARG00000069329,4,1
ENSDARG00000069331,0,1
ENSDARG00000069332,2,0
ENSDARG00000069333,2,0
ENSDARG00000069334,4,1
ENSDARG00000069335,3,2
ENSDARG00000069339,0,2
ENSDARG00000069342,1,1
ENSDARG00000069360,4,1
ENSDARG00000069361,2,0
ENSDARG00000069362,5,0
ENSDARG00000069363,2,0
ENSDARG00000069368,2,0
ENSDARG00000069373,5,0
ENSDARG00000069374,0,0
ENSDARG00000069375,4,0
ENSDARG00000069376,2,1
ENSDARG00000069377,3,2
ENSDARG00000069378,5,0
ENSDARG00000069379,5,0
ENSDARG00000069381,4,0
ENSDARG00000069382,5,0
ENSDARG00000069383,3,0
ENSDARG00000069386,5,1
ENSDARG00000069388,4,0
ENSDARG00000069390,2,0
ENSDARG00000069401,0,1
ENSDARG00000069402,3,2
ENSDARG00000069404,3,2
ENSDARG00000069407,2,1
ENSDARG00000069409,0,0
ENSDARG00000069411,2,1
ENSDARG00000069415,3,2
ENSDARG00000069420,0,2
ENSDARG00000069422,5,-1
ENSDARG00000069423,3,2
ENSDARG00000069425,3,2
ENSDARG00000069427,3,0
ENSDARG00000069428,0,0
ENSDARG00000069430,0,1
ENSDARG00000069431,5,0
ENSDARG00000069432,0,1
ENSDARG00000069433,0,1
ENSDARG00000069435,4,2
ENSDARG00000069438,3,2
ENSDARG00000069439,4,0
ENSDARG00000069440,3,0
ENSDARG00000069441,3,2
ENSDARG00000069445,1,1
ENSDARG00000069446,3,2
ENSDARG00000069450,2,1
ENSDARG00000069451,3,2
ENSDARG00000069453,0,0
ENSDARG00000069459,3,2
ENSDARG00000069461,4,1
ENSDARG00000069463,4,1
ENSDARG00000069464,2,0
ENSDARG00000069467,2,0
ENSDARG00000069469,3,0
ENSDARG00000069471,2,0
ENSDARG00000069472,4,1
ENSDARG00000069473,3,2
ENSDARG00000069476,0,0
ENSDARG00000069478,2,1
ENSDARG00000069481,4,0
ENSDARG00000069482,0,2
ENSDARG00000069484,3,1
ENSDARG00000069485,0,0
ENSDARG00000069494,1,1
ENSDARG00000069495,2,0
ENSDARG00000069496,3,1
ENSDARG00000069497,4,1
ENSDARG00000069498,3,0
ENSDARG00000069500,2,1
ENSDARG00000069501,3,0
ENSDARG00000069503,4,1
ENSDARG00000069504,2,1
ENSDARG00000069507,5,2
ENSDARG00000069515,4,0
ENSDARG00000069518,2,1
ENSDARG00000069521,2,1
ENSDARG00000069524,2,1
ENSDARG00000069525,0,0
ENSDARG00000069527,5,2
ENSDARG00000069529,4,1
ENSDARG00000069537,5,2
ENSDARG00000069538,5,1
ENSDARG00000069542,0,0
ENSDARG00000069543,0,0
ENSDARG00000069545,1,0
ENSDARG00000069548,2,0
ENSDARG00000069549,3,1
ENSDARG00000069552,3,2
ENSDARG00000069555,2,1
ENSDARG00000069559,3,2
ENSDARG00000069560,3,0
ENSDARG00000069566,2,1
ENSDARG00000069583,4,0
ENSDARG00000069589,3,2
ENSDARG00000069590,2,1
ENSDARG00000069594,0,2
ENSDARG00000069595,5,1
ENSDARG00000069598,2,0
ENSDARG00000069600,0,2
ENSDARG00000069601,5,1
ENSDARG00000069603,2,0
ENSDARG00000069607,2,1
ENSDARG00000069608,4,1
ENSDARG00000069615,2,1
ENSDARG00000069619,5,1
ENSDARG00000069624,4,1
ENSDARG00000069627,3,2
ENSDARG00000069632,2,1
ENSDARG00000069640,4,1
ENSDARG00000069649,4,1
ENSDARG00000069654,0,2
ENSDARG00000069660,3,0
ENSDARG00000069661,0,0
ENSDARG00000069662,0,0
ENSDARG00000069669,2,1
ENSDARG00000069671,5,1
ENSDARG00000069672,1,0
ENSDARG00000069673,3,0
ENSDARG00000069674,0,0
ENSDARG00000069675,3,2
ENSDARG00000069677,0,1
ENSDARG00000069681,1,0
ENSDARG00000069692,4,0
ENSDARG00000069698,4,0
ENSDARG00000069701,2,0
ENSDARG00000069703,0,2
ENSDARG00000069706,1,0
ENSDARG00000069708,0,1
ENSDARG00000069710,2,1
ENSDARG00000069715,4,1
ENSDARG00000069723,4,2
ENSDARG00000069726,3,2
ENSDARG00000069728,3,2
ENSDARG00000069729,1,0
ENSDARG00000069733,3,2
ENSDARG00000069734,4,1
ENSDARG00000069735,5,0
ENSDARG00000069737,3,1
ENSDARG00000069739,2,1
ENSDARG00000069742,0,2
ENSDARG00000069744,0,0
ENSDARG00000069745,0,0
ENSDARG00000069748,2,1
ENSDARG00000069752,3,1
ENSDARG00000069755,4,1
ENSDARG00000069758,0,1
ENSDARG00000069763,5,1
ENSDARG00000069765,2,1
ENSDARG00000069766,0,0
ENSDARG00000069767,2,0
ENSDARG00000069769,1,1
ENSDARG00000069773,4,1
ENSDARG00000069774,2,0
ENSDARG00000069775,3,2
ENSDARG00000069780,5,2
ENSDARG00000069781,2,0
ENSDARG00000069787,0,0
ENSDARG00000069790,5,2
ENSDARG00000069792,3,2
ENSDARG00000069795,4,1
ENSDARG00000069799,1,1
ENSDARG00000069801,2,1
ENSDARG00000069804,3,2
ENSDARG00000069807,0,2
ENSDARG00000069808,5,1
ENSDARG00000069815,4,1
ENSDARG00000069817,3,2
ENSDARG00000069823,4,2
ENSDARG00000069826,2,1
ENSDARG00000069827,2,1
ENSDARG00000069828,4,1
ENSDARG00000069829,0,0
ENSDARG00000069832,2,0
ENSDARG00000069833,2,0
ENSDARG00000069834,5,2
ENSDARG00000069839,2,0
ENSDARG00000069843,2,0
ENSDARG00000069844,2,0
ENSDARG00000069846,0,1
ENSDARG00000069848,2,1
ENSDARG00000069852,5,1
ENSDARG00000069853,4,2
ENSDARG00000069855,5,1
ENSDARG00000069857,0,2
ENSDARG00000069865,0,1
ENSDARG00000069866,4,0
ENSDARG00000069878,5,0
ENSDARG00000069888,4,1
ENSDARG00000069893,5,1
ENSDARG00000069895,2,0
ENSDARG00000069901,1,1
ENSDARG00000069904,3,1
ENSDARG00000069909,5,2
ENSDARG00000069910,1,0
ENSDARG00000069912,4,1
ENSDARG00000069917,1,0
ENSDARG00000069922,4,1
ENSDARG00000069926,3,0
ENSDARG00000069928,2,0
ENSDARG00000069929,4,0
ENSDARG00000069934,5,0
ENSDARG00000069937,0,0
ENSDARG00000069940,3,0
ENSDARG00000069941,5,0
ENSDARG00000069944,2,1
ENSDARG00000069945,3,0
ENSDARG00000069946,4,0
ENSDARG00000069951,2,0
ENSDARG00000069953,3,0
ENSDARG00000069954,2,0
ENSDARG00000069956,5,2
ENSDARG00000069957,5,2
ENSDARG00000069958,5,1
ENSDARG00000069961,5,0
ENSDARG00000069966,5,2
ENSDARG00000069968,0,0
ENSDARG00000069970,2,1
ENSDARG00000069977,1,1
ENSDARG00000069978,2,0
ENSDARG00000069980,1,0
ENSDARG00000069981,3,2
ENSDARG00000069988,2,1
ENSDARG00000069989,3,2
ENSDARG00000069995,5,1
ENSDARG00000069996,4,1
ENSDARG00000069998,3,2
ENSDARG00000070000,3,0
ENSDARG00000070006,4,1
ENSDARG00000070011,0,2
ENSDARG00000070013,4,0
ENSDARG00000070015,1,1
ENSDARG00000070019,1,0
ENSDARG00000070021,2,1
ENSDARG00000070025,3,0
ENSDARG00000070028,0,2
ENSDARG00000070029,0,0
ENSDARG00000070037,2,1
ENSDARG00000070038,3,2
ENSDARG00000070039,1,1
ENSDARG00000070040,0,0
ENSDARG00000070041,2,1
ENSDARG00000070043,4,2
ENSDARG00000070045,3,0
ENSDARG00000070046,1,0
ENSDARG00000070047,4,1
ENSDARG00000070048,5,1
ENSDARG00000070050,4,1
ENSDARG00000070052,0,0
ENSDARG00000070053,3,2
ENSDARG00000070055,0,2
ENSDARG00000070056,3,2
ENSDARG00000070057,4,0
ENSDARG00000070059,1,0
ENSDARG00000070061,1,0
ENSDARG00000070069,4,0
ENSDARG00000070073,2,0
ENSDARG00000070074,3,0
ENSDARG00000070076,5,2
ENSDARG00000070078,2,1
ENSDARG00000070080,3,0
ENSDARG00000070083,4,1
ENSDARG00000070084,1,0
ENSDARG00000070085,0,0
ENSDARG00000070092,2,1
ENSDARG00000070097,0,2
ENSDARG00000070098,0,0
ENSDARG00000070100,2,1
ENSDARG00000070107,4,0
ENSDARG00000070108,1,1
ENSDARG00000070109,5,1
ENSDARG00000070110,4,2
ENSDARG00000070119,4,1
ENSDARG00000070121,2,1
ENSDARG00000070124,1,0
ENSDARG00000070127,5,1
ENSDARG00000070131,5,1
ENSDARG00000070138,5,1
ENSDARG00000070140,2,1
ENSDARG00000070145,4,0
ENSDARG00000070148,2,1
ENSDARG00000070150,0,2
ENSDARG00000070151,1,0
ENSDARG00000070155,4,1
ENSDARG00000070157,4,1
ENSDARG00000070161,5,1
ENSDARG00000070162,4,0
ENSDARG00000070165,0,2
ENSDARG00000070166,0,1
ENSDARG00000070168,4,0
ENSDARG00000070170,2,1
ENSDARG00000070173,3,2
ENSDARG00000070174,4,1
ENSDARG00000070178,0,2
ENSDARG00000070187,2,0
ENSDARG00000070203,2,-1
ENSDARG00000070206,4,2
ENSDARG00000070213,0,2
ENSDARG00000070214,2,0
ENSDARG00000070215,1,-1
ENSDARG00000070220,4,1
ENSDARG00000070222,2,1
ENSDARG00000070227,5,0
ENSDARG00000070228,1,0
ENSDARG00000070229,2,1
ENSDARG00000070230,4,1
ENSDARG00000070231,5,1
ENSDARG00000070239,1,1
ENSDARG00000070256,5,1
ENSDARG00000070261,5,1
ENSDARG00000070266,3,2
ENSDARG00000070271,0,1
ENSDARG00000070272,0,1
ENSDARG00000070278,1,0
ENSDARG00000070280,5,0
ENSDARG00000070284,5,2
ENSDARG00000070289,1,1
ENSDARG00000070297,5,0
ENSDARG00000070299,2,1
ENSDARG00000070314,4,1
ENSDARG00000070317,0,2
ENSDARG00000070318,5,2
ENSDARG00000070320,3,2
ENSDARG00000070321,3,2
ENSDARG00000070331,3,2
ENSDARG00000070337,4,0
ENSDARG00000070338,4,1
ENSDARG00000070339,4,0
ENSDARG00000070340,4,0
ENSDARG00000070341,2,1
ENSDARG00000070343,4,0
ENSDARG00000070344,5,0
ENSDARG00000070346,4,0
ENSDARG00000070348,4,0
ENSDARG00000070351,4,2
ENSDARG00000070352,4,2
ENSDARG00000070353,4,1
ENSDARG00000070357,3,0
ENSDARG00000070358,5,1
ENSDARG00000070360,1,1
ENSDARG00000070362,4,1
ENSDARG00000070368,0,0
ENSDARG00000070371,0,2
ENSDARG00000070378,2,1
ENSDARG00000070387,0,0
ENSDARG00000070389,3,0
ENSDARG00000070390,5,0
ENSDARG00000070391,3,-1
ENSDARG00000070392,4,2
ENSDARG00000070394,3,2
ENSDARG00000070396,4,1
ENSDARG00000070399,1,1
ENSDARG00000070401,1,1
ENSDARG00000070403,5,0
ENSDARG00000070404,5,1
ENSDARG00000070407,1,1
ENSDARG00000070408,3,2
ENSDARG00000070412,3,0
ENSDARG00000070414,5,0
ENSDARG00000070416,0,0
ENSDARG00000070419,1,1
ENSDARG00000070423,2,1
ENSDARG00000070425,3,2
ENSDARG00000070426,0,0
ENSDARG00000070427,4,0
ENSDARG00000070428,4,1
ENSDARG00000070430,0,1
ENSDARG00000070431,1,1
ENSDARG00000070432,1,1
ENSDARG00000070433,0,2
ENSDARG00000070434,5,0
ENSDARG00000070435,3,0
ENSDARG00000070437,4,0
ENSDARG00000070440,2,1
ENSDARG00000070441,0,2
ENSDARG00000070442,3,0
ENSDARG00000070447,5,2
ENSDARG00000070449,3,0
ENSDARG00000070452,0,2
ENSDARG00000070453,3,2
ENSDARG00000070454,4,1
ENSDARG00000070458,5,2
ENSDARG00000070463,1,1
ENSDARG00000070465,4,1
ENSDARG00000070467,2,1
ENSDARG00000070470,0,2
ENSDARG00000070471,0,1
ENSDARG00000070472,1,1
ENSDARG00000070473,3,2
ENSDARG00000070475,5,0
ENSDARG00000070477,5,1
ENSDARG00000070478,2,0
ENSDARG00000070479,3,2
ENSDARG00000070480,4,1
ENSDARG00000070484,3,2
ENSDARG00000070485,1,1
ENSDARG00000070486,4,1
ENSDARG00000070487,0,1
ENSDARG00000070490,1,1
ENSDARG00000070491,2,1
ENSDARG00000070494,4,0
ENSDARG00000070495,2,0
ENSDARG00000070497,3,2
ENSDARG00000070498,3,2
ENSDARG00000070502,0,0
ENSDARG00000070504,0,1
ENSDARG00000070507,3,2
ENSDARG00000070511,2,1
ENSDARG00000070512,0,1
ENSDARG00000070513,2,0
ENSDARG00000070516,5,0
ENSDARG00000070522,0,2
ENSDARG00000070526,4,0
ENSDARG00000070535,5,0
ENSDARG00000070536,3,0
ENSDARG00000070537,3,1
ENSDARG00000070538,4,1
ENSDARG00000070539,3,2
ENSDARG00000070541,3,2
ENSDARG00000070542,4,2
ENSDARG00000070543,0,2
ENSDARG00000070545,1,1
ENSDARG00000070546,5,0
ENSDARG00000070553,1,0
ENSDARG00000070555,3,2
ENSDARG00000070558,2,1
ENSDARG00000070560,5,2
ENSDARG00000070567,3,0
ENSDARG00000070568,1,0
ENSDARG00000070570,5,1
ENSDARG00000070573,5,0
ENSDARG00000070575,3,2
ENSDARG00000070578,3,2
ENSDARG00000070581,0,1
ENSDARG00000070583,2,0
ENSDARG00000070584,2,1
ENSDARG00000070589,4,2
ENSDARG00000070590,3,2
ENSDARG00000070597,2,1
ENSDARG00000070598,4,1
ENSDARG00000070600,5,2
ENSDARG00000070601,3,0
ENSDARG00000070603,0,1
ENSDARG00000070604,0,0
ENSDARG00000070605,0,0
ENSDARG00000070606,0,0
ENSDARG00000070607,4,1
ENSDARG00000070611,0,0
ENSDARG00000070617,0,0
ENSDARG00000070618,0,1
ENSDARG00000070620,0,0
ENSDARG00000070621,0,1
ENSDARG00000070623,5,1
ENSDARG00000070624,2,1
ENSDARG00000070625,3,0
ENSDARG00000070626,2,0
ENSDARG00000070627,3,2
ENSDARG00000070644,3,0
ENSDARG00000070654,0,0
ENSDARG00000070656,5,1
ENSDARG00000070657,1,0
ENSDARG00000070661,4,0
ENSDARG00000070666,2,1
ENSDARG00000070668,0,2
ENSDARG00000070670,0,0
ENSDARG00000070673,3,0
ENSDARG00000070674,1,1
ENSDARG00000070675,5,0
ENSDARG00000070676,4,1
ENSDARG00000070677,4,0
ENSDARG00000070681,3,0
ENSDARG00000070682,3,1
ENSDARG00000070683,3,2
ENSDARG00000070685,1,1
ENSDARG00000070686,0,0
ENSDARG00000070688,4,2
ENSDARG00000070692,1,1
ENSDARG00000070694,4,1
ENSDARG00000070698,5,0
ENSDARG00000070702,3,2
ENSDARG00000070705,5,2
ENSDARG00000070709,5,1
ENSDARG00000070713,5,0
ENSDARG00000070714,0,1
ENSDARG00000070717,3,1
ENSDARG00000070721,0,1
ENSDARG00000070723,3,0
ENSDARG00000070724,3,2
ENSDARG00000070726,2,1
ENSDARG00000070730,3,2
ENSDARG00000070734,3,2
ENSDARG00000070735,4,1
ENSDARG00000070740,5,0
ENSDARG00000070743,0,0
ENSDARG00000070746,5,1
ENSDARG00000070755,2,0
ENSDARG00000070769,4,0
ENSDARG00000070770,4,0
ENSDARG00000070774,2,0
ENSDARG00000070775,2,1
ENSDARG00000070780,2,0
ENSDARG00000070781,2,1
ENSDARG00000070786,1,0
ENSDARG00000070787,1,1
ENSDARG00000070794,1,1
ENSDARG00000070795,0,0
ENSDARG00000070798,0,1
ENSDARG00000070800,5,2
ENSDARG00000070801,3,0
ENSDARG00000070809,4,1
ENSDARG00000070810,2,1
ENSDARG00000070812,1,1
ENSDARG00000070818,4,1
ENSDARG00000070822,0,2
ENSDARG00000070824,3,0
ENSDARG00000070826,3,0
ENSDARG00000070828,1,1
ENSDARG00000070830,0,0
ENSDARG00000070831,2,0
ENSDARG00000070832,0,0
ENSDARG00000070833,4,1
ENSDARG00000070834,5,1
ENSDARG00000070835,4,1
ENSDARG00000070839,0,2
ENSDARG00000070843,4,1
ENSDARG00000070844,4,0
ENSDARG00000070846,0,2
ENSDARG00000070847,5,0
ENSDARG00000070849,4,1
ENSDARG00000070851,2,1
ENSDARG00000070852,2,1
ENSDARG00000070857,2,0
ENSDARG00000070864,3,1
ENSDARG00000070866,0,2
ENSDARG00000070867,1,1
ENSDARG00000070868,4,0
ENSDARG00000070873,2,1
ENSDARG00000070874,4,1
ENSDARG00000070885,4,1
ENSDARG00000070890,2,1
ENSDARG00000070892,0,2
ENSDARG00000070894,0,2
ENSDARG00000070898,5,0
ENSDARG00000070903,4,0
ENSDARG00000070913,4,1
ENSDARG00000070916,0,0
ENSDARG00000070917,4,0
ENSDARG00000070918,3,2
ENSDARG00000070919,0,1
ENSDARG00000070922,4,1
ENSDARG00000070923,3,2
ENSDARG00000070929,3,2
ENSDARG00000070931,2,1
ENSDARG00000070932,3,1
ENSDARG00000070939,5,2
ENSDARG00000070950,4,0
ENSDARG00000070951,3,2
ENSDARG00000070952,3,2
ENSDARG00000070953,0,2
ENSDARG00000070954,3,2
ENSDARG00000070955,3,1
ENSDARG00000070957,5,0
ENSDARG00000070958,5,2
ENSDARG00000070959,1,1
ENSDARG00000070960,2,1
ENSDARG00000070961,4,0
ENSDARG00000070964,2,1
ENSDARG00000070966,4,0
ENSDARG00000070971,3,0
ENSDARG00000070972,2,1
ENSDARG00000070979,0,2
ENSDARG00000070981,3,2
ENSDARG00000070985,4,1
ENSDARG00000070986,0,0
ENSDARG00000070991,3,0
ENSDARG00000070995,3,0
ENSDARG00000071004,5,0
ENSDARG00000071005,5,0
ENSDARG00000071007,4,0
ENSDARG00000071009,0,0
ENSDARG00000071010,4,0
ENSDARG00000071011,3,2
ENSDARG00000071012,2,1
ENSDARG00000071013,5,1
ENSDARG00000071014,4,0
ENSDARG00000071015,0,0
ENSDARG00000071017,2,1
ENSDARG00000071018,3,0
ENSDARG00000071020,2,-1
ENSDARG00000071021,2,0
ENSDARG00000071024,0,0
ENSDARG00000071025,5,1
ENSDARG00000071026,3,2
ENSDARG00000071029,4,1
ENSDARG00000071032,5,2
ENSDARG00000071036,5,1
ENSDARG00000071037,0,2
ENSDARG00000071040,4,2
ENSDARG00000071042,3,2
ENSDARG00000071044,0,1
ENSDARG00000071046,0,0
ENSDARG00000071048,2,1
ENSDARG00000071049,3,2
ENSDARG00000071051,4,0
ENSDARG00000071052,4,1
ENSDARG00000071055,0,2
ENSDARG00000071059,3,2
ENSDARG00000071060,5,2
ENSDARG00000071062,1,0
ENSDARG00000071065,0,2
ENSDARG00000071070,2,1
ENSDARG00000071074,1,0
ENSDARG00000071076,2,1
ENSDARG00000071083,0,0
ENSDARG00000071085,2,0
ENSDARG00000071086,2,0
ENSDARG00000071087,1,1
ENSDARG00000071088,2,1
ENSDARG00000071090,3,0
ENSDARG00000071091,2,0
ENSDARG00000071095,3,2
ENSDARG00000071097,1,-1
ENSDARG00000071103,2,1
ENSDARG00000071107,4,1
ENSDARG00000071113,3,2
ENSDARG00000071116,5,1
ENSDARG00000071139,4,1
ENSDARG00000071143,1,1
ENSDARG00000071150,2,0
ENSDARG00000071152,0,2
ENSDARG00000071159,3,2
ENSDARG00000071164,5,1
ENSDARG00000071168,5,0
ENSDARG00000071173,2,1
ENSDARG00000071183,2,1
ENSDARG00000071192,2,1
ENSDARG00000071196,4,1
ENSDARG00000071197,1,1
ENSDARG00000071198,0,1
ENSDARG00000071203,1,1
ENSDARG00000071205,0,1
ENSDARG00000071208,4,0
ENSDARG00000071209,2,0
ENSDARG00000071212,4,1
ENSDARG00000071213,0,0
ENSDARG00000071215,4,0
ENSDARG00000071217,2,0
ENSDARG00000071223,5,0
ENSDARG00000071224,4,1
ENSDARG00000071230,0,2
ENSDARG00000071233,3,0
ENSDARG00000071235,3,2
ENSDARG00000071238,2,1
ENSDARG00000071240,5,1
ENSDARG00000071241,2,0
ENSDARG00000071250,0,0
ENSDARG00000071251,2,1
ENSDARG00000071259,0,0
ENSDARG00000071261,0,0
ENSDARG00000071271,1,0
ENSDARG00000071272,5,1
ENSDARG00000071288,1,0
ENSDARG00000071294,1,0
ENSDARG00000071298,0,0
ENSDARG00000071304,3,0
ENSDARG00000071306,2,1
ENSDARG00000071310,2,1
ENSDARG00000071325,4,1
ENSDARG00000071331,3,2
ENSDARG00000071333,3,2
ENSDARG00000071336,3,2
ENSDARG00000071339,1,0
ENSDARG00000071341,3,2
ENSDARG00000071345,4,1
ENSDARG00000071347,1,0
ENSDARG00000071353,3,0
ENSDARG00000071355,2,0
ENSDARG00000071357,4,1
ENSDARG00000071360,4,1
ENSDARG00000071361,5,0
ENSDARG00000071374,3,2
ENSDARG00000071375,3,0
ENSDARG00000071377,4,1
ENSDARG00000071378,4,1
ENSDARG00000071381,1,1
ENSDARG00000071384,3,2
ENSDARG00000071386,5,0
ENSDARG00000071394,2,1
ENSDARG00000071395,0,0
ENSDARG00000071397,4,2
ENSDARG00000071398,0,0
ENSDARG00000071403,5,0
ENSDARG00000071406,2,0
ENSDARG00000071407,1,1
ENSDARG00000071409,5,0
ENSDARG00000071410,4,0
ENSDARG00000071413,0,2
ENSDARG00000071414,0,1
ENSDARG00000071416,2,0
ENSDARG00000071424,3,0
ENSDARG00000071426,5,1
ENSDARG00000071429,2,1
ENSDARG00000071437,3,2
ENSDARG00000071439,0,1
ENSDARG00000071445,3,0
ENSDARG00000071446,1,0
ENSDARG00000071449,3,0
ENSDARG00000071450,0,1
ENSDARG00000071454,2,0
ENSDARG00000071456,0,0
ENSDARG00000071457,5,0
ENSDARG00000071458,3,2
ENSDARG00000071460,3,2
ENSDARG00000071461,0,0
ENSDARG00000071462,2,1
ENSDARG00000071463,2,0
ENSDARG00000071465,4,1
ENSDARG00000071468,4,1
ENSDARG00000071469,5,1
ENSDARG00000071475,3,2
ENSDARG00000071478,0,0
ENSDARG00000071487,5,1
ENSDARG00000071491,4,2
ENSDARG00000071493,2,1
ENSDARG00000071494,1,0
ENSDARG00000071495,2,1
ENSDARG00000071496,4,1
ENSDARG00000071498,3,2
ENSDARG00000071500,5,0
ENSDARG00000071501,4,1
ENSDARG00000071506,3,1
ENSDARG00000071518,4,0
ENSDARG00000071524,0,0
ENSDARG00000071541,0,1
ENSDARG00000071543,4,1
ENSDARG00000071548,0,2
ENSDARG00000071549,3,2
ENSDARG00000071551,1,0
ENSDARG00000071553,1,0
ENSDARG00000071554,3,2
ENSDARG00000071555,0,0
ENSDARG00000071558,4,0
ENSDARG00000071560,4,0
ENSDARG00000071565,2,1
ENSDARG00000071566,5,1
ENSDARG00000071567,4,0
ENSDARG00000071570,5,1
ENSDARG00000071573,1,1
ENSDARG00000071578,3,2
ENSDARG00000071579,3,2
ENSDARG00000071581,0,2
ENSDARG00000071583,0,1
ENSDARG00000071585,3,2
ENSDARG00000071586,4,1
ENSDARG00000071588,4,1
ENSDARG00000071589,5,2
ENSDARG00000071590,3,2
ENSDARG00000071592,2,1
ENSDARG00000071596,3,0
ENSDARG00000071601,4,0
ENSDARG00000071618,5,1
ENSDARG00000071626,2,1
ENSDARG00000071629,5,0
ENSDARG00000071636,0,1
ENSDARG00000071640,2,1
ENSDARG00000071643,0,0
ENSDARG00000071644,4,1
ENSDARG00000071648,0,1
ENSDARG00000071652,5,1
ENSDARG00000071653,2,1
ENSDARG00000071656,4,1
ENSDARG00000071657,2,1
ENSDARG00000071658,3,2
ENSDARG00000071662,5,2
ENSDARG00000071667,2,1
ENSDARG00000071669,1,1
ENSDARG00000071670,4,1
ENSDARG00000071671,0,0
ENSDARG00000071673,2,1
ENSDARG00000071678,3,2
ENSDARG00000071679,4,1
ENSDARG00000071680,5,2
ENSDARG00000071683,0,0
ENSDARG00000071684,4,1
ENSDARG00000071685,3,2
ENSDARG00000071691,3,1
ENSDARG00000071692,3,2
ENSDARG00000071694,1,0
ENSDARG00000071695,5,0
ENSDARG00000071697,5,1
ENSDARG00000071699,0,0
ENSDARG00000071701,2,1
ENSDARG00000071709,3,2
ENSDARG00000071714,5,0
ENSDARG00000071724,0,1
ENSDARG00000071725,5,2
ENSDARG00000071727,0,1
ENSDARG00000071735,2,1
ENSDARG00000071741,5,0
ENSDARG00000071745,1,1
ENSDARG00000071772,2,0
ENSDARG00000071774,4,1
ENSDARG00000071790,5,0
ENSDARG00000071819,0,1
ENSDARG00000071823,2,1
ENSDARG00000071833,1,0
ENSDARG00000071841,2,1
ENSDARG00000071860,3,2
ENSDARG00000071863,4,1
ENSDARG00000071868,5,2
ENSDARG00000071871,4,0
ENSDARG00000071872,0,0
ENSDARG00000071876,3,2
ENSDARG00000071877,3,2
ENSDARG00000071878,5,0
ENSDARG00000071879,4,1
ENSDARG00000071880,2,1
ENSDARG00000071881,5,2
ENSDARG00000071904,3,2
ENSDARG00000071905,3,1
ENSDARG00000071906,0,2
ENSDARG00000073665,1,0
ENSDARG00000073673,5,2
ENSDARG00000073675,2,1
ENSDARG00000073684,4,0
ENSDARG00000073688,4,1
ENSDARG00000073695,2,1
ENSDARG00000073696,5,-1
ENSDARG00000073699,3,2
ENSDARG00000073704,3,2
ENSDARG00000073705,0,2
ENSDARG00000073707,2,0
ENSDARG00000073709,0,1
ENSDARG00000073710,5,1
ENSDARG00000073711,4,1
ENSDARG00000073713,2,1
ENSDARG00000073716,3,1
ENSDARG00000073718,0,1
ENSDARG00000073720,3,1
ENSDARG00000073721,4,1
ENSDARG00000073723,4,1
ENSDARG00000073728,0,2
ENSDARG00000073731,3,0
ENSDARG00000073732,4,0
ENSDARG00000073735,4,0
ENSDARG00000073737,5,1
ENSDARG00000073738,0,2
ENSDARG00000073741,0,1
ENSDARG00000073742,2,1
ENSDARG00000073743,0,0
ENSDARG00000073744,2,1
ENSDARG00000073747,2,0
ENSDARG00000073750,3,2
ENSDARG00000073752,0,2
ENSDARG00000073756,5,2
ENSDARG00000073757,3,2
ENSDARG00000073761,0,0
ENSDARG00000073764,2,1
ENSDARG00000073765,5,0
ENSDARG00000073766,2,1
ENSDARG00000073769,5,2
ENSDARG00000073771,0,2
ENSDARG00000073781,1,0
ENSDARG00000073784,0,2
ENSDARG00000073786,4,0
ENSDARG00000073787,0,1
ENSDARG00000073789,0,2
ENSDARG00000073792,3,0
ENSDARG00000073799,4,1
ENSDARG00000073801,5,2
ENSDARG00000073802,2,0
ENSDARG00000073808,5,0
ENSDARG00000073810,3,1
ENSDARG00000073812,2,1
ENSDARG00000073813,0,2
ENSDARG00000073820,2,1
ENSDARG00000073821,5,2
ENSDARG00000073822,3,0
ENSDARG00000073824,2,1
ENSDARG00000073837,0,0
ENSDARG00000073841,3,0
ENSDARG00000073843,3,0
ENSDARG00000073845,3,0
ENSDARG00000073847,5,2
ENSDARG00000073850,0,2
ENSDARG00000073857,3,2
ENSDARG00000073858,5,0
ENSDARG00000073859,0,0
ENSDARG00000073860,3,2
ENSDARG00000073866,1,0
ENSDARG00000073869,4,2
ENSDARG00000073870,3,0
ENSDARG00000073872,3,0
ENSDARG00000073874,3,2
ENSDARG00000073876,0,0
ENSDARG00000073883,3,2
ENSDARG00000073891,2,1
ENSDARG00000073892,0,2
ENSDARG00000073893,0,1
ENSDARG00000073896,2,1
ENSDARG00000073899,0,0
ENSDARG00000073900,1,1
ENSDARG00000073901,4,1
ENSDARG00000073902,5,2
ENSDARG00000073905,4,0
ENSDARG00000073910,5,1
ENSDARG00000073911,3,0
ENSDARG00000073913,1,1
ENSDARG00000073914,3,2
ENSDARG00000073915,1,1
ENSDARG00000073917,3,0
ENSDARG00000073918,4,2
ENSDARG00000073920,2,0
ENSDARG00000073923,5,1
ENSDARG00000073926,1,0
ENSDARG00000073931,3,1
ENSDARG00000073933,3,2
ENSDARG00000073935,4,0
ENSDARG00000073936,2,0
ENSDARG00000073944,4,1
ENSDARG00000073947,4,1
ENSDARG00000073948,3,1
ENSDARG00000073950,2,1
ENSDARG00000073952,0,2
ENSDARG00000073957,3,1
ENSDARG00000073959,2,0
ENSDARG00000073962,5,2
ENSDARG00000073963,3,2
ENSDARG00000073965,4,0
ENSDARG00000073970,5,2
ENSDARG00000073974,4,1
ENSDARG00000073978,4,0
ENSDARG00000073985,0,1
ENSDARG00000073988,5,2
ENSDARG00000073994,5,0
ENSDARG00000073996,5,2
ENSDARG00000073997,0,0
ENSDARG00000073998,2,1
ENSDARG00000074001,3,2
ENSDARG00000074002,4,0
ENSDARG00000074004,2,0
ENSDARG00000074012,5,0
ENSDARG00000074014,5,1
ENSDARG00000074016,3,2
ENSDARG00000074017,0,2
ENSDARG00000074029,2,1
ENSDARG00000074030,4,1
ENSDARG00000074031,3,0
ENSDARG00000074033,2,0
ENSDARG00000074034,3,0
ENSDARG00000074036,2,0
ENSDARG00000074041,0,0
ENSDARG00000074052,5,2
ENSDARG00000074056,2,1
ENSDARG00000074057,4,1
ENSDARG00000074059,3,2
ENSDARG00000074060,4,1
ENSDARG00000074062,0,0
ENSDARG00000074064,0,2
ENSDARG00000074066,2,0
ENSDARG00000074069,4,0
ENSDARG00000074070,4,1
ENSDARG00000074071,5,2
ENSDARG00000074072,1,1
ENSDARG00000074073,3,2
ENSDARG00000074074,5,1
ENSDARG00000074075,2,0
ENSDARG00000074079,4,1
ENSDARG00000074081,4,0
ENSDARG00000074082,0,1
ENSDARG00000074084,5,2
ENSDARG00000074086,3,2
ENSDARG00000074087,3,0
ENSDARG00000074094,3,0
ENSDARG00000074098,5,2
ENSDARG00000074100,0,0
ENSDARG00000074111,5,0
ENSDARG00000074117,0,2
ENSDARG00000074119,2,1
ENSDARG00000074120,2,1
ENSDARG00000074125,5,2
ENSDARG00000074129,4,1
ENSDARG00000074131,5,2
ENSDARG00000074132,2,1
ENSDARG00000074136,1,1
ENSDARG00000074137,0,0
ENSDARG00000074143,4,0
ENSDARG00000074146,5,2
ENSDARG00000074148,2,1
ENSDARG00000074149,0,2
ENSDARG00000074150,2,0
ENSDARG00000074153,0,2
ENSDARG00000074156,4,1
ENSDARG00000074160,4,1
ENSDARG00000074163,0,0
ENSDARG00000074168,5,2
ENSDARG00000074169,3,0
ENSDARG00000074170,3,0
ENSDARG00000074182,2,1
ENSDARG00000074183,2,1
ENSDARG00000074184,4,1
ENSDARG00000074185,2,1
ENSDARG00000074191,4,1
ENSDARG00000074201,3,0
ENSDARG00000074204,3,0
ENSDARG00000074205,1,0
ENSDARG00000074212,2,1
ENSDARG00000074213,2,0
ENSDARG00000074216,3,2
ENSDARG00000074217,2,1
ENSDARG00000074219,0,2
ENSDARG00000074221,2,0
ENSDARG00000074222,2,0
ENSDARG00000074225,3,0
ENSDARG00000074226,4,1
ENSDARG00000074229,1,1
ENSDARG00000074231,4,1
ENSDARG00000074233,2,1
ENSDARG00000074235,3,1
ENSDARG00000074238,5,2
ENSDARG00000074242,4,1
ENSDARG00000074244,3,0
ENSDARG00000074245,2,0
ENSDARG00000074246,2,0
ENSDARG00000074248,5,2
ENSDARG00000074253,4,0
ENSDARG00000074254,0,1
ENSDARG00000074255,3,0
ENSDARG00000074258,2,0
ENSDARG00000074262,2,0
ENSDARG00000074264,3,0
ENSDARG00000074265,3,2
ENSDARG00000074266,4,1
ENSDARG00000074270,5,0
ENSDARG00000074271,3,2
ENSDARG00000074274,0,1
ENSDARG00000074275,3,0
ENSDARG00000074282,5,2
ENSDARG00000074283,3,2
ENSDARG00000074285,2,0
ENSDARG00000074286,5,2
ENSDARG00000074289,0,0
ENSDARG00000074293,1,0
ENSDARG00000074298,5,0
ENSDARG00000074302,3,1
ENSDARG00000074303,3,0
ENSDARG00000074305,4,1
ENSDARG00000074306,4,0
ENSDARG00000074307,0,2
ENSDARG00000074308,3,0
ENSDARG00000074309,0,2
ENSDARG00000074310,0,1
ENSDARG00000074311,3,0
ENSDARG00000074316,3,2
ENSDARG00000074317,2,1
ENSDARG00000074320,2,1
ENSDARG00000074322,3,2
ENSDARG00000074323,4,2
ENSDARG00000074326,0,0
ENSDARG00000074328,3,2
ENSDARG00000074329,2,1
ENSDARG00000074332,5,1
ENSDARG00000074334,0,0
ENSDARG00000074335,4,1
ENSDARG00000074337,4,1
ENSDARG00000074340,1,0
ENSDARG00000074341,3,2
ENSDARG00000074345,3,2
ENSDARG00000074346,5,2
ENSDARG00000074356,0,2
ENSDARG00000074359,5,0
ENSDARG00000074360,2,1
ENSDARG00000074362,4,0
ENSDARG00000074363,3,2
ENSDARG00000074365,1,1
ENSDARG00000074367,0,2
ENSDARG00000074371,0,1
ENSDARG00000074372,2,0
ENSDARG00000074376,2,0
ENSDARG00000074378,3,2
ENSDARG00000074381,5,0
ENSDARG00000074384,0,2
ENSDARG00000074387,2,1
ENSDARG00000074389,2,1
ENSDARG00000074390,4,1
ENSDARG00000074393,0,0
ENSDARG00000074396,3,2
ENSDARG00000074401,0,2
ENSDARG00000074403,2,0
ENSDARG00000074410,0,0
ENSDARG00000074414,3,1
ENSDARG00000074415,2,1
ENSDARG00000074419,2,1
ENSDARG00000074424,4,2
ENSDARG00000074425,2,0
ENSDARG00000074428,0,2
ENSDARG00000074435,2,0
ENSDARG00000074441,4,1
ENSDARG00000074442,3,2
ENSDARG00000074443,3,2
ENSDARG00000074447,0,0
ENSDARG00000074451,1,1
ENSDARG00000074453,5,0
ENSDARG00000074456,4,2
ENSDARG00000074465,3,0
ENSDARG00000074466,4,1
ENSDARG00000074468,5,2
ENSDARG00000074469,3,2
ENSDARG00000074471,0,1
ENSDARG00000074476,2,1
ENSDARG00000074480,2,0
ENSDARG00000074481,0,2
ENSDARG00000074488,2,0
ENSDARG00000074490,1,0
ENSDARG00000074498,3,2
ENSDARG00000074501,2,1
ENSDARG00000074502,3,2
ENSDARG00000074505,3,0
ENSDARG00000074506,0,0
ENSDARG00000074507,3,1
ENSDARG00000074508,2,1
ENSDARG00000074509,2,1
ENSDARG00000074510,1,1
ENSDARG00000074519,0,1
ENSDARG00000074521,3,2
ENSDARG00000074524,2,0
ENSDARG00000074526,4,0
ENSDARG00000074527,2,0
ENSDARG00000074528,2,1
ENSDARG00000074530,0,0
ENSDARG00000074531,0,0
ENSDARG00000074533,0,0
ENSDARG00000074535,2,0
ENSDARG00000074538,0,1
ENSDARG00000074540,0,0
ENSDARG00000074544,5,2
ENSDARG00000074546,2,0
ENSDARG00000074548,5,2
ENSDARG00000074552,4,1
ENSDARG00000074554,0,0
ENSDARG00000074556,2,0
ENSDARG00000074558,3,0
ENSDARG00000074560,3,0
ENSDARG00000074561,0,2
ENSDARG00000074563,3,0
ENSDARG00000074564,3,2
ENSDARG00000074572,1,0
ENSDARG00000074575,0,1
ENSDARG00000074581,3,0
ENSDARG00000074582,3,2
ENSDARG00000074583,2,0
ENSDARG00000074588,1,1
ENSDARG00000074591,5,0
ENSDARG00000074597,4,0
ENSDARG00000074599,5,1
ENSDARG00000074600,3,0
ENSDARG00000074601,2,1
ENSDARG00000074602,2,0
ENSDARG00000074604,0,2
ENSDARG00000074607,4,1
ENSDARG00000074611,0,0
ENSDARG00000074613,2,1
ENSDARG00000074617,5,2
ENSDARG00000074623,5,1
ENSDARG00000074624,5,2
ENSDARG00000074626,0,2
ENSDARG00000074628,4,0
ENSDARG00000074633,4,0
ENSDARG00000074635,4,0
ENSDARG00000074636,0,0
ENSDARG00000074638,2,1
ENSDARG00000074640,2,0
ENSDARG00000074644,1,0
ENSDARG00000074645,5,2
ENSDARG00000074652,2,0
ENSDARG00000074653,2,1
ENSDARG00000074656,5,1
ENSDARG00000074660,2,1
ENSDARG00000074661,2,1
ENSDARG00000074662,0,0
ENSDARG00000074663,5,1
ENSDARG00000074665,0,2
ENSDARG00000074666,4,0
ENSDARG00000074667,5,1
ENSDARG00000074669,3,2
ENSDARG00000074670,2,0
ENSDARG00000074671,3,0
ENSDARG00000074675,5,2
ENSDARG00000074676,1,0
ENSDARG00000074677,4,1
ENSDARG00000074680,3,0
ENSDARG00000074684,2,0
ENSDARG00000074688,1,-1
ENSDARG00000074690,0,2
ENSDARG00000074691,1,0
ENSDARG00000074695,5,0
ENSDARG00000074697,0,0
ENSDARG00000074698,2,1
ENSDARG00000074702,5,1
ENSDARG00000074703,1,1
ENSDARG00000074708,4,0
ENSDARG00000074712,2,1
ENSDARG00000074715,3,0
ENSDARG00000074719,4,0
ENSDARG00000074721,0,2
ENSDARG00000074723,3,2
ENSDARG00000074726,0,0
ENSDARG00000074727,1,1
ENSDARG00000074728,2,0
ENSDARG00000074730,1,0
ENSDARG00000074734,1,0
ENSDARG00000074739,2,0
ENSDARG00000074740,3,1
ENSDARG00000074742,0,1
ENSDARG00000074745,4,1
ENSDARG00000074746,2,0
ENSDARG00000074747,1,0
ENSDARG00000074749,3,2
ENSDARG00000074750,4,1
ENSDARG00000074752,2,0
ENSDARG00000074756,4,1
ENSDARG00000074757,0,2
ENSDARG00000074758,5,1
ENSDARG00000074760,0,2
ENSDARG00000074761,3,2
ENSDARG00000074763,3,2
ENSDARG00000074764,0,1
ENSDARG00000074765,0,1
ENSDARG00000074768,5,2
ENSDARG00000074771,2,1
ENSDARG00000074772,2,1
ENSDARG00000074773,0,0
ENSDARG00000074777,3,0
ENSDARG00000074781,2,0
ENSDARG00000074782,2,0
ENSDARG00000074790,1,-1
ENSDARG00000074791,0,1
ENSDARG00000074794,3,2
ENSDARG00000074796,1,1
ENSDARG00000074802,0,1
ENSDARG00000074804,0,0
ENSDARG00000074806,4,1
ENSDARG00000074808,4,0
ENSDARG00000074809,4,0
ENSDARG00000074812,4,0
ENSDARG00000074813,2,1
ENSDARG00000074815,4,1
ENSDARG00000074816,1,-1
ENSDARG00000074818,5,2
ENSDARG00000074819,2,1
ENSDARG00000074820,5,0
ENSDARG00000074827,2,1
ENSDARG00000074828,5,0
ENSDARG00000074829,4,2
ENSDARG00000074836,3,0
ENSDARG00000074839,2,1
ENSDARG00000074842,5,0
ENSDARG00000074843,0,0
ENSDARG00000074844,4,1
ENSDARG00000074846,2,0
ENSDARG00000074848,1,1
ENSDARG00000074849,5,2
ENSDARG00000074850,5,2
ENSDARG00000074851,2,0
ENSDARG00000074852,2,0
ENSDARG00000074858,2,0
ENSDARG00000074860,3,2
ENSDARG00000074863,3,0
ENSDARG00000074865,2,0
ENSDARG00000074866,3,2
ENSDARG00000074868,5,2
ENSDARG00000074869,3,2
ENSDARG00000074873,2,1
ENSDARG00000074876,0,2
ENSDARG00000074889,0,0
ENSDARG00000074894,1,1
ENSDARG00000074895,0,2
ENSDARG00000074897,3,2
ENSDARG00000074899,1,0
ENSDARG00000074903,0,1
ENSDARG00000074904,2,-1
ENSDARG00000074905,3,2
ENSDARG00000074906,2,0
ENSDARG00000074908,3,2
ENSDARG00000074909,5,2
ENSDARG00000074910,2,0
ENSDARG00000074914,2,0
ENSDARG00000074915,1,0
ENSDARG00000074919,3,2
ENSDARG00000074921,3,2
ENSDARG00000074927,1,1
ENSDARG00000074928,0,0
ENSDARG00000074930,3,0
ENSDARG00000074947,3,0
ENSDARG00000074950,5,2
ENSDARG00000074955,5,1
ENSDARG00000074966,3,2
ENSDARG00000074968,1,0
ENSDARG00000074983,5,0
ENSDARG00000074984,3,1
ENSDARG00000074985,1,1
ENSDARG00000074989,3,2
ENSDARG00000074995,4,1
ENSDARG00000074996,5,1
ENSDARG00000075007,1,1
ENSDARG00000075008,0,0
ENSDARG00000075012,2,1
ENSDARG00000075013,0,2
ENSDARG00000075015,2,1
ENSDARG00000075016,4,0
ENSDARG00000075017,4,1
ENSDARG00000075021,3,2
ENSDARG00000075022,0,2
ENSDARG00000075024,4,0
ENSDARG00000075025,4,1
ENSDARG00000075030,0,1
ENSDARG00000075033,1,0
ENSDARG00000075034,2,0
ENSDARG00000075036,5,2
ENSDARG00000075043,3,2
ENSDARG00000075045,3,2
ENSDARG00000075046,2,1
ENSDARG00000075048,2,1
ENSDARG00000075053,2,0
ENSDARG00000075054,2,1
ENSDARG00000075057,4,1
ENSDARG00000075058,2,0
ENSDARG00000075067,2,1
ENSDARG00000075072,1,0
ENSDARG00000075083,1,0
ENSDARG00000075090,5,1
ENSDARG00000075098,3,2
ENSDARG00000075100,1,0
ENSDARG00000075107,4,0
ENSDARG00000075108,0,2
ENSDARG00000075110,3,0
ENSDARG00000075111,0,1
ENSDARG00000075112,0,2
ENSDARG00000075113,0,1
ENSDARG00000075116,4,1
ENSDARG00000075121,2,0
ENSDARG00000075126,0,2
ENSDARG00000075128,2,1
ENSDARG00000075129,1,1
ENSDARG00000075132,3,1
ENSDARG00000075133,3,2
ENSDARG00000075134,2,1
ENSDARG00000075139,0,2
ENSDARG00000075140,2,0
ENSDARG00000075141,2,1
ENSDARG00000075143,4,1
ENSDARG00000075147,2,1
ENSDARG00000075149,5,1
ENSDARG00000075151,2,1
ENSDARG00000075156,4,2
ENSDARG00000075158,3,0
ENSDARG00000075159,2,1
ENSDARG00000075161,3,2
ENSDARG00000075163,3,2
ENSDARG00000075164,5,2
ENSDARG00000075165,0,2
ENSDARG00000075169,2,1
ENSDARG00000075170,2,1
ENSDARG00000075172,2,0
ENSDARG00000075173,0,0
ENSDARG00000075177,4,0
ENSDARG00000075178,4,0
ENSDARG00000075179,1,0
ENSDARG00000075181,4,0
ENSDARG00000075183,3,2
ENSDARG00000075188,3,1
ENSDARG00000075189,2,0
ENSDARG00000075191,3,0
ENSDARG00000075193,3,2
ENSDARG00000075194,0,1
ENSDARG00000075201,4,0
ENSDARG00000075203,5,1
ENSDARG00000075206,2,0
ENSDARG00000075209,2,0
ENSDARG00000075211,1,1
ENSDARG00000075212,2,0
ENSDARG00000075215,5,1
ENSDARG00000075217,0,0
ENSDARG00000075222,3,2
ENSDARG00000075226,0,1
ENSDARG00000075230,3,0
ENSDARG00000075240,2,0
ENSDARG00000075245,3,1
ENSDARG00000075248,5,1
ENSDARG00000075249,4,1
ENSDARG00000075252,5,2
ENSDARG00000075253,4,0
ENSDARG00000075261,4,1
ENSDARG00000075263,3,0
ENSDARG00000075264,3,2
ENSDARG00000075265,2,0
ENSDARG00000075269,2,0
ENSDARG00000075271,3,0
ENSDARG00000075273,3,2
ENSDARG00000075277,2,0
ENSDARG00000075281,2,0
ENSDARG00000075282,3,0
ENSDARG00000075284,0,2
ENSDARG00000075285,3,1
ENSDARG00000075292,2,1
ENSDARG00000075295,2,0
ENSDARG00000075296,0,2
ENSDARG00000075297,4,1
ENSDARG00000075299,2,0
ENSDARG00000075301,0,1
ENSDARG00000075307,2,1
ENSDARG00000075314,0,2
ENSDARG00000075321,0,1
ENSDARG00000075323,5,1
ENSDARG00000075325,4,0
ENSDARG00000075327,3,0
ENSDARG00000075330,2,0
ENSDARG00000075331,0,0
ENSDARG00000075332,1,1
ENSDARG00000075334,2,0
ENSDARG00000075337,5,2
ENSDARG00000075339,3,0
ENSDARG00000075343,4,1
ENSDARG00000075345,3,2
ENSDARG00000075347,0,1
ENSDARG00000075352,2,1
ENSDARG00000075354,5,1
ENSDARG00000075355,4,0
ENSDARG00000075362,0,2
ENSDARG00000075368,5,-1
ENSDARG00000075375,3,2
ENSDARG00000075376,2,1
ENSDARG00000075380,5,0
ENSDARG00000075382,2,0
ENSDARG00000075383,2,0
ENSDARG00000075389,4,1
ENSDARG00000075393,3,2
ENSDARG00000075395,0,0
ENSDARG00000075397,0,2
ENSDARG00000075400,0,2
ENSDARG00000075403,2,0
ENSDARG00000075405,1,0
ENSDARG00000075421,0,1
ENSDARG00000075428,4,1
ENSDARG00000075433,3,2
ENSDARG00000075435,0,2
ENSDARG00000075436,4,1
ENSDARG00000075437,4,1
ENSDARG00000075441,3,2
ENSDARG00000075444,4,1
ENSDARG00000075445,1,1
ENSDARG00000075446,5,2
ENSDARG00000075450,3,1
ENSDARG00000075454,2,1
ENSDARG00000075455,3,2
ENSDARG00000075456,2,0
ENSDARG00000075459,2,0
ENSDARG00000075461,0,0
ENSDARG00000075463,4,1
ENSDARG00000075467,4,1
ENSDARG00000075468,3,2
ENSDARG00000075470,5,2
ENSDARG00000075480,1,1
ENSDARG00000075482,5,0
ENSDARG00000075487,4,0
ENSDARG00000075491,2,1
ENSDARG00000075492,0,0
ENSDARG00000075500,4,1
ENSDARG00000075501,3,2
ENSDARG00000075504,0,2
ENSDARG00000075505,0,1
ENSDARG00000075508,5,0
ENSDARG00000075509,5,2
ENSDARG00000075513,2,1
ENSDARG00000075515,0,0
ENSDARG00000075517,4,0
ENSDARG00000075521,3,2
ENSDARG00000075525,0,0
ENSDARG00000075526,5,2
ENSDARG00000075527,4,0
ENSDARG00000075530,0,0
ENSDARG00000075532,2,0
ENSDARG00000075533,0,2
ENSDARG00000075536,0,1
ENSDARG00000075539,0,2
ENSDARG00000075540,2,1
ENSDARG00000075541,5,0
ENSDARG00000075542,3,2
ENSDARG00000075543,5,2
ENSDARG00000075545,1,1
ENSDARG00000075549,3,1
ENSDARG00000075551,3,0
ENSDARG00000075555,0,2
ENSDARG00000075556,0,0
ENSDARG00000075557,4,1
ENSDARG00000075559,5,1
ENSDARG00000075560,4,1
ENSDARG00000075561,2,1
ENSDARG00000075562,0,1
ENSDARG00000075565,4,1
ENSDARG00000075567,0,2
ENSDARG00000075570,0,1
ENSDARG00000075571,5,1
ENSDARG00000075580,4,0
ENSDARG00000075584,3,0
ENSDARG00000075592,3,2
ENSDARG00000075593,1,1
ENSDARG00000075597,3,2
ENSDARG00000075599,1,1
ENSDARG00000075600,2,0
ENSDARG00000075606,0,2
ENSDARG00000075608,2,1
ENSDARG00000075614,2,1
ENSDARG00000075618,2,0
ENSDARG00000075619,1,0
ENSDARG00000075621,1,0
ENSDARG00000075622,4,1
ENSDARG00000075624,0,0
ENSDARG00000075625,1,0
ENSDARG00000075629,3,2
ENSDARG00000075632,0,2
ENSDARG00000075634,2,1
ENSDARG00000075639,1,1
ENSDARG00000075641,4,1
ENSDARG00000075643,1,1
ENSDARG00000075648,4,0
ENSDARG00000075650,4,1
ENSDARG00000075664,4,1
ENSDARG00000075670,3,0
ENSDARG00000075671,5,2
ENSDARG00000075673,5,2
ENSDARG00000075676,2,0
ENSDARG00000075677,4,1
ENSDARG00000075682,5,1
ENSDARG00000075687,1,1
ENSDARG00000075694,4,1
ENSDARG00000075697,0,1
ENSDARG00000075698,2,1
ENSDARG00000075700,5,1
ENSDARG00000075706,2,1
ENSDARG00000075707,4,0
ENSDARG00000075709,4,1
ENSDARG00000075713,3,0
ENSDARG00000075714,4,1
ENSDARG00000075715,2,1
ENSDARG00000075718,3,2
ENSDARG00000075720,2,1
ENSDARG00000075721,0,2
ENSDARG00000075723,3,2
ENSDARG00000075725,0,0
ENSDARG00000075726,2,0
ENSDARG00000075727,4,1
ENSDARG00000075730,1,1
ENSDARG00000075731,1,1
ENSDARG00000075732,0,2
ENSDARG00000075735,4,0
ENSDARG00000075737,5,2
ENSDARG00000075743,4,1
ENSDARG00000075745,0,0
ENSDARG00000075747,5,2
ENSDARG00000075748,3,1
ENSDARG00000075752,3,2
ENSDARG00000075754,5,1
ENSDARG00000075757,2,1
ENSDARG00000075758,1,0
ENSDARG00000075759,3,0
ENSDARG00000075765,2,0
ENSDARG00000075766,2,0
ENSDARG00000075768,3,0
ENSDARG00000075774,0,2
ENSDARG00000075780,1,1
ENSDARG00000075783,3,2
ENSDARG00000075785,0,0
ENSDARG00000075791,2,0
ENSDARG00000075793,0,2
ENSDARG00000075795,5,0
ENSDARG00000075798,0,2
ENSDARG00000075800,2,1
ENSDARG00000075802,2,1
ENSDARG00000075803,4,1
ENSDARG00000075805,5,1
ENSDARG00000075806,2,0
ENSDARG00000075807,0,0
ENSDARG00000075812,2,1
ENSDARG00000075813,3,2
ENSDARG00000075815,2,0
ENSDARG00000075817,4,1
ENSDARG00000075819,4,1
ENSDARG00000075820,2,1
ENSDARG00000075821,3,0
ENSDARG00000075824,1,0
ENSDARG00000075825,5,2
ENSDARG00000075826,5,2
ENSDARG00000075827,3,2
ENSDARG00000075828,2,0
ENSDARG00000075829,4,0
ENSDARG00000075830,3,0
ENSDARG00000075833,2,1
ENSDARG00000075834,1,0
ENSDARG00000075837,0,1
ENSDARG00000075842,5,1
ENSDARG00000075846,2,1
ENSDARG00000075849,4,1
ENSDARG00000075850,0,0
ENSDARG00000075851,0,0
ENSDARG00000075853,0,2
ENSDARG00000075855,5,1
ENSDARG00000075857,0,2
ENSDARG00000075858,2,1
ENSDARG00000075859,0,0
ENSDARG00000075864,4,0
ENSDARG00000075866,2,0
ENSDARG00000075867,0,2
ENSDARG00000075870,4,0
ENSDARG00000075881,4,1
ENSDARG00000075883,1,1
ENSDARG00000075884,5,2
ENSDARG00000075886,3,2
ENSDARG00000075887,0,0
ENSDARG00000075891,2,0
ENSDARG00000075892,1,1
ENSDARG00000075898,1,0
ENSDARG00000075899,1,0
ENSDARG00000075903,2,1
ENSDARG00000075904,5,0
ENSDARG00000075905,3,2
ENSDARG00000075909,5,2
ENSDARG00000075914,2,1
ENSDARG00000075915,1,-1
ENSDARG00000075916,5,2
ENSDARG00000075917,4,1
ENSDARG00000075919,0,0
ENSDARG00000075924,3,2
ENSDARG00000075926,0,1
ENSDARG00000075928,2,1
ENSDARG00000075929,2,1
ENSDARG00000075930,2,1
ENSDARG00000075932,5,0
ENSDARG00000075936,1,1
ENSDARG00000075942,3,0
ENSDARG00000075943,3,2
ENSDARG00000075948,2,0
ENSDARG00000075949,2,1
ENSDARG00000075954,4,0
ENSDARG00000075956,2,0
ENSDARG00000075958,2,0
ENSDARG00000075960,2,0
ENSDARG00000075962,2,0
ENSDARG00000075963,2,0
ENSDARG00000075964,4,1
ENSDARG00000075970,5,0
ENSDARG00000075972,3,1
ENSDARG00000075974,0,0
ENSDARG00000075975,2,0
ENSDARG00000075977,3,0
ENSDARG00000075980,3,2
ENSDARG00000075990,4,0
ENSDARG00000075993,3,2
ENSDARG00000075996,5,0
ENSDARG00000076001,3,2
ENSDARG00000076002,0,2
ENSDARG00000076004,1,0
ENSDARG00000076005,3,0
ENSDARG00000076008,5,2
ENSDARG00000076010,4,0
ENSDARG00000076011,2,0
ENSDARG00000076013,3,2
ENSDARG00000076014,5,1
ENSDARG00000076015,2,1
ENSDARG00000076017,3,0
ENSDARG00000076019,3,0
ENSDARG00000076020,2,1
ENSDARG00000076025,2,0
ENSDARG00000076027,3,2
ENSDARG00000076030,3,2
ENSDARG00000076040,5,2
ENSDARG00000076041,0,2
ENSDARG00000076043,2,1
ENSDARG00000076050,2,1
ENSDARG00000076052,3,2
ENSDARG00000076055,2,0
ENSDARG00000076056,2,0
ENSDARG00000076058,0,2
ENSDARG00000076060,3,0
ENSDARG00000076066,0,2
ENSDARG00000076068,0,2
ENSDARG00000076070,2,0
ENSDARG00000076074,5,2
ENSDARG00000076075,3,2
ENSDARG00000076076,0,0
ENSDARG00000076079,0,2
ENSDARG00000076090,3,0
ENSDARG00000076092,0,2
ENSDARG00000076093,5,0
ENSDARG00000076094,4,0
ENSDARG00000076103,2,1
ENSDARG00000076104,5,0
ENSDARG00000076106,2,1
ENSDARG00000076110,2,0
ENSDARG00000076111,0,0
ENSDARG00000076117,0,1
ENSDARG00000076118,0,0
ENSDARG00000076119,3,2
ENSDARG00000076120,4,1
ENSDARG00000076121,0,2
ENSDARG00000076122,2,1
ENSDARG00000076126,4,0
ENSDARG00000076127,2,1
ENSDARG00000076128,0,0
ENSDARG00000076132,5,0
ENSDARG00000076134,5,2
ENSDARG00000076135,3,2
ENSDARG00000076137,4,1
ENSDARG00000076139,5,1
ENSDARG00000076140,4,0
ENSDARG00000076143,3,0
ENSDARG00000076144,3,0
ENSDARG00000076146,3,2
ENSDARG00000076148,2,-1
ENSDARG00000076153,5,1
ENSDARG00000076155,5,2
ENSDARG00000076158,5,1
ENSDARG00000076160,1,0
ENSDARG00000076163,2,0
ENSDARG00000076169,5,1
ENSDARG00000076170,3,2
ENSDARG00000076171,4,1
ENSDARG00000076174,0,0
ENSDARG00000076176,5,1
ENSDARG00000076179,0,0
ENSDARG00000076182,5,0
ENSDARG00000076183,5,0
ENSDARG00000076186,2,1
ENSDARG00000076189,2,0
ENSDARG00000076191,2,0
ENSDARG00000076192,3,2
ENSDARG00000076196,2,1
ENSDARG00000076202,3,0
ENSDARG00000076213,2,0
ENSDARG00000076214,0,0
ENSDARG00000076218,3,2
ENSDARG00000076221,0,1
ENSDARG00000076225,4,1
ENSDARG00000076227,5,1
ENSDARG00000076228,1,0
ENSDARG00000076229,2,0
ENSDARG00000076230,2,0
ENSDARG00000076236,4,1
ENSDARG00000076238,0,1
ENSDARG00000076239,5,0
ENSDARG00000076241,4,2
ENSDARG00000076246,5,2
ENSDARG00000076247,3,2
ENSDARG00000076248,3,2
ENSDARG00000076250,3,2
ENSDARG00000076251,0,0
ENSDARG00000076252,1,1
ENSDARG00000076255,5,0
ENSDARG00000076257,2,1
ENSDARG00000076259,3,1
ENSDARG00000076262,4,0
ENSDARG00000076264,5,0
ENSDARG00000076265,2,1
ENSDARG00000076269,2,0
ENSDARG00000076270,2,1
ENSDARG00000076280,4,1
ENSDARG00000076283,1,0
ENSDARG00000076290,3,0
ENSDARG00000076292,3,1
ENSDARG00000076294,4,1
ENSDARG00000076296,5,2
ENSDARG00000076297,5,2
ENSDARG00000076299,4,0
ENSDARG00000076302,3,0
ENSDARG00000076303,0,0
ENSDARG00000076306,2,0
ENSDARG00000076307,1,0
ENSDARG00000076308,0,0
ENSDARG00000076309,0,1
ENSDARG00000076310,2,1
ENSDARG00000076312,3,2
ENSDARG00000076313,2,1
ENSDARG00000076318,4,0
ENSDARG00000076320,3,1
ENSDARG00000076321,4,1
ENSDARG00000076324,5,2
ENSDARG00000076328,0,2
ENSDARG00000076332,3,2
ENSDARG00000076334,4,2
ENSDARG00000076339,2,0
ENSDARG00000076343,1,1
ENSDARG00000076345,2,0
ENSDARG00000076348,3,2
ENSDARG00000076351,3,2
ENSDARG00000076357,3,1
ENSDARG00000076360,1,0
ENSDARG00000076361,3,2
ENSDARG00000076362,0,1
ENSDARG00000076364,3,2
ENSDARG00000076371,2,0
ENSDARG00000076373,3,2
ENSDARG00000076376,0,2
ENSDARG00000076379,1,0
ENSDARG00000076381,4,1
ENSDARG00000076386,2,0
ENSDARG00000076388,3,2
ENSDARG00000076389,0,0
ENSDARG00000076391,0,1
ENSDARG00000076393,3,0
ENSDARG00000076398,1,1
ENSDARG00000076401,2,0
ENSDARG00000076402,2,1
ENSDARG00000076404,3,2
ENSDARG00000076406,3,1
ENSDARG00000076411,3,2
ENSDARG00000076414,0,1
ENSDARG00000076416,1,0
ENSDARG00000076420,3,1
ENSDARG00000076425,0,2
ENSDARG00000076434,3,2
ENSDARG00000076435,2,0
ENSDARG00000076437,0,2
ENSDARG00000076440,4,0
ENSDARG00000076442,5,2
ENSDARG00000076443,3,2
ENSDARG00000076448,2,1
ENSDARG00000076449,3,2
ENSDARG00000076451,4,2
ENSDARG00000076462,3,2
ENSDARG00000076464,0,0
ENSDARG00000076466,1,1
ENSDARG00000076472,5,0
ENSDARG00000076474,0,0
ENSDARG00000076476,5,1
ENSDARG00000076480,2,1
ENSDARG00000076484,3,2
ENSDARG00000076486,4,1
ENSDARG00000076487,2,0
ENSDARG00000076490,4,1
ENSDARG00000076495,2,1
ENSDARG00000076496,3,0
ENSDARG00000076499,3,0
ENSDARG00000076500,2,1
ENSDARG00000076501,0,0
ENSDARG00000076508,2,0
ENSDARG00000076509,1,0
ENSDARG00000076510,3,1
ENSDARG00000076512,3,1
ENSDARG00000076518,1,1
ENSDARG00000076526,5,0
ENSDARG00000076529,4,0
ENSDARG00000076530,3,2
ENSDARG00000076532,4,1
ENSDARG00000076533,4,0
ENSDARG00000076534,0,0
ENSDARG00000076539,3,1
ENSDARG00000076541,2,1
ENSDARG00000076542,4,1
ENSDARG00000076544,3,0
ENSDARG00000076546,0,2
ENSDARG00000076547,4,1
ENSDARG00000076552,5,1
ENSDARG00000076554,4,1
ENSDARG00000076557,4,0
ENSDARG00000076559,0,2
ENSDARG00000076560,0,1
ENSDARG00000076563,2,0
ENSDARG00000076564,3,2
ENSDARG00000076566,4,1
ENSDARG00000076568,5,0
ENSDARG00000076569,4,0
ENSDARG00000076572,2,1
ENSDARG00000076573,2,1
ENSDARG00000076574,4,1
ENSDARG00000076584,0,2
ENSDARG00000076585,0,0
ENSDARG00000076586,2,1
ENSDARG00000076592,0,0
ENSDARG00000076594,4,0
ENSDARG00000076595,2,1
ENSDARG00000076609,1,1
ENSDARG00000076611,2,0
ENSDARG00000076614,2,1
ENSDARG00000076620,2,1
ENSDARG00000076622,2,0
ENSDARG00000076623,3,0
ENSDARG00000076624,3,0
ENSDARG00000076632,4,1
ENSDARG00000076634,3,0
ENSDARG00000076639,0,1
ENSDARG00000076644,2,1
ENSDARG00000076650,5,2
ENSDARG00000076652,0,0
ENSDARG00000076657,4,1
ENSDARG00000076659,5,1
ENSDARG00000076667,5,1
ENSDARG00000076673,4,1
ENSDARG00000076679,3,0
ENSDARG00000076685,2,1
ENSDARG00000076687,3,2
ENSDARG00000076689,4,1
ENSDARG00000076694,1,1
ENSDARG00000076697,3,0
ENSDARG00000076699,2,1
ENSDARG00000076701,2,0
ENSDARG00000076702,0,1
ENSDARG00000076710,3,2
ENSDARG00000076713,5,2
ENSDARG00000076716,1,0
ENSDARG00000076721,4,1
ENSDARG00000076724,0,2
ENSDARG00000076729,3,0
ENSDARG00000076730,2,0
ENSDARG00000076733,5,1
ENSDARG00000076735,4,1
ENSDARG00000076742,4,2
ENSDARG00000076745,4,0
ENSDARG00000076747,5,2
ENSDARG00000076748,3,1
ENSDARG00000076752,5,1
ENSDARG00000076754,0,1
ENSDARG00000076757,0,2
ENSDARG00000076763,0,2
ENSDARG00000076765,4,0
ENSDARG00000076766,1,1
ENSDARG00000076767,0,0
ENSDARG00000076768,3,0
ENSDARG00000076773,4,0
ENSDARG00000076776,5,1
ENSDARG00000076778,5,1
ENSDARG00000076779,3,2
ENSDARG00000076780,2,1
ENSDARG00000076781,1,1
ENSDARG00000076787,3,0
ENSDARG00000076788,1,1
ENSDARG00000076789,2,1
ENSDARG00000076790,2,1
ENSDARG00000076791,1,0
ENSDARG00000076796,0,2
ENSDARG00000076797,2,0
ENSDARG00000076798,0,0
ENSDARG00000076799,4,1
ENSDARG00000076800,2,0
ENSDARG00000076801,1,0
ENSDARG00000076803,1,-1
ENSDARG00000076804,3,2
ENSDARG00000076807,5,0
ENSDARG00000076814,4,1
ENSDARG00000076815,1,1
ENSDARG00000076819,4,1
ENSDARG00000076820,2,1
ENSDARG00000076824,2,1
ENSDARG00000076826,2,0
ENSDARG00000076828,1,1
ENSDARG00000076829,0,2
ENSDARG00000076830,3,2
ENSDARG00000076833,3,2
ENSDARG00000076834,2,1
ENSDARG00000076836,4,1
ENSDARG00000076838,4,1
ENSDARG00000076839,5,2
ENSDARG00000076843,3,2
ENSDARG00000076844,3,1
ENSDARG00000076846,5,1
ENSDARG00000076847,3,1
ENSDARG00000076848,3,2
ENSDARG00000076850,3,2
ENSDARG00000076853,0,2
ENSDARG00000076856,4,1
ENSDARG00000076857,1,1
ENSDARG00000076858,3,0
ENSDARG00000076861,0,1
ENSDARG00000076862,3,2
ENSDARG00000076865,5,2
ENSDARG00000076867,0,1
ENSDARG00000076870,3,1
ENSDARG00000076872,2,1
ENSDARG00000076873,2,1
ENSDARG00000076888,5,2
ENSDARG00000076889,3,0
ENSDARG00000076891,0,2
ENSDARG00000076896,0,0
ENSDARG00000076899,0,2
ENSDARG00000076900,4,1
ENSDARG00000076901,1,1
ENSDARG00000076903,4,1
ENSDARG00000076904,4,2
ENSDARG00000076913,1,0
ENSDARG00000076914,0,0
ENSDARG00000076919,4,2
ENSDARG00000076920,5,2
ENSDARG00000076923,0,2
ENSDARG00000076924,0,2
ENSDARG00000076928,4,1
ENSDARG00000076933,4,1
ENSDARG00000076934,0,0
ENSDARG00000076943,2,1
ENSDARG00000076949,5,1
ENSDARG00000076950,3,1
ENSDARG00000076952,2,1
ENSDARG00000076959,2,1
ENSDARG00000076960,2,0
ENSDARG00000076962,0,1
ENSDARG00000076964,0,0
ENSDARG00000076965,1,0
ENSDARG00000076966,1,0
ENSDARG00000076969,4,1
ENSDARG00000076970,3,0
ENSDARG00000076972,2,1
ENSDARG00000076974,2,0
ENSDARG00000076978,2,1
ENSDARG00000076980,0,2
ENSDARG00000076988,5,-1
ENSDARG00000076991,1,1
ENSDARG00000076994,3,0
ENSDARG00000076995,0,0
ENSDARG00000076996,3,0
ENSDARG00000076997,0,2
ENSDARG00000076998,2,1
ENSDARG00000077002,4,0
ENSDARG00000077004,2,0
ENSDARG00000077007,2,1
ENSDARG00000077009,5,1
ENSDARG00000077011,0,2
ENSDARG00000077013,5,1
ENSDARG00000077018,3,2
ENSDARG00000077021,2,1
ENSDARG00000077022,0,1
ENSDARG00000077023,3,2
ENSDARG00000077026,0,0
ENSDARG00000077028,5,2
ENSDARG00000077029,1,1
ENSDARG00000077035,5,1
ENSDARG00000077036,1,1
ENSDARG00000077037,5,2
ENSDARG00000077038,1,1
ENSDARG00000077039,3,0
ENSDARG00000077040,2,0
ENSDARG00000077044,1,1
ENSDARG00000077045,3,2
ENSDARG00000077047,3,2
ENSDARG00000077052,0,0
ENSDARG00000077053,3,0
ENSDARG00000077054,3,0
ENSDARG00000077057,5,2
ENSDARG00000077060,5,0
ENSDARG00000077068,2,1
ENSDARG00000077069,3,2
ENSDARG00000077072,1,0
ENSDARG00000077073,0,2
ENSDARG00000077075,5,1
ENSDARG00000077078,5,2
ENSDARG00000077080,3,2
ENSDARG00000077082,4,0
ENSDARG00000077083,2,1
ENSDARG00000077084,3,1
ENSDARG00000077085,5,2
ENSDARG00000077086,2,1
ENSDARG00000077087,2,1
ENSDARG00000077089,5,1
ENSDARG00000077090,0,2
ENSDARG00000077092,0,1
ENSDARG00000077093,5,2
ENSDARG00000077095,5,2
ENSDARG00000077096,2,1
ENSDARG00000077097,5,1
ENSDARG00000077098,1,1
ENSDARG00000077101,0,1
ENSDARG00000077103,3,0
ENSDARG00000077107,1,1
ENSDARG00000077112,3,2
ENSDARG00000077114,0,1
ENSDARG00000077115,0,1
ENSDARG00000077116,5,1
ENSDARG00000077119,5,1
ENSDARG00000077120,0,1
ENSDARG00000077121,4,0
ENSDARG00000077124,2,1
ENSDARG00000077126,1,1
ENSDARG00000077130,4,1
ENSDARG00000077134,2,0
ENSDARG00000077136,5,2
ENSDARG00000077138,2,0
ENSDARG00000077139,3,2
ENSDARG00000077143,5,2
ENSDARG00000077145,2,0
ENSDARG00000077151,3,2
ENSDARG00000077155,2,0
ENSDARG00000077157,3,2
ENSDARG00000077161,4,1
ENSDARG00000077162,3,2
ENSDARG00000077165,3,1
ENSDARG00000077167,2,1
ENSDARG00000077169,4,0
ENSDARG00000077174,5,1
ENSDARG00000077177,0,1
ENSDARG00000077178,0,0
ENSDARG00000077179,4,1
ENSDARG00000077180,3,0
ENSDARG00000077187,2,1
ENSDARG00000077188,2,0
ENSDARG00000077193,3,0
ENSDARG00000077198,3,2
ENSDARG00000077201,2,1
ENSDARG00000077205,5,0
ENSDARG00000077207,0,2
ENSDARG00000077211,3,2
ENSDARG00000077217,2,1
ENSDARG00000077219,4,2
ENSDARG00000077224,3,2
ENSDARG00000077226,1,1
ENSDARG00000077227,1,1
ENSDARG00000077228,2,0
ENSDARG00000077229,3,1
ENSDARG00000077231,2,1
ENSDARG00000077236,2,1
ENSDARG00000077237,0,2
ENSDARG00000077239,5,0
ENSDARG00000077240,2,0
ENSDARG00000077244,3,1
ENSDARG00000077245,2,1
ENSDARG00000077249,2,0
ENSDARG00000077252,5,1
ENSDARG00000077253,1,1
ENSDARG00000077256,4,1
ENSDARG00000077257,2,1
ENSDARG00000077260,5,2
ENSDARG00000077261,2,0
ENSDARG00000077263,3,0
ENSDARG00000077264,5,0
ENSDARG00000077265,5,1
ENSDARG00000077266,1,1
ENSDARG00000077275,2,1
ENSDARG00000077285,4,2
ENSDARG00000077288,0,1
ENSDARG00000077290,2,0
ENSDARG00000077291,4,1
ENSDARG00000077293,3,2
ENSDARG00000077295,3,0
ENSDARG00000077297,3,0
ENSDARG00000077298,4,1
ENSDARG00000077299,5,2
ENSDARG00000077300,5,1
ENSDARG00000077301,4,1
ENSDARG00000077307,5,0
ENSDARG00000077308,2,1
ENSDARG00000077309,4,1
ENSDARG00000077313,2,0
ENSDARG00000077314,1,1
ENSDARG00000077316,0,1
ENSDARG00000077317,0,0
ENSDARG00000077318,4,0
ENSDARG00000077323,0,0
ENSDARG00000077326,4,0
ENSDARG00000077327,2,1
ENSDARG00000077329,3,0
ENSDARG00000077330,2,0
ENSDARG00000077337,2,0
ENSDARG00000077339,1,1
ENSDARG00000077341,4,0
ENSDARG00000077349,2,1
ENSDARG00000077352,3,0
ENSDARG00000077353,3,2
ENSDARG00000077356,3,1
ENSDARG00000077357,0,2
ENSDARG00000077360,5,0
ENSDARG00000077361,1,1
ENSDARG00000077364,0,0
ENSDARG00000077367,3,1
ENSDARG00000077368,5,0
ENSDARG00000077371,3,2
ENSDARG00000077372,2,0
ENSDARG00000077377,3,0
ENSDARG00000077382,4,1
ENSDARG00000077383,3,1
ENSDARG00000077384,4,0
ENSDARG00000077385,4,0
ENSDARG00000077387,4,1
ENSDARG00000077388,3,2
ENSDARG00000077393,2,0
ENSDARG00000077395,5,2
ENSDARG00000077396,0,0
ENSDARG00000077399,2,0
ENSDARG00000077400,0,1
ENSDARG00000077403,4,0
ENSDARG00000077404,1,0
ENSDARG00000077405,5,1
ENSDARG00000077407,5,1
ENSDARG00000077409,5,0
ENSDARG00000077410,5,2
ENSDARG00000077412,1,1
ENSDARG00000077414,3,2
ENSDARG00000077415,5,0
ENSDARG00000077419,4,0
ENSDARG00000077427,2,1
ENSDARG00000077428,2,0
ENSDARG00000077431,0,2
ENSDARG00000077434,0,2
ENSDARG00000077440,0,2
ENSDARG00000077442,1,0
ENSDARG00000077452,0,0
ENSDARG00000077456,1,1
ENSDARG00000077461,5,2
ENSDARG00000077465,3,2
ENSDARG00000077467,4,1
ENSDARG00000077468,2,0
ENSDARG00000077469,5,0
ENSDARG00000077470,2,1
ENSDARG00000077471,0,0
ENSDARG00000077473,1,1
ENSDARG00000077474,1,0
ENSDARG00000077475,4,1
ENSDARG00000077479,2,0
ENSDARG00000077481,2,1
ENSDARG00000077487,0,0
ENSDARG00000077488,4,1
ENSDARG00000077489,2,0
ENSDARG00000077492,4,1
ENSDARG00000077495,5,2
ENSDARG00000077497,3,2
ENSDARG00000077499,4,1
ENSDARG00000077504,2,1
ENSDARG00000077506,0,1
ENSDARG00000077513,0,0
ENSDARG00000077515,2,0
ENSDARG00000077516,0,0
ENSDARG00000077519,1,1
ENSDARG00000077523,0,1
ENSDARG00000077526,1,1
ENSDARG00000077530,5,1
ENSDARG00000077531,0,2
ENSDARG00000077533,4,1
ENSDARG00000077536,1,1
ENSDARG00000077537,3,0
ENSDARG00000077540,5,2
ENSDARG00000077542,2,1
ENSDARG00000077544,5,0
ENSDARG00000077545,3,2
ENSDARG00000077546,0,0
ENSDARG00000077547,3,2
ENSDARG00000077549,3,0
ENSDARG00000077550,5,0
ENSDARG00000077553,0,2
ENSDARG00000077557,0,1
ENSDARG00000077559,4,0
ENSDARG00000077560,2,0
ENSDARG00000077567,0,0
ENSDARG00000077569,4,1
ENSDARG00000077570,0,2
ENSDARG00000077571,4,1
ENSDARG00000077572,4,1
ENSDARG00000077573,2,0
ENSDARG00000077577,2,1
ENSDARG00000077580,2,1
ENSDARG00000077581,5,0
ENSDARG00000077582,3,2
ENSDARG00000077583,4,1
ENSDARG00000077588,0,0
ENSDARG00000077590,3,2
ENSDARG00000077596,3,1
ENSDARG00000077602,2,1
ENSDARG00000077605,0,1
ENSDARG00000077606,3,2
ENSDARG00000077607,5,1
ENSDARG00000077608,2,1
ENSDARG00000077609,0,2
ENSDARG00000077610,3,2
ENSDARG00000077614,2,1
ENSDARG00000077618,3,1
ENSDARG00000077620,5,1
ENSDARG00000077631,5,0
ENSDARG00000077633,2,0
ENSDARG00000077638,0,1
ENSDARG00000077639,1,0
ENSDARG00000077641,4,1
ENSDARG00000077643,4,0
ENSDARG00000077644,2,1
ENSDARG00000077645,2,0
ENSDARG00000077648,0,0
ENSDARG00000077650,5,2
ENSDARG00000077652,2,1
ENSDARG00000077654,2,1
ENSDARG00000077656,0,2
ENSDARG00000077664,0,0
ENSDARG00000077665,1,1
ENSDARG00000077666,2,0
ENSDARG00000077673,3,2
ENSDARG00000077677,0,1
ENSDARG00000077686,5,2
ENSDARG00000077687,2,0
ENSDARG00000077688,2,1
ENSDARG00000077690,4,1
ENSDARG00000077691,2,1
ENSDARG00000077694,0,2
ENSDARG00000077696,0,0
ENSDARG00000077697,3,2
ENSDARG00000077698,5,1
ENSDARG00000077706,5,0
ENSDARG00000077709,2,1
ENSDARG00000077710,0,2
ENSDARG00000077712,5,2
ENSDARG00000077715,2,0
ENSDARG00000077717,4,1
ENSDARG00000077721,5,0
ENSDARG00000077722,3,0
ENSDARG00000077726,5,0
ENSDARG00000077728,5,1
ENSDARG00000077732,1,0
ENSDARG00000077737,3,0
ENSDARG00000077740,5,2
ENSDARG00000077741,0,1
ENSDARG00000077745,0,1
ENSDARG00000077749,2,0
ENSDARG00000077751,5,0
ENSDARG00000077760,5,2
ENSDARG00000077761,0,1
ENSDARG00000077764,4,1
ENSDARG00000077768,1,0
ENSDARG00000077775,4,0
ENSDARG00000077776,1,1
ENSDARG00000077777,4,1
ENSDARG00000077778,4,1
ENSDARG00000077782,0,1
ENSDARG00000077785,4,0
ENSDARG00000077791,3,0
ENSDARG00000077792,0,0
ENSDARG00000077799,2,1
ENSDARG00000077804,4,1
ENSDARG00000077809,2,1
ENSDARG00000077810,0,1
ENSDARG00000077811,4,1
ENSDARG00000077812,2,0
ENSDARG00000077813,2,1
ENSDARG00000077815,1,1
ENSDARG00000077817,3,2
ENSDARG00000077822,1,0
ENSDARG00000077823,5,1
ENSDARG00000077826,4,1
ENSDARG00000077830,5,2
ENSDARG00000077839,0,2
ENSDARG00000077840,4,0
ENSDARG00000077845,0,0
ENSDARG00000077847,3,0
ENSDARG00000077850,0,1
ENSDARG00000077852,3,2
ENSDARG00000077855,5,0
ENSDARG00000077858,2,0
ENSDARG00000077859,1,1
ENSDARG00000077860,1,1
ENSDARG00000077861,2,1
ENSDARG00000077862,4,1
ENSDARG00000077863,0,0
ENSDARG00000077864,3,2
ENSDARG00000077866,2,1
ENSDARG00000077870,5,2
ENSDARG00000077872,3,2
ENSDARG00000077874,3,1
ENSDARG00000077875,2,1
ENSDARG00000077877,5,0
ENSDARG00000077878,2,1
ENSDARG00000077880,2,1
ENSDARG00000077881,4,1
ENSDARG00000077882,2,1
ENSDARG00000077883,1,1
ENSDARG00000077897,3,0
ENSDARG00000077899,2,1
ENSDARG00000077900,4,0
ENSDARG00000077901,3,1
ENSDARG00000077905,2,0
ENSDARG00000077906,4,1
ENSDARG00000077909,0,1
ENSDARG00000077910,3,1
ENSDARG00000077911,0,1
ENSDARG00000077915,3,1
ENSDARG00000077918,2,1
ENSDARG00000077920,0,0
ENSDARG00000077926,5,2
ENSDARG00000077928,4,2
ENSDARG00000077934,4,1
ENSDARG00000077938,4,1
ENSDARG00000077943,5,1
ENSDARG00000077946,3,0
ENSDARG00000077950,5,2
ENSDARG00000077955,2,0
ENSDARG00000077959,0,0
ENSDARG00000077960,2,1
ENSDARG00000077962,0,2
ENSDARG00000077967,3,0
ENSDARG00000077975,4,1
ENSDARG00000077979,4,2
ENSDARG00000077982,3,1
ENSDARG00000077985,0,0
ENSDARG00000077986,2,1
ENSDARG00000077987,5,2
ENSDARG00000077988,0,2
ENSDARG00000077994,0,1
ENSDARG00000077996,2,1
ENSDARG00000077998,1,0
ENSDARG00000078001,3,0
ENSDARG00000078002,4,1
ENSDARG00000078004,1,1
ENSDARG00000078006,3,1
ENSDARG00000078012,2,0
ENSDARG00000078014,1,0
ENSDARG00000078018,1,0
ENSDARG00000078022,0,0
ENSDARG00000078026,4,0
ENSDARG00000078034,3,2
ENSDARG00000078041,1,0
ENSDARG00000078042,4,1
ENSDARG00000078050,2,0
ENSDARG00000078052,4,0
ENSDARG00000078055,5,1
ENSDARG00000078056,2,1
ENSDARG00000078057,2,0
ENSDARG00000078058,4,1
ENSDARG00000078060,0,1
ENSDARG00000078068,3,2
ENSDARG00000078069,1,0
ENSDARG00000078073,0,1
ENSDARG00000078075,5,2
ENSDARG00000078076,5,1
ENSDARG00000078077,5,0
ENSDARG00000078078,2,1
ENSDARG00000078083,5,1
ENSDARG00000078087,2,1
ENSDARG00000078088,2,1
ENSDARG00000078092,0,0
ENSDARG00000078093,2,1
ENSDARG00000078094,0,0
ENSDARG00000078095,5,1
ENSDARG00000078101,3,2
ENSDARG00000078102,2,0
ENSDARG00000078105,4,1
ENSDARG00000078106,2,0
ENSDARG00000078108,3,0
ENSDARG00000078109,3,0
ENSDARG00000078111,0,2
ENSDARG00000078114,4,1
ENSDARG00000078118,1,0
ENSDARG00000078119,2,0
ENSDARG00000078123,2,0
ENSDARG00000078125,3,0
ENSDARG00000078127,0,2
ENSDARG00000078130,0,0
ENSDARG00000078132,0,0
ENSDARG00000078133,5,1
ENSDARG00000078134,2,1
ENSDARG00000078135,4,0
ENSDARG00000078136,0,1
ENSDARG00000078138,1,1
ENSDARG00000078139,3,0
ENSDARG00000078142,3,1
ENSDARG00000078145,4,0
ENSDARG00000078149,2,1
ENSDARG00000078151,0,0
ENSDARG00000078155,4,1
ENSDARG00000078157,2,1
ENSDARG00000078162,4,1
ENSDARG00000078163,0,2
ENSDARG00000078164,5,2
ENSDARG00000078166,5,2
ENSDARG00000078169,2,1
ENSDARG00000078172,0,0
ENSDARG00000078177,2,0
ENSDARG00000078178,4,1
ENSDARG00000078179,3,0
ENSDARG00000078180,3,0
ENSDARG00000078182,5,0
ENSDARG00000078183,5,2
ENSDARG00000078185,0,0
ENSDARG00000078186,5,2
ENSDARG00000078187,2,1
ENSDARG00000078188,0,2
ENSDARG00000078191,4,0
ENSDARG00000078193,3,2
ENSDARG00000078195,2,0
ENSDARG00000078201,1,1
ENSDARG00000078204,2,1
ENSDARG00000078205,5,1
ENSDARG00000078206,1,1
ENSDARG00000078210,2,0
ENSDARG00000078211,3,2
ENSDARG00000078214,5,0
ENSDARG00000078215,0,2
ENSDARG00000078216,1,0
ENSDARG00000078217,4,1
ENSDARG00000078220,1,0
ENSDARG00000078221,0,2
ENSDARG00000078222,3,2
ENSDARG00000078223,2,0
ENSDARG00000078226,2,1
ENSDARG00000078227,3,0
ENSDARG00000078233,5,1
ENSDARG00000078238,0,0
ENSDARG00000078241,2,1
ENSDARG00000078244,4,0
ENSDARG00000078245,3,2
ENSDARG00000078246,2,1
ENSDARG00000078247,2,1
ENSDARG00000078249,3,0
ENSDARG00000078250,3,2
ENSDARG00000078251,2,0
ENSDARG00000078254,1,1
ENSDARG00000078256,5,0
ENSDARG00000078257,0,0
ENSDARG00000078258,2,1
ENSDARG00000078259,4,0
ENSDARG00000078261,1,0
ENSDARG00000078266,4,0
ENSDARG00000078267,5,2
ENSDARG00000078270,2,0
ENSDARG00000078271,1,1
ENSDARG00000078272,0,2
ENSDARG00000078279,4,1
ENSDARG00000078280,4,0
ENSDARG00000078281,5,1
ENSDARG00000078283,4,1
ENSDARG00000078284,3,0
ENSDARG00000078285,0,0
ENSDARG00000078289,2,1
ENSDARG00000078297,2,0
ENSDARG00000078299,3,2
ENSDARG00000078301,0,2
ENSDARG00000078302,3,2
ENSDARG00000078308,4,1
ENSDARG00000078309,4,0
ENSDARG00000078310,1,0
ENSDARG00000078311,3,0
ENSDARG00000078312,2,1
ENSDARG00000078313,0,0
ENSDARG00000078317,5,0
ENSDARG00000078318,4,1
ENSDARG00000078319,1,0
ENSDARG00000078322,3,0
ENSDARG00000078324,3,0
ENSDARG00000078327,2,0
ENSDARG00000078328,1,0
ENSDARG00000078329,5,0
ENSDARG00000078331,2,0
ENSDARG00000078348,0,0
ENSDARG00000078352,4,1
ENSDARG00000078355,1,0
ENSDARG00000078362,3,1
ENSDARG00000078363,4,0
ENSDARG00000078364,2,0
ENSDARG00000078366,3,1
ENSDARG00000078378,2,1
ENSDARG00000078381,0,2
ENSDARG00000078387,2,0
ENSDARG00000078388,2,0
ENSDARG00000078389,0,0
ENSDARG00000078392,0,2
ENSDARG00000078394,0,0
ENSDARG00000078398,2,1
ENSDARG00000078399,1,1
ENSDARG00000078404,4,0
ENSDARG00000078411,2,1
ENSDARG00000078415,0,2
ENSDARG00000078416,4,1
ENSDARG00000078417,3,2
ENSDARG00000078419,4,2
ENSDARG00000078423,5,0
ENSDARG00000078425,3,0
ENSDARG00000078427,1,-1
ENSDARG00000078428,3,1
ENSDARG00000078429,2,1
ENSDARG00000078430,4,1
ENSDARG00000078433,1,0
ENSDARG00000078440,2,1
ENSDARG00000078441,2,0
ENSDARG00000078442,5,1
ENSDARG00000078446,1,1
ENSDARG00000078448,2,1
ENSDARG00000078451,1,1
ENSDARG00000078452,5,2
ENSDARG00000078457,0,1
ENSDARG00000078458,0,2
ENSDARG00000078459,3,0
ENSDARG00000078468,3,2
ENSDARG00000078473,1,1
ENSDARG00000078474,2,1
ENSDARG00000078475,3,2
ENSDARG00000078476,5,1
ENSDARG00000078479,3,0
ENSDARG00000078481,5,2
ENSDARG00000078485,0,0
ENSDARG00000078489,2,1
ENSDARG00000078492,1,0
ENSDARG00000078494,3,0
ENSDARG00000078497,5,1
ENSDARG00000078500,1,0
ENSDARG00000078502,3,0
ENSDARG00000078503,2,1
ENSDARG00000078504,3,2
ENSDARG00000078507,5,0
ENSDARG00000078508,3,2
ENSDARG00000078509,4,2
ENSDARG00000078512,2,1
ENSDARG00000078519,4,1
ENSDARG00000078522,3,2
ENSDARG00000078523,4,2
ENSDARG00000078527,3,2
ENSDARG00000078529,3,2
ENSDARG00000078533,1,1
ENSDARG00000078535,0,0
ENSDARG00000078536,3,1
ENSDARG00000078541,2,1
ENSDARG00000078542,2,0
ENSDARG00000078547,3,1
ENSDARG00000078551,4,1
ENSDARG00000078552,5,0
ENSDARG00000078557,0,1
ENSDARG00000078558,1,1
ENSDARG00000078560,2,0
ENSDARG00000078567,5,1
ENSDARG00000078569,3,1
ENSDARG00000078574,5,1
ENSDARG00000078576,1,-1
ENSDARG00000078578,1,0
ENSDARG00000078582,3,0
ENSDARG00000078585,0,2
ENSDARG00000078592,3,1
ENSDARG00000078593,0,2
ENSDARG00000078598,4,1
ENSDARG00000078599,2,1
ENSDARG00000078600,4,1
ENSDARG00000078602,2,1
ENSDARG00000078603,0,2
ENSDARG00000078605,3,2
ENSDARG00000078606,5,0
ENSDARG00000078608,2,1
ENSDARG00000078611,2,0
ENSDARG00000078613,0,1
ENSDARG00000078615,0,1
ENSDARG00000078618,0,2
ENSDARG00000078619,3,2
ENSDARG00000078620,2,1
ENSDARG00000078622,2,1
ENSDARG00000078624,3,2
ENSDARG00000078627,1,0
ENSDARG00000078636,0,2
ENSDARG00000078638,0,1
ENSDARG00000078640,4,2
ENSDARG00000078643,4,1
ENSDARG00000078644,1,1
ENSDARG00000078645,2,0
ENSDARG00000078649,5,1
ENSDARG00000078650,2,1
ENSDARG00000078652,5,2
ENSDARG00000078653,0,1
ENSDARG00000078654,5,1
ENSDARG00000078657,2,0
ENSDARG00000078658,1,1
ENSDARG00000078659,3,2
ENSDARG00000078671,2,1
ENSDARG00000078674,4,1
ENSDARG00000078675,0,2
ENSDARG00000078676,3,0
ENSDARG00000078683,4,1
ENSDARG00000078685,0,2
ENSDARG00000078686,2,0
ENSDARG00000078688,2,0
ENSDARG00000078694,0,0
ENSDARG00000078696,4,1
ENSDARG00000078701,3,2
ENSDARG00000078707,3,2
ENSDARG00000078717,3,2
ENSDARG00000078722,0,2
ENSDARG00000078725,4,0
ENSDARG00000078728,1,1
ENSDARG00000078729,2,1
ENSDARG00000078731,1,1
ENSDARG00000078734,3,0
ENSDARG00000078736,2,1
ENSDARG00000078738,3,2
ENSDARG00000078741,4,1
ENSDARG00000078743,2,1
ENSDARG00000078745,2,0
ENSDARG00000078748,4,1
ENSDARG00000078749,4,0
ENSDARG00000078751,5,1
ENSDARG00000078752,0,2
ENSDARG00000078754,0,1
ENSDARG00000078755,2,1
ENSDARG00000078757,4,0
ENSDARG00000078759,0,0
ENSDARG00000078760,3,2
ENSDARG00000078761,5,2
ENSDARG00000078763,1,0
ENSDARG00000078767,1,1
ENSDARG00000078768,0,0
ENSDARG00000078770,2,0
ENSDARG00000078772,0,1
ENSDARG00000078773,5,1
ENSDARG00000078775,0,0
ENSDARG00000078778,0,2
ENSDARG00000078781,3,0
ENSDARG00000078784,5,2
ENSDARG00000078785,4,2
ENSDARG00000078789,5,0
ENSDARG00000078790,4,0
ENSDARG00000078800,4,2
ENSDARG00000078802,0,2
ENSDARG00000078805,0,0
ENSDARG00000078807,0,0
ENSDARG00000078810,5,0
ENSDARG00000078814,5,2
ENSDARG00000078815,0,2
ENSDARG00000078817,3,2
ENSDARG00000078821,2,1
ENSDARG00000078822,0,0
ENSDARG00000078824,3,0
ENSDARG00000078825,1,0
ENSDARG00000078828,4,1
ENSDARG00000078829,5,2
ENSDARG00000078832,2,1
ENSDARG00000078835,4,1
ENSDARG00000078839,0,2
ENSDARG00000078841,2,0
ENSDARG00000078842,3,2
ENSDARG00000078844,4,0
ENSDARG00000078847,4,1
ENSDARG00000078850,0,0
ENSDARG00000078853,4,0
ENSDARG00000078854,4,0
ENSDARG00000078856,2,0
ENSDARG00000078859,4,0
ENSDARG00000078864,4,1
ENSDARG00000078865,4,0
ENSDARG00000078866,3,0
ENSDARG00000078868,2,0
ENSDARG00000078875,2,1
ENSDARG00000078878,4,1
ENSDARG00000078882,1,0
ENSDARG00000078887,2,0
ENSDARG00000078890,0,2
ENSDARG00000078891,3,1
ENSDARG00000078898,3,2
ENSDARG00000078901,2,1
ENSDARG00000078902,3,1
ENSDARG00000078904,5,1
ENSDARG00000078908,2,0
ENSDARG00000078911,1,1
ENSDARG00000078912,4,1
ENSDARG00000078915,3,0
ENSDARG00000078916,2,0
ENSDARG00000078917,0,1
ENSDARG00000078918,3,2
ENSDARG00000078922,5,0
ENSDARG00000078924,3,0
ENSDARG00000078927,1,1
ENSDARG00000078929,3,0
ENSDARG00000078935,5,1
ENSDARG00000078938,5,0
ENSDARG00000078941,5,0
ENSDARG00000078947,0,0
ENSDARG00000078953,5,0
ENSDARG00000078954,5,2
ENSDARG00000078962,1,1
ENSDARG00000078963,3,2
ENSDARG00000078964,2,0
ENSDARG00000078966,5,0
ENSDARG00000078970,0,0
ENSDARG00000078974,1,0
ENSDARG00000078975,1,1
ENSDARG00000078979,3,0
ENSDARG00000078981,3,2
ENSDARG00000078983,1,1
ENSDARG00000078989,4,1
ENSDARG00000078994,1,1
ENSDARG00000078995,0,1
ENSDARG00000078997,4,1
ENSDARG00000079000,5,1
ENSDARG00000079008,3,2
ENSDARG00000079011,3,2
ENSDARG00000079012,3,2
ENSDARG00000079013,4,0
ENSDARG00000079015,5,2
ENSDARG00000079017,4,1
ENSDARG00000079020,0,0
ENSDARG00000079024,3,2
ENSDARG00000079027,5,1
ENSDARG00000079029,4,1
ENSDARG00000079030,4,0
ENSDARG00000079031,3,2
ENSDARG00000079034,5,1
ENSDARG00000079036,5,0
ENSDARG00000079045,3,2
ENSDARG00000079046,5,1
ENSDARG00000079049,4,0
ENSDARG00000079050,5,0
ENSDARG00000079055,0,2
ENSDARG00000079056,3,0
ENSDARG00000079059,0,1
ENSDARG00000079062,4,0
ENSDARG00000079064,1,0
ENSDARG00000079065,0,2
ENSDARG00000079067,5,1
ENSDARG00000079068,0,2
ENSDARG00000079071,4,0
ENSDARG00000079074,2,1
ENSDARG00000079075,2,0
ENSDARG00000079076,4,1
ENSDARG00000079078,1,0
ENSDARG00000079079,2,0
ENSDARG00000079080,4,1
ENSDARG00000079089,5,2
ENSDARG00000079095,1,1
ENSDARG00000079097,3,0
ENSDARG00000079102,0,1
ENSDARG00000079104,2,0
ENSDARG00000079105,2,0
ENSDARG00000079107,2,1
ENSDARG00000079110,1,0
ENSDARG00000079111,2,1
ENSDARG00000079119,2,1
ENSDARG00000079122,4,2
ENSDARG00000079123,4,1
ENSDARG00000079125,4,0
ENSDARG00000079126,5,0
ENSDARG00000079128,3,1
ENSDARG00000079129,3,2
ENSDARG00000079131,0,2
ENSDARG00000079133,0,2
ENSDARG00000079143,2,0
ENSDARG00000079154,0,-1
ENSDARG00000079160,4,1
ENSDARG00000079161,3,1
ENSDARG00000079163,2,1
ENSDARG00000079165,3,2
ENSDARG00000079166,2,1
ENSDARG00000079167,0,2
ENSDARG00000079170,3,0
ENSDARG00000079175,4,0
ENSDARG00000079183,2,1
ENSDARG00000079187,2,1
ENSDARG00000079188,2,1
ENSDARG00000079191,0,0
ENSDARG00000079198,3,0
ENSDARG00000079199,0,0
ENSDARG00000079201,3,0
ENSDARG00000079202,1,0
ENSDARG00000079204,3,2
ENSDARG00000079216,2,1
ENSDARG00000079217,0,1
ENSDARG00000079219,2,0
ENSDARG00000079220,0,0
ENSDARG00000079221,2,1
ENSDARG00000079222,5,0
ENSDARG00000079227,2,1
ENSDARG00000079229,4,1
ENSDARG00000079231,2,0
ENSDARG00000079233,1,1
ENSDARG00000079234,2,1
ENSDARG00000079236,1,1
ENSDARG00000079238,0,2
ENSDARG00000079242,2,-1
ENSDARG00000079244,0,2
ENSDARG00000079245,2,1
ENSDARG00000079248,4,1
ENSDARG00000079249,2,0
ENSDARG00000079250,0,2
ENSDARG00000079251,2,0
ENSDARG00000079252,5,1
ENSDARG00000079253,4,0
ENSDARG00000079255,1,1
ENSDARG00000079257,5,1
ENSDARG00000079263,5,1
ENSDARG00000079264,2,1
ENSDARG00000079266,2,1
ENSDARG00000079267,4,0
ENSDARG00000079271,5,1
ENSDARG00000079274,2,1
ENSDARG00000079276,3,2
ENSDARG00000079278,1,1
ENSDARG00000079280,3,1
ENSDARG00000079281,0,0
ENSDARG00000079283,3,2
ENSDARG00000079286,3,0
ENSDARG00000079290,0,2
ENSDARG00000079291,4,0
ENSDARG00000079293,4,0
ENSDARG00000079294,2,0
ENSDARG00000079295,2,0
ENSDARG00000079296,3,2
ENSDARG00000079302,3,2
ENSDARG00000079305,4,1
ENSDARG00000079306,5,2
ENSDARG00000079307,2,0
ENSDARG00000079308,2,1
ENSDARG00000079312,0,2
ENSDARG00000079313,1,1
ENSDARG00000079315,2,0
ENSDARG00000079317,4,1
ENSDARG00000079323,3,2
ENSDARG00000079324,5,2
ENSDARG00000079326,1,0
ENSDARG00000079327,4,1
ENSDARG00000079328,5,0
ENSDARG00000079329,0,0
ENSDARG00000079332,2,1
ENSDARG00000079333,5,0
ENSDARG00000079336,2,0
ENSDARG00000079340,5,0
ENSDARG00000079345,0,1
ENSDARG00000079347,2,1
ENSDARG00000079348,3,0
ENSDARG00000079350,1,1
ENSDARG00000079352,1,1
ENSDARG00000079353,4,1
ENSDARG00000079355,4,1
ENSDARG00000079361,2,1
ENSDARG00000079364,4,1
ENSDARG00000079366,3,1
ENSDARG00000079369,4,1
ENSDARG00000079371,3,2
ENSDARG00000079373,1,1
ENSDARG00000079374,4,0
ENSDARG00000079376,4,0
ENSDARG00000079377,4,0
ENSDARG00000079385,4,1
ENSDARG00000079387,3,0
ENSDARG00000079388,4,1
ENSDARG00000079396,3,0
ENSDARG00000079397,3,0
ENSDARG00000079399,4,0
ENSDARG00000079401,5,0
ENSDARG00000079402,0,1
ENSDARG00000079403,5,0
ENSDARG00000079412,4,1
ENSDARG00000079414,2,0
ENSDARG00000079416,3,0
ENSDARG00000079420,5,0
ENSDARG00000079423,0,1
ENSDARG00000079425,5,0
ENSDARG00000079434,2,0
ENSDARG00000079438,3,1
ENSDARG00000079440,3,0
ENSDARG00000079443,2,1
ENSDARG00000079446,2,1
ENSDARG00000079452,0,2
ENSDARG00000079453,2,0
ENSDARG00000079455,3,2
ENSDARG00000079457,1,1
ENSDARG00000079459,4,1
ENSDARG00000079462,4,1
ENSDARG00000079463,1,0
ENSDARG00000079468,2,0
ENSDARG00000079469,0,1
ENSDARG00000079470,5,2
ENSDARG00000079471,2,0
ENSDARG00000079472,3,2
ENSDARG00000079473,1,1
ENSDARG00000079474,2,0
ENSDARG00000079475,0,1
ENSDARG00000079478,2,0
ENSDARG00000079479,2,0
ENSDARG00000079482,0,0
ENSDARG00000079483,0,2
ENSDARG00000079484,2,0
ENSDARG00000079486,3,1
ENSDARG00000079488,0,2
ENSDARG00000079496,3,2
ENSDARG00000079497,4,1
ENSDARG00000079499,2,1
ENSDARG00000079500,3,2
ENSDARG00000079501,1,1
ENSDARG00000079502,3,2
ENSDARG00000079504,0,2
ENSDARG00000079508,0,0
ENSDARG00000079516,2,0
ENSDARG00000079517,4,-1
ENSDARG00000079519,0,1
ENSDARG00000079524,5,0
ENSDARG00000079525,1,1
ENSDARG00000079530,0,0
ENSDARG00000079532,2,1
ENSDARG00000079534,0,1
ENSDARG00000079537,3,2
ENSDARG00000079542,3,1
ENSDARG00000079543,2,1
ENSDARG00000079544,2,1
ENSDARG00000079547,0,2
ENSDARG00000079549,3,2
ENSDARG00000079552,0,2
ENSDARG00000079553,2,1
ENSDARG00000079555,2,0
ENSDARG00000079560,2,1
ENSDARG00000079564,3,2
ENSDARG00000079570,4,1
ENSDARG00000079571,0,2
ENSDARG00000079572,3,2
ENSDARG00000079575,3,2
ENSDARG00000079578,0,1
ENSDARG00000079581,3,2
ENSDARG00000079584,0,2
ENSDARG00000079585,5,1
ENSDARG00000079586,2,0
ENSDARG00000079589,2,1
ENSDARG00000079591,0,2
ENSDARG00000079602,2,1
ENSDARG00000079603,3,0
ENSDARG00000079605,1,0
ENSDARG00000079608,5,2
ENSDARG00000079610,3,0
ENSDARG00000079611,4,1
ENSDARG00000079613,4,1
ENSDARG00000079614,4,1
ENSDARG00000079616,5,2
ENSDARG00000079618,0,1
ENSDARG00000079620,2,1
ENSDARG00000079622,4,2
ENSDARG00000079623,5,1
ENSDARG00000079625,1,0
ENSDARG00000079632,4,1
ENSDARG00000079634,3,0
ENSDARG00000079636,3,1
ENSDARG00000079637,3,0
ENSDARG00000079639,5,1
ENSDARG00000079645,0,0
ENSDARG00000079647,2,1
ENSDARG00000079651,1,0
ENSDARG00000079652,1,1
ENSDARG00000079653,5,0
ENSDARG00000079654,0,2
ENSDARG00000079656,3,2
ENSDARG00000079659,1,1
ENSDARG00000079661,5,0
ENSDARG00000079664,3,1
ENSDARG00000079665,2,1
ENSDARG00000079670,2,1
ENSDARG00000079671,2,0
ENSDARG00000079672,1,0
ENSDARG00000079681,5,2
ENSDARG00000079686,0,0
ENSDARG00000079687,4,1
ENSDARG00000079688,5,1
ENSDARG00000079697,4,1
ENSDARG00000079698,2,0
ENSDARG00000079699,3,0
ENSDARG00000079700,2,0
ENSDARG00000079702,5,2
ENSDARG00000079703,2,1
ENSDARG00000079705,0,2
ENSDARG00000079712,4,0
ENSDARG00000079713,2,1
ENSDARG00000079716,1,0
ENSDARG00000079717,1,0
ENSDARG00000079723,0,0
ENSDARG00000079727,4,0
ENSDARG00000079730,5,2
ENSDARG00000079731,1,0
ENSDARG00000079738,3,2
ENSDARG00000079740,4,1
ENSDARG00000079741,3,0
ENSDARG00000079742,2,0
ENSDARG00000079752,3,0
ENSDARG00000079756,0,2
ENSDARG00000079760,5,2
ENSDARG00000079762,4,1
ENSDARG00000079765,4,1
ENSDARG00000079766,0,1
ENSDARG00000079769,4,1
ENSDARG00000079771,3,1
ENSDARG00000079773,2,1
ENSDARG00000079777,2,1
ENSDARG00000079779,2,1
ENSDARG00000079780,1,1
ENSDARG00000079781,2,1
ENSDARG00000079782,3,2
ENSDARG00000079783,1,1
ENSDARG00000079784,2,0
ENSDARG00000079785,0,0
ENSDARG00000079791,2,0
ENSDARG00000079795,4,0
ENSDARG00000079796,3,0
ENSDARG00000079802,0,2
ENSDARG00000079805,2,1
ENSDARG00000079808,4,1
ENSDARG00000079811,5,2
ENSDARG00000079815,4,1
ENSDARG00000079816,0,2
ENSDARG00000079818,5,1
ENSDARG00000079823,3,1
ENSDARG00000079824,2,1
ENSDARG00000079826,3,2
ENSDARG00000079827,1,0
ENSDARG00000079829,2,1
ENSDARG00000079834,0,1
ENSDARG00000079839,0,1
ENSDARG00000079840,3,0
ENSDARG00000079843,0,2
ENSDARG00000079847,3,0
ENSDARG00000079848,1,0
ENSDARG00000079849,2,0
ENSDARG00000079850,3,2
ENSDARG00000079854,5,2
ENSDARG00000079857,2,0
ENSDARG00000079858,3,1
ENSDARG00000079860,5,2
ENSDARG00000079862,0,2
ENSDARG00000079869,5,2
ENSDARG00000079872,2,0
ENSDARG00000079873,2,1
ENSDARG00000079876,0,2
ENSDARG00000079878,3,1
ENSDARG00000079880,2,1
ENSDARG00000079881,0,2
ENSDARG00000079884,0,0
ENSDARG00000079886,0,0
ENSDARG00000079889,3,0
ENSDARG00000079891,3,0
ENSDARG00000079892,0,2
ENSDARG00000079895,4,1
ENSDARG00000079897,0,0
ENSDARG00000079900,1,0
ENSDARG00000079901,2,1
ENSDARG00000079903,3,0
ENSDARG00000079905,5,1
ENSDARG00000079907,4,2
ENSDARG00000079908,3,2
ENSDARG00000079912,3,2
ENSDARG00000079914,2,1
ENSDARG00000079915,1,0
ENSDARG00000079917,4,2
ENSDARG00000079922,3,2
ENSDARG00000079925,5,0
ENSDARG00000079926,2,0
ENSDARG00000079930,0,1
ENSDARG00000079931,0,2
ENSDARG00000079932,4,1
ENSDARG00000079933,3,1
ENSDARG00000079934,5,1
ENSDARG00000079939,4,0
ENSDARG00000079945,3,2
ENSDARG00000079947,4,0
ENSDARG00000079949,1,0
ENSDARG00000079957,0,2
ENSDARG00000079962,2,0
ENSDARG00000079964,4,1
ENSDARG00000079967,0,2
ENSDARG00000079972,2,1
ENSDARG00000079973,1,1
ENSDARG00000079977,4,1
ENSDARG00000079978,2,0
ENSDARG00000079979,0,1
ENSDARG00000079980,2,1
ENSDARG00000079983,4,1
ENSDARG00000079985,3,2
ENSDARG00000079987,1,0
ENSDARG00000079992,0,2
ENSDARG00000079994,0,2
ENSDARG00000079997,2,0
ENSDARG00000080000,5,0
ENSDARG00000080006,5,1
ENSDARG00000080009,4,2
ENSDARG00000080010,3,1
ENSDARG00000080015,2,0
ENSDARG00000080016,5,2
ENSDARG00000080018,2,0
ENSDARG00000080020,2,0
ENSDARG00000080021,0,1
ENSDARG00000080031,2,1
ENSDARG00000080037,3,-1
ENSDARG00000080040,2,1
ENSDARG00000080081,4,-1
ENSDARG00000080087,2,-1
ENSDARG00000080128,2,-1
ENSDARG00000080147,4,0
ENSDARG00000080151,1,1
ENSDARG00000080201,2,1
ENSDARG00000080218,2,-1
ENSDARG00000080223,1,0
ENSDARG00000080245,1,-1
ENSDARG00000080258,1,1
ENSDARG00000080276,1,-1
ENSDARG00000080337,5,1
ENSDARG00000080347,1,1
ENSDARG00000080351,1,1
ENSDARG00000080372,1,1
ENSDARG00000080401,3,-1
ENSDARG00000080407,1,-1
ENSDARG00000080410,4,1
ENSDARG00000080422,1,0
ENSDARG00000080423,1,0
ENSDARG00000080448,1,0
ENSDARG00000080449,2,-1
ENSDARG00000080450,1,1
ENSDARG00000080453,4,-1
ENSDARG00000080484,2,-1
ENSDARG00000080493,5,0
ENSDARG00000080499,4,1
ENSDARG00000080512,1,1
ENSDARG00000080531,1,1
ENSDARG00000080532,1,1
ENSDARG00000080565,2,-1
ENSDARG00000080572,2,-1
ENSDARG00000080578,4,-1
ENSDARG00000080594,4,-1
ENSDARG00000080599,2,-1
ENSDARG00000080612,4,-1
ENSDARG00000080633,5,1
ENSDARG00000080647,1,1
ENSDARG00000080661,1,-1
ENSDARG00000080667,3,-1
ENSDARG00000080675,3,2
ENSDARG00000080685,4,1
ENSDARG00000080698,2,1
ENSDARG00000080708,1,0
ENSDARG00000080727,2,-1
ENSDARG00000080742,4,-1
ENSDARG00000080745,3,2
ENSDARG00000080774,5,0
ENSDARG00000080775,1,1
ENSDARG00000080777,5,0
ENSDARG00000080781,1,-1
ENSDARG00000080787,5,2
ENSDARG00000080823,4,1
ENSDARG00000080835,1,-1
ENSDARG00000080855,1,1
ENSDARG00000080902,5,1
ENSDARG00000080918,1,-1
ENSDARG00000080931,1,0
ENSDARG00000080938,4,1
ENSDARG00000080977,2,-1
ENSDARG00000081029,1,0
ENSDARG00000081082,1,1
ENSDARG00000081096,1,1
ENSDARG00000081103,3,2
ENSDARG00000081109,4,0
ENSDARG00000081126,5,0
ENSDARG00000081145,3,-1
ENSDARG00000081158,1,1
ENSDARG00000081163,2,-1
ENSDARG00000081177,1,1
ENSDARG00000081182,1,-1
ENSDARG00000081192,1,0
ENSDARG00000081194,2,-1
ENSDARG00000081218,1,0
ENSDARG00000081232,3,-1
ENSDARG00000081252,1,1
ENSDARG00000081270,4,1
ENSDARG00000081299,2,0
ENSDARG00000081303,4,1
ENSDARG00000081329,1,1
ENSDARG00000081369,1,0
ENSDARG00000081375,1,0
ENSDARG00000081423,2,-1
ENSDARG00000081431,4,1
ENSDARG00000081440,1,0
ENSDARG00000081442,2,-1
ENSDARG00000081443,2,1
ENSDARG00000081445,5,1
ENSDARG00000081475,2,0
ENSDARG00000081487,1,-1
ENSDARG00000081512,2,-1
ENSDARG00000081529,2,1
ENSDARG00000081534,4,-1
ENSDARG00000081540,1,-1
ENSDARG00000081568,1,1
ENSDARG00000081574,0,1
ENSDARG00000081580,1,-1
ENSDARG00000081621,1,1
ENSDARG00000081623,1,1
ENSDARG00000081654,3,-1
ENSDARG00000081702,1,1
ENSDARG00000081734,1,-1
ENSDARG00000081799,5,2
ENSDARG00000081802,1,1
ENSDARG00000081807,4,-1
ENSDARG00000081849,3,-1
ENSDARG00000081850,1,0
ENSDARG00000081859,2,-1
ENSDARG00000081875,1,1
ENSDARG00000081883,1,-1
ENSDARG00000081895,1,1
ENSDARG00000081926,1,1
ENSDARG00000081931,4,1
ENSDARG00000081937,4,1
ENSDARG00000081938,2,1
ENSDARG00000081943,1,1
ENSDARG00000081946,1,1
ENSDARG00000081961,1,1
ENSDARG00000081971,1,1
ENSDARG00000082003,1,0
ENSDARG00000082008,3,2
ENSDARG00000082087,1,1
ENSDARG00000082100,1,1
ENSDARG00000082154,1,1
ENSDARG00000082177,4,-1
ENSDARG00000082187,4,-1
ENSDARG00000082253,5,1
ENSDARG00000082257,4,-1
ENSDARG00000082262,2,-1
ENSDARG00000082273,5,1
ENSDARG00000082287,3,-1
ENSDARG00000082290,1,1
ENSDARG00000082315,4,-1
ENSDARG00000082321,3,2
ENSDARG00000082394,1,1
ENSDARG00000082399,4,-1
ENSDARG00000082408,3,-1
ENSDARG00000082419,1,1
ENSDARG00000082428,1,-1
ENSDARG00000082429,2,-1
ENSDARG00000082440,1,-1
ENSDARG00000082493,3,1
ENSDARG00000082506,2,-1
ENSDARG00000082511,1,-1
ENSDARG00000082530,1,0
ENSDARG00000082607,5,0
ENSDARG00000082611,2,1
ENSDARG00000082628,5,1
ENSDARG00000082646,5,2
ENSDARG00000082652,2,-1
ENSDARG00000082654,2,-1
ENSDARG00000082675,2,-1
ENSDARG00000082716,3,-1
ENSDARG00000082738,1,1
ENSDARG00000082753,0,0
ENSDARG00000082789,2,-1
ENSDARG00000082790,5,1
ENSDARG00000082811,1,-1
ENSDARG00000082818,2,-1
ENSDARG00000082823,3,2
ENSDARG00000082850,1,1
ENSDARG00000082901,3,-1
ENSDARG00000082960,4,1
ENSDARG00000082968,2,1
ENSDARG00000083005,3,2
ENSDARG00000083014,2,-1
ENSDARG00000083046,5,0
ENSDARG00000083047,4,-1
ENSDARG00000083050,2,1
ENSDARG00000083089,1,1
ENSDARG00000083118,1,-1
ENSDARG00000083165,1,-1
ENSDARG00000083171,1,1
ENSDARG00000083179,4,-1
ENSDARG00000083189,5,1
ENSDARG00000083232,3,-1
ENSDARG00000083266,1,1
ENSDARG00000083285,2,1
ENSDARG00000083308,2,-1
ENSDARG00000083309,1,1
ENSDARG00000083310,2,-1
ENSDARG00000083325,1,1
ENSDARG00000083332,2,1
ENSDARG00000083345,2,1
ENSDARG00000083357,1,1
ENSDARG00000083378,4,1
ENSDARG00000083387,2,-1
ENSDARG00000083389,4,1
ENSDARG00000083395,1,-1
ENSDARG00000083412,3,2
ENSDARG00000083417,1,0
ENSDARG00000083424,4,1
ENSDARG00000083428,2,-1
ENSDARG00000083431,3,2
ENSDARG00000083434,5,0
ENSDARG00000083480,2,0
ENSDARG00000083557,2,1
ENSDARG00000083582,1,0
ENSDARG00000083588,3,-1
ENSDARG00000083593,1,1
ENSDARG00000083622,2,-1
ENSDARG00000083706,2,-1
ENSDARG00000083712,1,0
ENSDARG00000083738,4,1
ENSDARG00000083760,5,0
ENSDARG00000083770,5,1
ENSDARG00000083781,2,-1
ENSDARG00000083784,1,1
ENSDARG00000083797,2,1
ENSDARG00000083807,1,-1
ENSDARG00000083826,1,1
ENSDARG00000083842,5,0
ENSDARG00000083857,1,1
ENSDARG00000083865,1,0
ENSDARG00000083874,1,-1
ENSDARG00000083885,1,1
ENSDARG00000083914,3,-1
ENSDARG00000083936,4,-1
ENSDARG00000083937,5,0
ENSDARG00000083941,5,0
ENSDARG00000083950,5,0
ENSDARG00000083954,2,-1
ENSDARG00000083959,1,-1
ENSDARG00000083966,4,1
ENSDARG00000083967,1,1
ENSDARG00000083973,1,-1
ENSDARG00000083986,4,1
ENSDARG00000083988,2,-1
ENSDARG00000084002,1,1
ENSDARG00000084004,2,1
ENSDARG00000084018,2,-1
ENSDARG00000084034,3,-1
ENSDARG00000084043,1,0
ENSDARG00000084053,1,0
ENSDARG00000084079,1,-1
ENSDARG00000084095,1,-1
ENSDARG00000084209,1,1
ENSDARG00000084211,2,-1
ENSDARG00000084215,3,-1
ENSDARG00000084219,1,0
ENSDARG00000084287,2,-1
ENSDARG00000084310,2,1
ENSDARG00000084316,3,-1
ENSDARG00000084373,1,1
ENSDARG00000084381,4,-1
ENSDARG00000084414,1,1
ENSDARG00000084441,4,1
ENSDARG00000084449,5,0
ENSDARG00000084476,1,-1
ENSDARG00000084484,1,1
ENSDARG00000084532,1,1
ENSDARG00000084535,1,-1
ENSDARG00000084543,3,2
ENSDARG00000084589,1,1
ENSDARG00000084628,1,1
ENSDARG00000084661,5,2
ENSDARG00000084670,1,1
ENSDARG00000084681,3,2
ENSDARG00000084684,3,-1
ENSDARG00000084708,1,0
ENSDARG00000084741,2,-1
ENSDARG00000084754,2,-1
ENSDARG00000084755,2,-1
ENSDARG00000084804,2,-1
ENSDARG00000084808,2,0
ENSDARG00000084828,4,1
ENSDARG00000084839,1,1
ENSDARG00000084849,1,0
ENSDARG00000084856,1,-1
ENSDARG00000084959,3,-1
ENSDARG00000084991,1,1
ENSDARG00000084995,1,1
ENSDARG00000085027,1,1
ENSDARG00000085038,1,-1
ENSDARG00000085136,3,1
ENSDARG00000085149,4,-1
ENSDARG00000085174,1,0
ENSDARG00000085182,1,-1
ENSDARG00000085246,2,1
ENSDARG00000085249,1,1
ENSDARG00000085290,2,-1
ENSDARG00000085291,2,-1
ENSDARG00000085301,5,0
ENSDARG00000085358,2,-1
ENSDARG00000085362,2,-1
ENSDARG00000085375,2,-1
ENSDARG00000085406,1,0
ENSDARG00000085478,3,-1
ENSDARG00000085497,5,2
ENSDARG00000085536,1,0
ENSDARG00000085561,2,0
ENSDARG00000085621,1,1
ENSDARG00000085711,2,-1
ENSDARG00000085724,2,-1
ENSDARG00000085725,3,-1
ENSDARG00000085728,2,-1
ENSDARG00000085732,1,1
ENSDARG00000085740,1,0
ENSDARG00000085774,3,-1
ENSDARG00000085780,1,-1
ENSDARG00000085786,1,1
ENSDARG00000085818,2,-1
ENSDARG00000085825,1,1
ENSDARG00000085848,2,-1
ENSDARG00000085851,2,-1
ENSDARG00000085871,3,2
ENSDARG00000085969,2,-1
ENSDARG00000085985,1,0
ENSDARG00000086007,1,1
ENSDARG00000086015,5,0
ENSDARG00000086017,0,0
ENSDARG00000086027,3,2
ENSDARG00000086028,2,1
ENSDARG00000086033,3,2
ENSDARG00000086034,3,2
ENSDARG00000086037,3,0
ENSDARG00000086048,3,2
ENSDARG00000086052,4,0
ENSDARG00000086055,0,0
ENSDARG00000086057,4,1
ENSDARG00000086060,4,1
ENSDARG00000086070,3,0
ENSDARG00000086091,3,0
ENSDARG00000086095,2,1
ENSDARG00000086100,0,1
ENSDARG00000086103,1,1
ENSDARG00000086104,3,0
ENSDARG00000086105,3,1
ENSDARG00000086107,5,2
ENSDARG00000086114,3,2
ENSDARG00000086126,5,2
ENSDARG00000086130,2,1
ENSDARG00000086150,5,1
ENSDARG00000086158,2,0
ENSDARG00000086159,2,0
ENSDARG00000086162,3,2
ENSDARG00000086166,3,2
ENSDARG00000086169,2,0
ENSDARG00000086172,0,2
ENSDARG00000086173,0,2
ENSDARG00000086179,4,1
ENSDARG00000086183,4,2
ENSDARG00000086184,3,0
ENSDARG00000086186,2,0
ENSDARG00000086189,4,0
ENSDARG00000086204,2,0
ENSDARG00000086207,2,0
ENSDARG00000086214,2,1
ENSDARG00000086215,0,2
ENSDARG00000086216,0,0
ENSDARG00000086221,5,1
ENSDARG00000086222,4,0
ENSDARG00000086223,1,1
ENSDARG00000086228,2,1
ENSDARG00000086236,1,1
ENSDARG00000086245,5,1
ENSDARG00000086247,5,1
ENSDARG00000086248,3,2
ENSDARG00000086254,4,0
ENSDARG00000086259,5,1
ENSDARG00000086262,5,2
ENSDARG00000086265,3,2
ENSDARG00000086266,3,2
ENSDARG00000086268,3,2
ENSDARG00000086269,1,0
ENSDARG00000086271,3,0
ENSDARG00000086272,2,1
ENSDARG00000086282,2,-1
ENSDARG00000086283,0,1
ENSDARG00000086288,3,2
ENSDARG00000086292,4,0
ENSDARG00000086296,5,0
ENSDARG00000086300,2,1
ENSDARG00000086301,2,1
ENSDARG00000086305,3,2
ENSDARG00000086309,0,2
ENSDARG00000086310,1,1
ENSDARG00000086314,2,0
ENSDARG00000086324,5,1
ENSDARG00000086326,4,2
ENSDARG00000086327,3,1
ENSDARG00000086332,5,0
ENSDARG00000086337,3,2
ENSDARG00000086342,0,0
ENSDARG00000086345,0,2
ENSDARG00000086352,5,1
ENSDARG00000086362,0,1
ENSDARG00000086369,3,2
ENSDARG00000086374,5,0
ENSDARG00000086390,2,1
ENSDARG00000086391,2,1
ENSDARG00000086393,4,1
ENSDARG00000086405,2,0
ENSDARG00000086408,0,0
ENSDARG00000086411,1,1
ENSDARG00000086412,2,-1
ENSDARG00000086416,1,1
ENSDARG00000086419,3,2
ENSDARG00000086420,4,1
ENSDARG00000086421,4,2
ENSDARG00000086425,5,2
ENSDARG00000086445,5,0
ENSDARG00000086449,5,0
ENSDARG00000086452,1,0
ENSDARG00000086453,4,1
ENSDARG00000086458,0,0
ENSDARG00000086459,0,0
ENSDARG00000086460,2,1
ENSDARG00000086463,0,0
ENSDARG00000086471,2,0
ENSDARG00000086481,5,0
ENSDARG00000086483,3,2
ENSDARG00000086484,0,2
ENSDARG00000086489,0,2
ENSDARG00000086490,1,0
ENSDARG00000086493,2,0
ENSDARG00000086494,5,2
ENSDARG00000086495,3,2
ENSDARG00000086498,2,0
ENSDARG00000086504,1,1
ENSDARG00000086505,0,2
ENSDARG00000086512,2,0
ENSDARG00000086518,5,1
ENSDARG00000086522,5,1
ENSDARG00000086523,0,0
ENSDARG00000086529,5,1
ENSDARG00000086539,4,0
ENSDARG00000086550,5,1
ENSDARG00000086551,0,2
ENSDARG00000086552,5,0
ENSDARG00000086565,2,0
ENSDARG00000086569,2,1
ENSDARG00000086571,3,1
ENSDARG00000086573,2,1
ENSDARG00000086576,4,1
ENSDARG00000086585,3,2
ENSDARG00000086591,5,0
ENSDARG00000086601,2,-1
ENSDARG00000086603,2,1
ENSDARG00000086612,3,2
ENSDARG00000086613,2,1
ENSDARG00000086615,4,1
ENSDARG00000086616,2,1
ENSDARG00000086618,1,1
ENSDARG00000086623,2,0
ENSDARG00000086626,5,2
ENSDARG00000086628,5,1
ENSDARG00000086631,5,2
ENSDARG00000086633,2,1
ENSDARG00000086645,4,0
ENSDARG00000086647,4,1
ENSDARG00000086650,3,0
ENSDARG00000086654,3,2
ENSDARG00000086658,3,2
ENSDARG00000086661,3,2
ENSDARG00000086665,3,0
ENSDARG00000086669,2,1
ENSDARG00000086670,0,2
ENSDARG00000086678,0,1
ENSDARG00000086679,0,2
ENSDARG00000086685,3,1
ENSDARG00000086691,3,0
ENSDARG00000086692,2,1
ENSDARG00000086699,5,1
ENSDARG00000086703,4,1
ENSDARG00000086705,3,2
ENSDARG00000086706,3,1
ENSDARG00000086708,3,0
ENSDARG00000086712,5,2
ENSDARG00000086718,2,1
ENSDARG00000086720,5,0
ENSDARG00000086724,3,0
ENSDARG00000086732,2,0
ENSDARG00000086735,2,0
ENSDARG00000086737,0,0
ENSDARG00000086739,0,1
ENSDARG00000086740,3,2
ENSDARG00000086746,4,1
ENSDARG00000086753,2,1
ENSDARG00000086756,2,0
ENSDARG00000086762,2,0
ENSDARG00000086764,5,1
ENSDARG00000086775,2,1
ENSDARG00000086778,3,2
ENSDARG00000086789,4,0
ENSDARG00000086790,3,2
ENSDARG00000086805,3,2
ENSDARG00000086819,0,2
ENSDARG00000086825,2,1
ENSDARG00000086838,4,1
ENSDARG00000086840,0,0
ENSDARG00000086842,5,2
ENSDARG00000086847,5,0
ENSDARG00000086849,4,1
ENSDARG00000086851,4,0
ENSDARG00000086853,3,0
ENSDARG00000086856,0,2
ENSDARG00000086859,0,1
ENSDARG00000086877,2,0
ENSDARG00000086879,5,2
ENSDARG00000086880,4,0
ENSDARG00000086888,1,1
ENSDARG00000086892,3,0
ENSDARG00000086896,5,2
ENSDARG00000086897,3,1
ENSDARG00000086903,0,0
ENSDARG00000086906,0,2
ENSDARG00000086911,5,1
ENSDARG00000086917,2,1
ENSDARG00000086925,2,1
ENSDARG00000086927,1,0
ENSDARG00000086931,2,0
ENSDARG00000086933,3,2
ENSDARG00000086941,2,0
ENSDARG00000086944,3,2
ENSDARG00000086950,4,0
ENSDARG00000086956,0,0
ENSDARG00000086957,4,1
ENSDARG00000086963,1,0
ENSDARG00000086969,3,2
ENSDARG00000086971,1,1
ENSDARG00000086977,0,2
ENSDARG00000086985,2,1
ENSDARG00000086990,2,0
ENSDARG00000086996,4,1
ENSDARG00000086998,4,0
ENSDARG00000087012,5,2
ENSDARG00000087013,2,1
ENSDARG00000087015,5,2
ENSDARG00000087016,3,0
ENSDARG00000087018,5,2
ENSDARG00000087020,3,2
ENSDARG00000087040,3,2
ENSDARG00000087046,0,0
ENSDARG00000087054,1,0
ENSDARG00000087057,3,2
ENSDARG00000087059,3,2
ENSDARG00000087060,1,1
ENSDARG00000087061,1,1
ENSDARG00000087070,5,0
ENSDARG00000087071,2,1
ENSDARG00000087074,5,1
ENSDARG00000087084,2,0
ENSDARG00000087087,3,2
ENSDARG00000087088,2,0
ENSDARG00000087093,4,1
ENSDARG00000087094,5,2
ENSDARG00000087099,2,1
ENSDARG00000087100,3,2
ENSDARG00000087102,1,1
ENSDARG00000087107,4,0
ENSDARG00000087110,0,2
ENSDARG00000087117,3,-1
ENSDARG00000087120,4,1
ENSDARG00000087131,0,1
ENSDARG00000087144,4,0
ENSDARG00000087145,0,0
ENSDARG00000087152,2,0
ENSDARG00000087162,0,2
ENSDARG00000087164,3,2
ENSDARG00000087165,2,1
ENSDARG00000087166,0,0
ENSDARG00000087168,5,0
ENSDARG00000087176,2,1
ENSDARG00000087178,2,1
ENSDARG00000087180,0,2
ENSDARG00000087181,0,2
ENSDARG00000087186,2,0
ENSDARG00000087188,2,0
ENSDARG00000087190,2,0
ENSDARG00000087191,3,0
ENSDARG00000087193,0,0
ENSDARG00000087195,2,1
ENSDARG00000087196,4,0
ENSDARG00000087197,2,0
ENSDARG00000087198,4,1
ENSDARG00000087203,0,2
ENSDARG00000087205,0,1
ENSDARG00000087206,4,1
ENSDARG00000087210,3,0
ENSDARG00000087224,2,0
ENSDARG00000087227,2,1
ENSDARG00000087229,3,0
ENSDARG00000087238,1,0
ENSDARG00000087241,3,2
ENSDARG00000087247,5,2
ENSDARG00000087251,4,0
ENSDARG00000087254,3,2
ENSDARG00000087258,2,0
ENSDARG00000087260,2,0
ENSDARG00000087262,5,1
ENSDARG00000087265,1,1
ENSDARG00000087277,4,1
ENSDARG00000087285,3,2
ENSDARG00000087289,2,1
ENSDARG00000087290,2,0
ENSDARG00000087297,4,1
ENSDARG00000087299,5,0
ENSDARG00000087301,2,1
ENSDARG00000087303,3,2
ENSDARG00000087306,3,2
ENSDARG00000087311,2,0
ENSDARG00000087318,3,2
ENSDARG00000087319,2,1
ENSDARG00000087324,3,2
ENSDARG00000087327,2,0
ENSDARG00000087330,0,2
ENSDARG00000087331,5,1
ENSDARG00000087341,3,0
ENSDARG00000087346,0,0
ENSDARG00000087349,2,1
ENSDARG00000087352,5,2
ENSDARG00000087359,2,1
ENSDARG00000087363,5,2
ENSDARG00000087369,0,2
ENSDARG00000087373,4,1
ENSDARG00000087375,2,1
ENSDARG00000087381,2,0
ENSDARG00000087388,5,0
ENSDARG00000087390,4,1
ENSDARG00000087392,0,1
ENSDARG00000087393,5,1
ENSDARG00000087394,3,0
ENSDARG00000087401,2,1
ENSDARG00000087402,2,0
ENSDARG00000087403,2,0
ENSDARG00000087407,3,0
ENSDARG00000087413,2,1
ENSDARG00000087417,0,2
ENSDARG00000087419,1,-1
ENSDARG00000087421,5,1
ENSDARG00000087424,0,2
ENSDARG00000087426,2,1
ENSDARG00000087435,2,-1
ENSDARG00000087438,3,2
ENSDARG00000087440,3,0
ENSDARG00000087444,4,1
ENSDARG00000087446,4,0
ENSDARG00000087452,3,2
ENSDARG00000087453,5,0
ENSDARG00000087456,4,1
ENSDARG00000087457,3,2
ENSDARG00000087461,0,0
ENSDARG00000087469,1,1
ENSDARG00000087473,0,0
ENSDARG00000087474,0,1
ENSDARG00000087476,2,1
ENSDARG00000087483,5,2
ENSDARG00000087489,4,1
ENSDARG00000087492,0,1
ENSDARG00000087496,1,1
ENSDARG00000087509,3,0
ENSDARG00000087516,2,1
ENSDARG00000087517,3,2
ENSDARG00000087518,3,2
ENSDARG00000087519,4,2
ENSDARG00000087525,0,2
ENSDARG00000087528,5,2
ENSDARG00000087529,1,-1
ENSDARG00000087530,0,2
ENSDARG00000087532,2,1
ENSDARG00000087536,5,0
ENSDARG00000087538,2,0
ENSDARG00000087544,1,1
ENSDARG00000087545,5,1
ENSDARG00000087554,4,1
ENSDARG00000087555,1,0
ENSDARG00000087556,4,2
ENSDARG00000087558,2,0
ENSDARG00000087564,0,0
ENSDARG00000087573,0,1
ENSDARG00000087574,5,0
ENSDARG00000087575,4,1
ENSDARG00000087583,5,1
ENSDARG00000087584,5,2
ENSDARG00000087585,0,0
ENSDARG00000087592,5,0
ENSDARG00000087596,0,0
ENSDARG00000087597,2,1
ENSDARG00000087599,3,0
ENSDARG00000087601,2,1
ENSDARG00000087611,4,1
ENSDARG00000087616,4,0
ENSDARG00000087623,2,1
ENSDARG00000087625,2,1
ENSDARG00000087631,4,1
ENSDARG00000087635,2,1
ENSDARG00000087636,4,1
ENSDARG00000087639,0,0
ENSDARG00000087641,3,2
ENSDARG00000087645,5,0
ENSDARG00000087646,3,1
ENSDARG00000087651,4,0
ENSDARG00000087657,0,0
ENSDARG00000087659,2,1
ENSDARG00000087663,2,1
ENSDARG00000087666,0,0
ENSDARG00000087674,1,0
ENSDARG00000087679,2,1
ENSDARG00000087681,3,2
ENSDARG00000087688,0,1
ENSDARG00000087693,4,0
ENSDARG00000087697,4,1
ENSDARG00000087699,2,1
ENSDARG00000087704,3,2
ENSDARG00000087706,3,2
ENSDARG00000087709,2,0
ENSDARG00000087714,4,1
ENSDARG00000087717,3,2
ENSDARG00000087732,4,1
ENSDARG00000087736,3,2
ENSDARG00000087740,2,0
ENSDARG00000087741,3,2
ENSDARG00000087743,4,1
ENSDARG00000087745,2,1
ENSDARG00000087749,0,2
ENSDARG00000087751,0,2
ENSDARG00000087752,0,0
ENSDARG00000087753,2,1
ENSDARG00000087756,2,1
ENSDARG00000087757,5,0
ENSDARG00000087759,5,1
ENSDARG00000087761,2,-1
ENSDARG00000087762,3,0
ENSDARG00000087764,2,1
ENSDARG00000087765,3,2
ENSDARG00000087767,2,0
ENSDARG00000087779,5,0
ENSDARG00000087782,5,1
ENSDARG00000087784,4,1
ENSDARG00000087798,2,1
ENSDARG00000087804,2,0
ENSDARG00000087814,3,2
ENSDARG00000087817,5,1
ENSDARG00000087822,0,1
ENSDARG00000087828,1,0
ENSDARG00000087832,5,1
ENSDARG00000087835,1,1
ENSDARG00000087839,2,0
ENSDARG00000087843,3,0
ENSDARG00000087857,2,0
ENSDARG00000087863,5,0
ENSDARG00000087867,0,1
ENSDARG00000087870,2,-1
ENSDARG00000087873,2,1
ENSDARG00000087893,5,1
ENSDARG00000087897,4,0
ENSDARG00000087901,1,1
ENSDARG00000087907,2,1
ENSDARG00000087909,2,1
ENSDARG00000087910,4,1
ENSDARG00000087911,0,0
ENSDARG00000087916,3,0
ENSDARG00000087920,5,2
ENSDARG00000087933,0,0
ENSDARG00000087937,5,0
ENSDARG00000087939,0,0
ENSDARG00000087941,0,0
ENSDARG00000087944,1,1
ENSDARG00000087950,1,1
ENSDARG00000087954,5,0
ENSDARG00000087956,4,1
ENSDARG00000087961,0,1
ENSDARG00000087962,1,1
ENSDARG00000087968,3,-1
ENSDARG00000087978,4,1
ENSDARG00000087979,3,2
ENSDARG00000087981,3,2
ENSDARG00000087983,0,0
ENSDARG00000087985,0,2
ENSDARG00000087993,2,0
ENSDARG00000087994,2,0
ENSDARG00000087996,0,1
ENSDARG00000087999,3,2
ENSDARG00000088000,1,1
ENSDARG00000088002,4,1
ENSDARG00000088013,2,1
ENSDARG00000088019,2,0
ENSDARG00000088022,0,0
ENSDARG00000088023,3,2
ENSDARG00000088029,2,1
ENSDARG00000088030,4,1
ENSDARG00000088036,3,2
ENSDARG00000088039,5,1
ENSDARG00000088040,0,1
ENSDARG00000088044,2,1
ENSDARG00000088048,3,0
ENSDARG00000088051,1,0
ENSDARG00000088058,2,1
ENSDARG00000088067,1,1
ENSDARG00000088069,2,0
ENSDARG00000088072,2,0
ENSDARG00000088073,0,2
ENSDARG00000088079,2,1
ENSDARG00000088083,4,0
ENSDARG00000088084,0,2
ENSDARG00000088091,4,1
ENSDARG00000088100,3,0
ENSDARG00000088116,3,0
ENSDARG00000088117,0,1
ENSDARG00000088121,5,1
ENSDARG00000088123,1,0
ENSDARG00000088124,3,2
ENSDARG00000088130,1,0
ENSDARG00000088136,2,0
ENSDARG00000088137,3,2
ENSDARG00000088140,3,1
ENSDARG00000088143,5,0
ENSDARG00000088145,0,2
ENSDARG00000088157,4,0
ENSDARG00000088160,0,0
ENSDARG00000088165,2,1
ENSDARG00000088167,2,1
ENSDARG00000088168,3,2
ENSDARG00000088171,2,0
ENSDARG00000088181,2,0
ENSDARG00000088187,0,2
ENSDARG00000088189,4,1
ENSDARG00000088192,2,-1
ENSDARG00000088195,4,0
ENSDARG00000088198,1,1
ENSDARG00000088202,5,0
ENSDARG00000088204,2,1
ENSDARG00000088214,5,0
ENSDARG00000088219,3,0
ENSDARG00000088222,3,0
ENSDARG00000088225,3,0
ENSDARG00000088227,4,0
ENSDARG00000088232,4,1
ENSDARG00000088238,3,1
ENSDARG00000088246,5,1
ENSDARG00000088247,3,2
ENSDARG00000088251,0,1
ENSDARG00000088252,4,1
ENSDARG00000088254,5,2
ENSDARG00000088255,3,0
ENSDARG00000088258,0,2
ENSDARG00000088260,0,0
ENSDARG00000088274,2,1
ENSDARG00000088276,0,0
ENSDARG00000088277,4,0
ENSDARG00000088283,3,2
ENSDARG00000088290,4,0
ENSDARG00000088293,2,0
ENSDARG00000088307,0,2
ENSDARG00000088308,3,2
ENSDARG00000088315,2,1
ENSDARG00000088316,3,2
ENSDARG00000088322,2,-1
ENSDARG00000088329,2,1
ENSDARG00000088330,4,1
ENSDARG00000088331,5,2
ENSDARG00000088332,3,2
ENSDARG00000088342,2,0
ENSDARG00000088343,3,2
ENSDARG00000088346,5,0
ENSDARG00000088347,5,1
ENSDARG00000088356,0,2
ENSDARG00000088357,0,0
ENSDARG00000088362,5,2
ENSDARG00000088366,2,1
ENSDARG00000088367,5,2
ENSDARG00000088377,2,0
ENSDARG00000088378,5,0
ENSDARG00000088383,3,2
ENSDARG00000088390,0,1
ENSDARG00000088402,3,0
ENSDARG00000088408,4,1
ENSDARG00000088411,3,2
ENSDARG00000088423,4,1
ENSDARG00000088428,0,2
ENSDARG00000088439,5,1
ENSDARG00000088444,3,2
ENSDARG00000088453,2,1
ENSDARG00000088462,3,2
ENSDARG00000088463,0,1
ENSDARG00000088466,4,0
ENSDARG00000088475,3,2
ENSDARG00000088484,3,2
ENSDARG00000088490,1,1
ENSDARG00000088492,4,2
ENSDARG00000088493,4,1
ENSDARG00000088497,0,2
ENSDARG00000088502,3,2
ENSDARG00000088505,0,2
ENSDARG00000088507,5,2
ENSDARG00000088514,3,2
ENSDARG00000088515,5,1
ENSDARG00000088524,4,0
ENSDARG00000088539,4,1
ENSDARG00000088546,3,2
ENSDARG00000088549,5,2
ENSDARG00000088552,1,1
ENSDARG00000088556,5,0
ENSDARG00000088560,0,2
ENSDARG00000088567,2,1
ENSDARG00000088571,3,2
ENSDARG00000088581,3,2
ENSDARG00000088584,2,1
ENSDARG00000088589,3,2
ENSDARG00000088590,0,0
ENSDARG00000088593,3,2
ENSDARG00000088595,2,0
ENSDARG00000088601,3,2
ENSDARG00000088612,2,0
ENSDARG00000088616,5,0
ENSDARG00000088619,5,0
ENSDARG00000088625,2,1
ENSDARG00000088630,3,0
ENSDARG00000088631,5,0
ENSDARG00000088634,2,0
ENSDARG00000088638,2,1
ENSDARG00000088639,0,0
ENSDARG00000088640,5,0
ENSDARG00000088641,2,1
ENSDARG00000088643,5,2
ENSDARG00000088650,3,0
ENSDARG00000088656,2,1
ENSDARG00000088658,1,1
ENSDARG00000088672,0,2
ENSDARG00000088680,2,1
ENSDARG00000088686,5,2
ENSDARG00000088689,2,0
ENSDARG00000088690,5,0
ENSDARG00000088693,2,1
ENSDARG00000088699,0,0
ENSDARG00000088701,0,0
ENSDARG00000088708,3,2
ENSDARG00000088709,3,2
ENSDARG00000088711,3,2
ENSDARG00000088713,5,1
ENSDARG00000088717,4,1
ENSDARG00000088727,2,1
ENSDARG00000088736,2,1
ENSDARG00000088739,2,1
ENSDARG00000088740,0,0
ENSDARG00000088741,2,0
ENSDARG00000088743,5,1
ENSDARG00000088745,3,2
ENSDARG00000088750,0,0
ENSDARG00000088753,4,0
ENSDARG00000088762,5,0
ENSDARG00000088764,4,1
ENSDARG00000088775,3,2
ENSDARG00000088785,5,0
ENSDARG00000088798,3,0
ENSDARG00000088799,0,2
ENSDARG00000088801,3,0
ENSDARG00000088805,4,0
ENSDARG00000088807,0,2
ENSDARG00000088810,2,0
ENSDARG00000088813,4,0
ENSDARG00000088816,3,2
ENSDARG00000088817,1,1
ENSDARG00000088818,5,2
ENSDARG00000088820,5,0
ENSDARG00000088823,3,2
ENSDARG00000088825,2,0
ENSDARG00000088828,5,2
ENSDARG00000088831,5,1
ENSDARG00000088833,2,0
ENSDARG00000088837,2,1
ENSDARG00000088841,5,1
ENSDARG00000088842,2,1
ENSDARG00000088844,1,1
ENSDARG00000088846,2,0
ENSDARG00000088847,1,1
ENSDARG00000088861,5,0
ENSDARG00000088862,5,2
ENSDARG00000088870,4,1
ENSDARG00000088872,2,1
ENSDARG00000088877,2,0
ENSDARG00000088878,2,0
ENSDARG00000088881,4,1
ENSDARG00000088882,3,1
ENSDARG00000088885,4,1
ENSDARG00000088891,4,0
ENSDARG00000088893,2,1
ENSDARG00000088895,5,1
ENSDARG00000088898,2,0
ENSDARG00000088900,3,2
ENSDARG00000088906,4,0
ENSDARG00000088908,3,2
ENSDARG00000088915,1,1
ENSDARG00000088923,5,1
ENSDARG00000088924,1,1
ENSDARG00000088927,5,0
ENSDARG00000088929,1,1
ENSDARG00000088932,0,1
ENSDARG00000088933,4,0
ENSDARG00000088937,2,1
ENSDARG00000088950,5,1
ENSDARG00000088959,0,0
ENSDARG00000088961,5,0
ENSDARG00000088967,5,0
ENSDARG00000088972,5,0
ENSDARG00000088975,3,2
ENSDARG00000088984,1,0
ENSDARG00000088985,0,2
ENSDARG00000088989,0,1
ENSDARG00000088999,0,0
ENSDARG00000089004,4,1
ENSDARG00000089005,5,0
ENSDARG00000089009,3,2
ENSDARG00000089021,1,1
ENSDARG00000089026,3,2
ENSDARG00000089032,1,1
ENSDARG00000089033,5,1
ENSDARG00000089039,5,0
ENSDARG00000089043,3,2
ENSDARG00000089050,0,0
ENSDARG00000089060,3,2
ENSDARG00000089063,2,1
ENSDARG00000089066,3,1
ENSDARG00000089067,5,2
ENSDARG00000089071,3,0
ENSDARG00000089076,3,0
ENSDARG00000089077,2,0
ENSDARG00000089078,3,0
ENSDARG00000089079,3,2
ENSDARG00000089086,3,2
ENSDARG00000089087,1,0
ENSDARG00000089088,0,2
ENSDARG00000089090,2,0
ENSDARG00000089092,5,2
ENSDARG00000089101,2,0
ENSDARG00000089107,0,2
ENSDARG00000089109,2,1
ENSDARG00000089110,2,1
ENSDARG00000089112,4,0
ENSDARG00000089123,2,1
ENSDARG00000089124,4,1
ENSDARG00000089131,2,0
ENSDARG00000089138,4,1
ENSDARG00000089139,0,1
ENSDARG00000089142,5,2
ENSDARG00000089149,2,1
ENSDARG00000089156,2,0
ENSDARG00000089158,1,1
ENSDARG00000089159,1,1
ENSDARG00000089164,4,-1
ENSDARG00000089172,3,0
ENSDARG00000089177,2,1
ENSDARG00000089179,2,1
ENSDARG00000089181,0,2
ENSDARG00000089183,2,0
ENSDARG00000089185,1,1
ENSDARG00000089187,3,2
ENSDARG00000089190,2,0
ENSDARG00000089192,3,1
ENSDARG00000089193,2,0
ENSDARG00000089200,0,0
ENSDARG00000089201,5,0
ENSDARG00000089202,2,1
ENSDARG00000089205,3,2
ENSDARG00000089207,1,1
ENSDARG00000089212,3,2
ENSDARG00000089213,2,0
ENSDARG00000089216,2,1
ENSDARG00000089217,2,0
ENSDARG00000089221,3,2
ENSDARG00000089223,3,0
ENSDARG00000089225,3,1
ENSDARG00000089227,0,2
ENSDARG00000089230,1,1
ENSDARG00000089232,0,2
ENSDARG00000089233,2,1
ENSDARG00000089235,4,2
ENSDARG00000089236,0,2
ENSDARG00000089237,2,0
ENSDARG00000089243,1,0
ENSDARG00000089245,3,2
ENSDARG00000089248,1,0
ENSDARG00000089255,2,0
ENSDARG00000089260,5,2
ENSDARG00000089262,3,2
ENSDARG00000089271,3,0
ENSDARG00000089276,2,0
ENSDARG00000089291,1,0
ENSDARG00000089292,3,2
ENSDARG00000089296,3,2
ENSDARG00000089297,3,0
ENSDARG00000089302,4,1
ENSDARG00000089303,5,2
ENSDARG00000089304,2,1
ENSDARG00000089307,5,0
ENSDARG00000089310,2,1
ENSDARG00000089312,2,1
ENSDARG00000089314,3,2
ENSDARG00000089318,4,1
ENSDARG00000089320,3,0
ENSDARG00000089326,2,0
ENSDARG00000089331,5,0
ENSDARG00000089334,3,2
ENSDARG00000089338,3,2
ENSDARG00000089340,0,2
ENSDARG00000089345,5,2
ENSDARG00000089354,4,0
ENSDARG00000089355,1,1
ENSDARG00000089357,0,2
ENSDARG00000089361,2,1
ENSDARG00000089362,2,1
ENSDARG00000089368,0,0
ENSDARG00000089369,0,1
ENSDARG00000089371,5,1
ENSDARG00000089372,2,0
ENSDARG00000089377,2,1
ENSDARG00000089382,4,1
ENSDARG00000089383,2,1
ENSDARG00000089385,1,1
ENSDARG00000089388,4,1
ENSDARG00000089390,0,0
ENSDARG00000089399,2,1
ENSDARG00000089402,4,1
ENSDARG00000089404,3,0
ENSDARG00000089413,2,1
ENSDARG00000089418,2,1
ENSDARG00000089428,5,2
ENSDARG00000089429,2,1
ENSDARG00000089432,3,2
ENSDARG00000089434,2,0
ENSDARG00000089435,4,0
ENSDARG00000089441,4,1
ENSDARG00000089444,3,2
ENSDARG00000089456,0,0
ENSDARG00000089458,0,2
ENSDARG00000089461,5,2
ENSDARG00000089467,3,1
ENSDARG00000089471,2,1
ENSDARG00000089475,4,1
ENSDARG00000089477,2,0
ENSDARG00000089478,5,1
ENSDARG00000089480,1,1
ENSDARG00000089485,3,2
ENSDARG00000089486,2,1
ENSDARG00000089489,4,1
ENSDARG00000089490,2,1
ENSDARG00000089503,1,0
ENSDARG00000089505,5,2
ENSDARG00000089507,4,1
ENSDARG00000089511,1,0
ENSDARG00000089515,5,2
ENSDARG00000089517,0,2
ENSDARG00000089519,3,2
ENSDARG00000089525,0,0
ENSDARG00000089529,0,1
ENSDARG00000089536,0,0
ENSDARG00000089538,0,2
ENSDARG00000089547,1,1
ENSDARG00000089549,3,2
ENSDARG00000089552,2,0
ENSDARG00000089553,2,1
ENSDARG00000089562,2,0
ENSDARG00000089563,5,0
ENSDARG00000089564,2,0
ENSDARG00000089567,0,0
ENSDARG00000089569,5,0
ENSDARG00000089570,4,0
ENSDARG00000089572,5,0
ENSDARG00000089581,1,1
ENSDARG00000089582,3,2
ENSDARG00000089586,0,2
ENSDARG00000089593,1,1
ENSDARG00000089598,5,2
ENSDARG00000089607,0,0
ENSDARG00000089617,0,1
ENSDARG00000089622,3,0
ENSDARG00000089626,1,1
ENSDARG00000089627,1,1
ENSDARG00000089634,3,-1
ENSDARG00000089636,5,0
ENSDARG00000089637,1,1
ENSDARG00000089640,4,0
ENSDARG00000089641,0,0
ENSDARG00000089643,4,0
ENSDARG00000089645,3,2
ENSDARG00000089646,0,1
ENSDARG00000089661,2,1
ENSDARG00000089663,1,1
ENSDARG00000089667,3,2
ENSDARG00000089681,5,1
ENSDARG00000089689,0,0
ENSDARG00000089691,4,0
ENSDARG00000089697,2,0
ENSDARG00000089698,1,0
ENSDARG00000089701,4,1
ENSDARG00000089705,1,1
ENSDARG00000089706,3,0
ENSDARG00000089709,3,0
ENSDARG00000089715,5,0
ENSDARG00000089717,4,0
ENSDARG00000089724,2,1
ENSDARG00000089742,2,1
ENSDARG00000089747,1,1
ENSDARG00000089749,4,1
ENSDARG00000089750,4,0
ENSDARG00000089758,2,1
ENSDARG00000089765,0,1
ENSDARG00000089766,3,2
ENSDARG00000089767,4,0
ENSDARG00000089769,4,0
ENSDARG00000089780,0,1
ENSDARG00000089781,5,2
ENSDARG00000089787,4,1
ENSDARG00000089790,4,1
ENSDARG00000089791,2,1
ENSDARG00000089794,2,1
ENSDARG00000089795,3,2
ENSDARG00000089799,0,2
ENSDARG00000089800,2,1
ENSDARG00000089802,0,2
ENSDARG00000089805,4,0
ENSDARG00000089806,4,0
ENSDARG00000089814,1,1
ENSDARG00000089824,2,0
ENSDARG00000089828,5,2
ENSDARG00000089829,3,2
ENSDARG00000089831,4,1
ENSDARG00000089833,3,0
ENSDARG00000089836,4,1
ENSDARG00000089837,5,0
ENSDARG00000089838,2,1
ENSDARG00000089839,1,1
ENSDARG00000089844,0,1
ENSDARG00000089848,1,1
ENSDARG00000089852,3,2
ENSDARG00000089853,2,0
ENSDARG00000089856,0,0
ENSDARG00000089861,5,2
ENSDARG00000089862,0,0
ENSDARG00000089869,5,1
ENSDARG00000089871,4,1
ENSDARG00000089873,2,0
ENSDARG00000089874,3,0
ENSDARG00000089875,1,1
ENSDARG00000089877,3,0
ENSDARG00000089878,4,1
ENSDARG00000089879,2,1
ENSDARG00000089883,3,2
ENSDARG00000089885,4,1
ENSDARG00000089887,5,0
ENSDARG00000089888,0,2
ENSDARG00000089889,3,2
ENSDARG00000089892,3,2
ENSDARG00000089893,5,2
ENSDARG00000089894,2,0
ENSDARG00000089901,3,2
ENSDARG00000089903,4,2
ENSDARG00000089904,2,0
ENSDARG00000089908,1,0
ENSDARG00000089913,2,0
ENSDARG00000089914,0,1
ENSDARG00000089917,3,2
ENSDARG00000089919,3,2
ENSDARG00000089920,3,2
ENSDARG00000089921,4,2
ENSDARG00000089922,1,0
ENSDARG00000089924,4,1
ENSDARG00000089930,0,2
ENSDARG00000089933,2,0
ENSDARG00000089934,3,2
ENSDARG00000089936,3,2
ENSDARG00000089940,4,1
ENSDARG00000089943,2,1
ENSDARG00000089947,5,0
ENSDARG00000089951,5,1
ENSDARG00000089952,2,0
ENSDARG00000089953,2,0
ENSDARG00000089954,0,0
ENSDARG00000089958,3,2
ENSDARG00000089961,5,0
ENSDARG00000089966,5,1
ENSDARG00000089967,1,0
ENSDARG00000089974,5,1
ENSDARG00000089981,5,2
ENSDARG00000089983,0,2
ENSDARG00000089994,2,1
ENSDARG00000089995,5,0
ENSDARG00000090002,5,2
ENSDARG00000090013,0,2
ENSDARG00000090015,2,1
ENSDARG00000090033,2,1
ENSDARG00000090035,3,2
ENSDARG00000090036,4,1
ENSDARG00000090038,3,2
ENSDARG00000090039,4,0
ENSDARG00000090041,3,0
ENSDARG00000090052,2,0
ENSDARG00000090054,1,1
ENSDARG00000090061,0,1
ENSDARG00000090062,4,1
ENSDARG00000090064,3,2
ENSDARG00000090071,2,0
ENSDARG00000090072,0,1
ENSDARG00000090081,0,2
ENSDARG00000090086,3,2
ENSDARG00000090097,1,1
ENSDARG00000090099,5,0
ENSDARG00000090106,2,1
ENSDARG00000090107,3,2
ENSDARG00000090108,3,2
ENSDARG00000090116,1,1
ENSDARG00000090118,5,1
ENSDARG00000090119,2,1
ENSDARG00000090120,4,0
ENSDARG00000090126,2,1
ENSDARG00000090140,2,1
ENSDARG00000090142,0,2
ENSDARG00000090145,3,0
ENSDARG00000090152,1,-1
ENSDARG00000090153,5,1
ENSDARG00000090159,2,1
ENSDARG00000090160,1,1
ENSDARG00000090164,2,1
ENSDARG00000090167,0,2
ENSDARG00000090170,4,1
ENSDARG00000090171,2,1
ENSDARG00000090177,1,0
ENSDARG00000090179,2,1
ENSDARG00000090181,1,1
ENSDARG00000090185,2,1
ENSDARG00000090190,4,0
ENSDARG00000090192,4,1
ENSDARG00000090193,2,1
ENSDARG00000090194,5,1
ENSDARG00000090195,0,2
ENSDARG00000090202,0,0
ENSDARG00000090213,3,0
ENSDARG00000090228,4,1
ENSDARG00000090230,4,0
ENSDARG00000090232,0,0
ENSDARG00000090234,0,0
ENSDARG00000090237,5,1
ENSDARG00000090253,3,0
ENSDARG00000090255,0,0
ENSDARG00000090267,1,1
ENSDARG00000090268,3,2
ENSDARG00000090277,4,1
ENSDARG00000090286,4,0
ENSDARG00000090292,3,2
ENSDARG00000090297,4,0
ENSDARG00000090301,1,1
ENSDARG00000090304,1,1
ENSDARG00000090309,1,1
ENSDARG00000090310,3,1
ENSDARG00000090319,5,2
ENSDARG00000090326,3,2
ENSDARG00000090337,5,0
ENSDARG00000090338,3,2
ENSDARG00000090344,2,1
ENSDARG00000090346,0,2
ENSDARG00000090348,3,2
ENSDARG00000090352,3,2
ENSDARG00000090355,1,1
ENSDARG00000090366,5,0
ENSDARG00000090367,1,-1
ENSDARG00000090369,4,1
ENSDARG00000090371,3,2
ENSDARG00000090372,2,-1
ENSDARG00000090380,0,1
ENSDARG00000090381,2,1
ENSDARG00000090386,5,0
ENSDARG00000090387,4,1
ENSDARG00000090389,4,1
ENSDARG00000090392,2,1
ENSDARG00000090396,4,1
ENSDARG00000090398,0,2
ENSDARG00000090401,5,0
ENSDARG00000090408,0,2
ENSDARG00000090416,2,1
ENSDARG00000090418,2,0
ENSDARG00000090421,3,1
ENSDARG00000090427,3,0
ENSDARG00000090428,2,1
ENSDARG00000090429,4,1
ENSDARG00000090444,3,1
ENSDARG00000090447,0,0
ENSDARG00000090449,2,1
ENSDARG00000090454,3,0
ENSDARG00000090457,1,1
ENSDARG00000090461,2,1
ENSDARG00000090462,4,1
ENSDARG00000090464,3,2
ENSDARG00000090468,3,2
ENSDARG00000090471,5,0
ENSDARG00000090472,2,1
ENSDARG00000090473,0,0
ENSDARG00000090480,2,1
ENSDARG00000090481,3,2
ENSDARG00000090486,3,2
ENSDARG00000090489,0,1
ENSDARG00000090496,0,0
ENSDARG00000090499,2,1
ENSDARG00000090503,3,0
ENSDARG00000090512,3,0
ENSDARG00000090524,3,2
ENSDARG00000090526,2,1
ENSDARG00000090537,3,2
ENSDARG00000090543,5,1
ENSDARG00000090548,4,1
ENSDARG00000090551,0,0
ENSDARG00000090557,4,0
ENSDARG00000090560,2,1
ENSDARG00000090564,3,2
ENSDARG00000090568,4,1
ENSDARG00000090570,0,1
ENSDARG00000090577,0,0
ENSDARG00000090581,5,2
ENSDARG00000090585,4,2
ENSDARG00000090592,0,1
ENSDARG00000090598,0,1
ENSDARG00000090600,0,1
ENSDARG00000090604,1,0
ENSDARG00000090612,3,2
ENSDARG00000090615,2,1
ENSDARG00000090617,0,1
ENSDARG00000090618,2,1
ENSDARG00000090623,3,0
ENSDARG00000090624,3,0
ENSDARG00000090625,5,2
ENSDARG00000090628,2,0
ENSDARG00000090629,2,1
ENSDARG00000090630,4,2
ENSDARG00000090632,0,1
ENSDARG00000090634,4,2
ENSDARG00000090635,3,2
ENSDARG00000090637,3,2
ENSDARG00000090638,3,2
ENSDARG00000090642,3,0
ENSDARG00000090646,2,1
ENSDARG00000090649,2,0
ENSDARG00000090654,0,2
ENSDARG00000090656,0,2
ENSDARG00000090664,0,0
ENSDARG00000090670,5,2
ENSDARG00000090675,0,2
ENSDARG00000090676,5,1
ENSDARG00000090679,3,0
ENSDARG00000090690,3,2
ENSDARG00000090694,5,1
ENSDARG00000090696,0,1
ENSDARG00000090697,4,1
ENSDARG00000090698,2,0
ENSDARG00000090699,2,1
ENSDARG00000090714,4,2
ENSDARG00000090716,3,1
ENSDARG00000090720,0,2
ENSDARG00000090721,2,0
ENSDARG00000090722,3,2
ENSDARG00000090724,2,1
ENSDARG00000090727,3,0
ENSDARG00000090728,3,1
ENSDARG00000090730,2,1
ENSDARG00000090734,4,1
ENSDARG00000090740,5,2
ENSDARG00000090741,2,1
ENSDARG00000090751,5,2
ENSDARG00000090752,3,0
ENSDARG00000090753,4,1
ENSDARG00000090764,0,1
ENSDARG00000090768,5,1
ENSDARG00000090769,1,1
ENSDARG00000090770,0,2
ENSDARG00000090778,3,1
ENSDARG00000090783,3,0
ENSDARG00000090785,0,1
ENSDARG00000090787,2,0
ENSDARG00000090788,1,1
ENSDARG00000090793,3,0
ENSDARG00000090804,5,2
ENSDARG00000090812,2,1
ENSDARG00000090814,2,1
ENSDARG00000090815,2,1
ENSDARG00000090817,0,0
ENSDARG00000090818,4,1
ENSDARG00000090820,5,1
ENSDARG00000090822,0,1
ENSDARG00000090824,4,0
ENSDARG00000090830,4,1
ENSDARG00000090833,2,1
ENSDARG00000090834,4,1
ENSDARG00000090839,5,0
ENSDARG00000090844,3,2
ENSDARG00000090850,4,0
ENSDARG00000090851,5,0
ENSDARG00000090854,5,1
ENSDARG00000090861,0,2
ENSDARG00000090863,5,0
ENSDARG00000090866,3,2
ENSDARG00000090869,2,1
ENSDARG00000090870,5,2
ENSDARG00000090871,4,1
ENSDARG00000090872,4,1
ENSDARG00000090873,3,0
ENSDARG00000090876,3,2
ENSDARG00000090882,0,1
ENSDARG00000090883,3,0
ENSDARG00000090886,2,0
ENSDARG00000090889,3,2
ENSDARG00000090890,2,0
ENSDARG00000090892,2,1
ENSDARG00000090895,1,1
ENSDARG00000090899,2,1
ENSDARG00000090901,4,1
ENSDARG00000090903,4,0
ENSDARG00000090904,5,1
ENSDARG00000090912,5,1
ENSDARG00000090914,2,0
ENSDARG00000090916,2,1
ENSDARG00000090929,0,1
ENSDARG00000090930,0,1
ENSDARG00000090931,2,1
ENSDARG00000090942,0,2
ENSDARG00000090943,2,1
ENSDARG00000090946,4,1
ENSDARG00000090948,2,0
ENSDARG00000090949,4,1
ENSDARG00000090953,4,1
ENSDARG00000090957,0,2
ENSDARG00000090963,2,0
ENSDARG00000090965,2,1
ENSDARG00000090969,2,1
ENSDARG00000090973,3,0
ENSDARG00000090976,4,1
ENSDARG00000090977,4,0
ENSDARG00000090980,3,2
ENSDARG00000090981,4,1
ENSDARG00000090986,0,0
ENSDARG00000090988,4,2
ENSDARG00000090997,2,1
ENSDARG00000090998,0,0
ENSDARG00000091001,4,2
ENSDARG00000091003,3,1
ENSDARG00000091006,3,2
ENSDARG00000091009,4,1
ENSDARG00000091013,3,2
ENSDARG00000091015,3,2
ENSDARG00000091025,5,0
ENSDARG00000091026,3,2
ENSDARG00000091027,3,0
ENSDARG00000091029,4,1
ENSDARG00000091031,5,2
ENSDARG00000091042,0,2
ENSDARG00000091043,3,2
ENSDARG00000091058,4,1
ENSDARG00000091059,4,1
ENSDARG00000091061,5,0
ENSDARG00000091062,5,2
ENSDARG00000091072,2,1
ENSDARG00000091073,3,2
ENSDARG00000091079,4,1
ENSDARG00000091083,2,1
ENSDARG00000091085,3,1
ENSDARG00000091090,3,0
ENSDARG00000091092,5,2
ENSDARG00000091095,2,1
ENSDARG00000091101,3,2
ENSDARG00000091111,1,1
ENSDARG00000091116,2,1
ENSDARG00000091119,3,2
ENSDARG00000091124,5,0
ENSDARG00000091127,3,2
ENSDARG00000091128,2,1
ENSDARG00000091130,3,2
ENSDARG00000091131,0,2
ENSDARG00000091135,2,1
ENSDARG00000091136,2,1
ENSDARG00000091138,4,1
ENSDARG00000091140,2,1
ENSDARG00000091143,2,1
ENSDARG00000091144,1,1
ENSDARG00000091148,3,2
ENSDARG00000091150,1,0
ENSDARG00000091161,3,0
ENSDARG00000091169,5,1
ENSDARG00000091172,3,2
ENSDARG00000091184,1,1
ENSDARG00000091185,4,1
ENSDARG00000091187,1,1
ENSDARG00000091198,0,0
ENSDARG00000091203,3,-1
ENSDARG00000091206,5,1
ENSDARG00000091207,2,1
ENSDARG00000091209,2,1
ENSDARG00000091211,0,1
ENSDARG00000091212,0,0
ENSDARG00000091215,0,0
ENSDARG00000091216,0,0
ENSDARG00000091221,4,0
ENSDARG00000091222,3,0
ENSDARG00000091230,2,0
ENSDARG00000091232,2,1
ENSDARG00000091233,4,1
ENSDARG00000091234,0,0
ENSDARG00000091235,4,0
ENSDARG00000091241,0,0
ENSDARG00000091247,0,0
ENSDARG00000091252,2,0
ENSDARG00000091253,4,0
ENSDARG00000091260,3,2
ENSDARG00000091266,2,1
ENSDARG00000091271,1,0
ENSDARG00000091277,4,0
ENSDARG00000091280,4,1
ENSDARG00000091287,1,1
ENSDARG00000091293,2,1
ENSDARG00000091298,3,2
ENSDARG00000091304,4,0
ENSDARG00000091306,3,0
ENSDARG00000091317,3,2
ENSDARG00000091318,1,1
ENSDARG00000091321,4,2
ENSDARG00000091337,1,0
ENSDARG00000091342,0,2
ENSDARG00000091348,3,0
ENSDARG00000091349,2,0
ENSDARG00000091359,3,1
ENSDARG00000091366,0,2
ENSDARG00000091367,5,1
ENSDARG00000091368,4,1
ENSDARG00000091377,3,1
ENSDARG00000091381,3,2
ENSDARG00000091385,1,0
ENSDARG00000091388,2,1
ENSDARG00000091393,5,2
ENSDARG00000091402,4,1
ENSDARG00000091408,3,2
ENSDARG00000091409,5,1
ENSDARG00000091411,2,0
ENSDARG00000091413,4,0
ENSDARG00000091418,0,2
ENSDARG00000091421,5,0
ENSDARG00000091428,2,0
ENSDARG00000091433,5,2
ENSDARG00000091445,2,1
ENSDARG00000091459,2,1
ENSDARG00000091465,4,1
ENSDARG00000091471,4,1
ENSDARG00000091477,5,0
ENSDARG00000091481,4,1
ENSDARG00000091486,5,1
ENSDARG00000091489,0,2
ENSDARG00000091499,4,0
ENSDARG00000091503,2,1
ENSDARG00000091509,3,2
ENSDARG00000091511,4,0
ENSDARG00000091512,5,0
ENSDARG00000091513,3,2
ENSDARG00000091514,1,1
ENSDARG00000091519,1,1
ENSDARG00000091521,0,2
ENSDARG00000091531,2,1
ENSDARG00000091535,5,2
ENSDARG00000091538,0,1
ENSDARG00000091539,2,0
ENSDARG00000091548,4,1
ENSDARG00000091552,5,1
ENSDARG00000091555,0,1
ENSDARG00000091556,1,1
ENSDARG00000091557,2,0
ENSDARG00000091558,5,2
ENSDARG00000091560,2,1
ENSDARG00000091563,5,2
ENSDARG00000091573,2,1
ENSDARG00000091576,4,0
ENSDARG00000091579,3,0
ENSDARG00000091584,2,0
ENSDARG00000091585,3,2
ENSDARG00000091590,5,0
ENSDARG00000091592,0,0
ENSDARG00000091595,5,2
ENSDARG00000091598,1,1
ENSDARG00000091602,0,0
ENSDARG00000091607,2,1
ENSDARG00000091614,2,1
ENSDARG00000091616,5,1
ENSDARG00000091618,3,2
ENSDARG00000091619,5,2
ENSDARG00000091624,2,1
ENSDARG00000091625,3,2
ENSDARG00000091631,5,1
ENSDARG00000091633,4,1
ENSDARG00000091637,2,1
ENSDARG00000091638,2,0
ENSDARG00000091640,1,0
ENSDARG00000091650,2,1
ENSDARG00000091652,0,1
ENSDARG00000091655,1,0
ENSDARG00000091656,1,1
ENSDARG00000091657,1,0
ENSDARG00000091658,2,1
ENSDARG00000091660,4,1
ENSDARG00000091667,3,2
ENSDARG00000091678,1,0
ENSDARG00000091679,1,1
ENSDARG00000091683,3,2
ENSDARG00000091692,2,1
ENSDARG00000091697,1,0
ENSDARG00000091699,4,2
ENSDARG00000091702,2,0
ENSDARG00000091705,2,-1
ENSDARG00000091712,2,1
ENSDARG00000091718,2,1
ENSDARG00000091723,2,1
ENSDARG00000091726,4,0
ENSDARG00000091727,2,1
ENSDARG00000091728,5,0
ENSDARG00000091733,3,-1
ENSDARG00000091734,2,0
ENSDARG00000091748,3,2
ENSDARG00000091756,4,1
ENSDARG00000091757,3,2
ENSDARG00000091760,5,1
ENSDARG00000091762,1,1
ENSDARG00000091775,2,1
ENSDARG00000091777,5,2
ENSDARG00000091782,3,0
ENSDARG00000091783,3,2
ENSDARG00000091790,1,0
ENSDARG00000091791,2,1
ENSDARG00000091792,2,1
ENSDARG00000091796,2,0
ENSDARG00000091799,2,0
ENSDARG00000091801,4,1
ENSDARG00000091817,2,1
ENSDARG00000091831,5,0
ENSDARG00000091832,0,2
ENSDARG00000091833,2,1
ENSDARG00000091834,2,1
ENSDARG00000091835,3,2
ENSDARG00000091836,3,0
ENSDARG00000091841,0,2
ENSDARG00000091845,2,0
ENSDARG00000091847,2,1
ENSDARG00000091851,1,0
ENSDARG00000091859,0,2
ENSDARG00000091860,0,2
ENSDARG00000091861,3,-1
ENSDARG00000091864,2,0
ENSDARG00000091865,1,0
ENSDARG00000091867,3,2
ENSDARG00000091869,5,1
ENSDARG00000091870,0,2
ENSDARG00000091872,0,2
ENSDARG00000091876,1,1
ENSDARG00000091877,2,1
ENSDARG00000091879,5,2
ENSDARG00000091885,0,0
ENSDARG00000091888,4,1
ENSDARG00000091890,4,0
ENSDARG00000091894,2,1
ENSDARG00000091896,0,1
ENSDARG00000091897,1,1
ENSDARG00000091900,0,0
ENSDARG00000091901,0,2
ENSDARG00000091902,5,0
ENSDARG00000091904,2,0
ENSDARG00000091905,5,0
ENSDARG00000091906,5,0
ENSDARG00000091909,0,1
ENSDARG00000091911,4,0
ENSDARG00000091912,2,1
ENSDARG00000091914,5,0
ENSDARG00000091916,2,1
ENSDARG00000091917,3,2
ENSDARG00000091918,2,1
ENSDARG00000091922,3,0
ENSDARG00000091926,2,1
ENSDARG00000091929,2,1
ENSDARG00000091930,0,0
ENSDARG00000091931,5,1
ENSDARG00000091932,4,1
ENSDARG00000091933,0,2
ENSDARG00000091934,2,-1
ENSDARG00000091935,0,2
ENSDARG00000091936,0,1
ENSDARG00000091941,0,1
ENSDARG00000091943,5,0
ENSDARG00000091946,4,0
ENSDARG00000091947,0,0
ENSDARG00000091948,0,0
ENSDARG00000091950,0,1
ENSDARG00000091951,2,0
ENSDARG00000091954,1,0
ENSDARG00000091956,3,2
ENSDARG00000091958,3,2
ENSDARG00000091961,2,0
ENSDARG00000091962,0,2
ENSDARG00000091966,0,2
ENSDARG00000091967,5,1
ENSDARG00000091969,5,1
ENSDARG00000091970,2,1
ENSDARG00000091972,5,2
ENSDARG00000091974,3,2
ENSDARG00000091975,5,1
ENSDARG00000091976,1,1
ENSDARG00000091977,3,2
ENSDARG00000091978,4,2
ENSDARG00000091979,0,1
ENSDARG00000091988,4,1
ENSDARG00000091989,3,2
ENSDARG00000091990,2,1
ENSDARG00000091992,3,2
ENSDARG00000091993,0,0
ENSDARG00000091994,5,0
ENSDARG00000091996,3,2
ENSDARG00000091997,2,0
ENSDARG00000092000,5,0
ENSDARG00000092001,1,1
ENSDARG00000092003,2,0
ENSDARG00000092005,5,0
ENSDARG00000092006,1,1
ENSDARG00000092007,0,1
ENSDARG00000092012,5,0
ENSDARG00000092014,5,1
ENSDARG00000092018,5,1
ENSDARG00000092020,0,0
ENSDARG00000092021,4,1
ENSDARG00000092022,2,1
ENSDARG00000092023,1,1
ENSDARG00000092025,2,1
ENSDARG00000092026,5,2
ENSDARG00000092027,5,2
ENSDARG00000092028,2,1
ENSDARG00000092034,3,-1
ENSDARG00000092035,4,1
ENSDARG00000092036,2,1
ENSDARG00000092039,2,1
ENSDARG00000092040,4,1
ENSDARG00000092044,2,1
ENSDARG00000092045,2,0
ENSDARG00000092052,2,1
ENSDARG00000092056,1,0
ENSDARG00000092057,5,1
ENSDARG00000092060,3,1
ENSDARG00000092061,0,2
ENSDARG00000092062,5,2
ENSDARG00000092064,4,0
ENSDARG00000092065,1,1
ENSDARG00000092066,4,1
ENSDARG00000092067,4,0
ENSDARG00000092070,2,1
ENSDARG00000092071,3,2
ENSDARG00000092072,5,0
ENSDARG00000092073,5,0
ENSDARG00000092074,0,1
ENSDARG00000092075,1,1
ENSDARG00000092077,3,2
ENSDARG00000092080,5,0
ENSDARG00000092082,4,1
ENSDARG00000092084,4,1
ENSDARG00000092085,5,0
ENSDARG00000092086,2,0
ENSDARG00000092088,5,0
ENSDARG00000092090,5,2
ENSDARG00000092091,2,0
ENSDARG00000092094,5,2
ENSDARG00000092095,2,1
ENSDARG00000092097,0,0
ENSDARG00000092099,2,1
ENSDARG00000092104,1,1
ENSDARG00000092107,5,1
ENSDARG00000092109,0,2
ENSDARG00000092110,2,0
ENSDARG00000092112,5,1
ENSDARG00000092115,1,1
ENSDARG00000092118,0,1
ENSDARG00000092119,5,2
ENSDARG00000092120,1,1
ENSDARG00000092124,4,1
ENSDARG00000092126,2,1
ENSDARG00000092130,4,0
ENSDARG00000092131,1,1
ENSDARG00000092133,5,2
ENSDARG00000092134,0,0
ENSDARG00000092135,1,1
ENSDARG00000092136,1,0
ENSDARG00000092139,5,0
ENSDARG00000092140,1,0
ENSDARG00000092142,2,1
ENSDARG00000092143,3,2
ENSDARG00000092147,1,1
ENSDARG00000092150,2,1
ENSDARG00000092151,3,0
ENSDARG00000092152,5,2
ENSDARG00000092154,0,2
ENSDARG00000092155,4,1
ENSDARG00000092158,0,0
ENSDARG00000092159,4,1
ENSDARG00000092160,4,0
ENSDARG00000092161,2,1
ENSDARG00000092162,0,1
ENSDARG00000092166,4,1
ENSDARG00000092167,2,1
ENSDARG00000092169,0,0
ENSDARG00000092170,4,1
ENSDARG00000092172,4,1
ENSDARG00000092174,2,1
ENSDARG00000092176,5,2
ENSDARG00000092178,1,1
ENSDARG00000092179,2,1
ENSDARG00000092180,5,0
ENSDARG00000092181,5,1
ENSDARG00000092185,1,1
ENSDARG00000092191,4,0
ENSDARG00000092199,4,0
ENSDARG00000092202,5,2
ENSDARG00000092204,2,1
ENSDARG00000092211,1,1
ENSDARG00000092216,1,1
ENSDARG00000092217,2,-1
ENSDARG00000092222,3,0
ENSDARG00000092225,5,0
ENSDARG00000092226,1,1
ENSDARG00000092228,0,1
ENSDARG00000092230,3,2
ENSDARG00000092233,2,1
ENSDARG00000092240,3,2
ENSDARG00000092241,5,2
ENSDARG00000092242,2,0
ENSDARG00000092243,4,1
ENSDARG00000092245,4,1
ENSDARG00000092246,5,0
ENSDARG00000092249,2,1
ENSDARG00000092252,2,1
ENSDARG00000092255,2,1
ENSDARG00000092259,5,0
ENSDARG00000092260,3,2
ENSDARG00000092262,1,-1
ENSDARG00000092263,0,0
ENSDARG00000092266,5,1
ENSDARG00000092267,1,1
ENSDARG00000092269,2,0
ENSDARG00000092272,3,2
ENSDARG00000092274,4,0
ENSDARG00000092275,3,2
ENSDARG00000092278,1,1
ENSDARG00000092279,1,0
ENSDARG00000092281,2,1
ENSDARG00000092282,0,2
ENSDARG00000092283,2,1
ENSDARG00000092285,4,1
ENSDARG00000092286,2,1
ENSDARG00000092287,3,-1
ENSDARG00000092288,2,0
ENSDARG00000092290,1,0
ENSDARG00000092294,2,1
ENSDARG00000092295,3,1
ENSDARG00000092299,3,1
ENSDARG00000092300,1,0
ENSDARG00000092303,2,1
ENSDARG00000092304,1,1
ENSDARG00000092305,0,1
ENSDARG00000092307,2,0
ENSDARG00000092309,0,0
ENSDARG00000092310,5,1
ENSDARG00000092315,4,1
ENSDARG00000092317,1,1
ENSDARG00000092321,1,-1
ENSDARG00000092322,2,1
ENSDARG00000092327,5,2
ENSDARG00000092331,5,0
ENSDARG00000092334,2,0
ENSDARG00000092335,4,1
ENSDARG00000092336,4,1
ENSDARG00000092339,2,1
ENSDARG00000092346,5,2
ENSDARG00000092347,0,2
ENSDARG00000092348,5,0
ENSDARG00000092350,2,0
ENSDARG00000092352,3,2
ENSDARG00000092354,3,2
ENSDARG00000092358,3,2
ENSDARG00000092360,4,1
ENSDARG00000092361,2,0
ENSDARG00000092362,3,2
ENSDARG00000092364,4,0
ENSDARG00000092369,3,1
ENSDARG00000092372,4,0
ENSDARG00000092376,0,2
ENSDARG00000092378,3,2
ENSDARG00000092379,2,0
ENSDARG00000092380,5,2
ENSDARG00000092381,2,1
ENSDARG00000092383,3,0
ENSDARG00000092384,5,2
ENSDARG00000092387,4,1
ENSDARG00000092388,2,1
ENSDARG00000092390,5,0
ENSDARG00000092394,3,0
ENSDARG00000092398,4,1
ENSDARG00000092399,1,1
ENSDARG00000092400,5,0
ENSDARG00000092401,3,-1
ENSDARG00000092402,4,1
ENSDARG00000092407,1,0
ENSDARG00000092408,4,0
ENSDARG00000092411,5,1
ENSDARG00000092413,3,0
ENSDARG00000092419,4,0
ENSDARG00000092421,2,1
ENSDARG00000092423,2,1
ENSDARG00000092425,3,2
ENSDARG00000092427,2,1
ENSDARG00000092428,3,2
ENSDARG00000092433,5,0
ENSDARG00000092436,5,2
ENSDARG00000092437,1,0
ENSDARG00000092439,0,1
ENSDARG00000092443,2,1
ENSDARG00000092444,2,1
ENSDARG00000092445,0,0
ENSDARG00000092446,2,-1
ENSDARG00000092454,1,1
ENSDARG00000092455,2,0
ENSDARG00000092456,3,2
ENSDARG00000092457,5,0
ENSDARG00000092458,0,2
ENSDARG00000092463,1,0
ENSDARG00000092464,5,1
ENSDARG00000092467,4,1
ENSDARG00000092469,2,1
ENSDARG00000092470,3,2
ENSDARG00000092471,5,0
ENSDARG00000092472,0,2
ENSDARG00000092473,0,2
ENSDARG00000092476,4,1
ENSDARG00000092477,1,1
ENSDARG00000092478,4,2
ENSDARG00000092480,4,1
ENSDARG00000092483,5,1
ENSDARG00000092487,1,0
ENSDARG00000092489,3,2
ENSDARG00000092490,1,1
ENSDARG00000092491,5,0
ENSDARG00000092493,2,1
ENSDARG00000092496,0,0
ENSDARG00000092498,5,1
ENSDARG00000092499,2,1
ENSDARG00000092500,2,0
ENSDARG00000092501,1,1
ENSDARG00000092502,0,0
ENSDARG00000092503,3,0
ENSDARG00000092508,5,1
ENSDARG00000092510,4,1
ENSDARG00000092511,1,1
ENSDARG00000092512,5,0
ENSDARG00000092513,4,1
ENSDARG00000092517,3,2
ENSDARG00000092518,2,1
ENSDARG00000092520,2,1
ENSDARG00000092521,3,2
ENSDARG00000092522,2,1
ENSDARG00000092523,2,1
ENSDARG00000092525,0,0
ENSDARG00000092527,1,1
ENSDARG00000092528,4,1
ENSDARG00000092532,2,1
ENSDARG00000092533,1,1
ENSDARG00000092535,3,2
ENSDARG00000092538,0,0
ENSDARG00000092539,0,0
ENSDARG00000092542,1,0
ENSDARG00000092546,1,0
ENSDARG00000092550,0,0
ENSDARG00000092551,3,0
ENSDARG00000092552,2,1
ENSDARG00000092553,4,1
ENSDARG00000092556,0,0
ENSDARG00000092557,4,1
ENSDARG00000092561,5,0
ENSDARG00000092562,2,-1
ENSDARG00000092567,3,0
ENSDARG00000092569,1,1
ENSDARG00000092571,1,1
ENSDARG00000092573,2,1
ENSDARG00000092574,2,0
ENSDARG00000092576,5,2
ENSDARG00000092577,3,1
ENSDARG00000092578,4,1
ENSDARG00000092580,0,2
ENSDARG00000092583,1,1
ENSDARG00000092584,4,0
ENSDARG00000092587,3,-1
ENSDARG00000092589,2,1
ENSDARG00000092591,5,1
ENSDARG00000092592,0,0
ENSDARG00000092593,1,1
ENSDARG00000092596,5,0
ENSDARG00000092599,0,0
ENSDARG00000092600,3,2
ENSDARG00000092602,5,1
ENSDARG00000092604,2,1
ENSDARG00000092605,5,2
ENSDARG00000092606,1,0
ENSDARG00000092607,4,1
ENSDARG00000092608,4,1
ENSDARG00000092609,5,1
ENSDARG00000092610,0,0
ENSDARG00000092615,4,1
ENSDARG00000092624,3,0
ENSDARG00000092625,5,2
ENSDARG00000092626,5,2
ENSDARG00000092627,2,0
ENSDARG00000092630,1,-1
ENSDARG00000092632,2,0
ENSDARG00000092633,4,1
ENSDARG00000092634,3,2
ENSDARG00000092635,3,2
ENSDARG00000092638,3,2
ENSDARG00000092639,1,0
ENSDARG00000092640,5,1
ENSDARG00000092641,2,1
ENSDARG00000092644,0,0
ENSDARG00000092645,1,1
ENSDARG00000092650,2,0
ENSDARG00000092651,0,0
ENSDARG00000092652,4,0
ENSDARG00000092653,2,1
ENSDARG00000092658,1,1
ENSDARG00000092659,2,0
ENSDARG00000092662,4,0
ENSDARG00000092664,5,1
ENSDARG00000092666,5,1
ENSDARG00000092667,0,0
ENSDARG00000092668,1,0
ENSDARG00000092671,0,1
ENSDARG00000092673,3,2
ENSDARG00000092677,4,1
ENSDARG00000092679,1,-1
ENSDARG00000092680,3,2
ENSDARG00000092683,1,1
ENSDARG00000092686,3,-1
ENSDARG00000092691,5,0
ENSDARG00000092692,1,1
ENSDARG00000092693,4,1
ENSDARG00000092695,5,1
ENSDARG00000092696,3,2
ENSDARG00000092702,0,1
ENSDARG00000092705,0,0
ENSDARG00000092707,2,1
ENSDARG00000092711,1,1
ENSDARG00000092713,5,2
ENSDARG00000092714,2,1
ENSDARG00000092715,1,0
ENSDARG00000092716,4,0
ENSDARG00000092717,0,0
ENSDARG00000092718,0,2
ENSDARG00000092719,2,1
ENSDARG00000092721,4,1
ENSDARG00000092722,2,0
ENSDARG00000092723,1,1
ENSDARG00000092725,3,2
ENSDARG00000092726,4,0
ENSDARG00000092728,2,0
ENSDARG00000092730,2,1
ENSDARG00000092731,2,0
ENSDARG00000092732,0,0
ENSDARG00000092738,3,0
ENSDARG00000092739,4,1
ENSDARG00000092740,1,1
ENSDARG00000092745,4,0
ENSDARG00000092746,5,2
ENSDARG00000092750,3,2
ENSDARG00000092752,2,0
ENSDARG00000092758,2,0
ENSDARG00000092759,3,2
ENSDARG00000092762,4,2
ENSDARG00000092764,2,-1
ENSDARG00000092765,5,0
ENSDARG00000092766,5,2
ENSDARG00000092771,5,1
ENSDARG00000092772,2,1
ENSDARG00000092774,3,0
ENSDARG00000092775,4,1
ENSDARG00000092778,5,0
ENSDARG00000092780,4,1
ENSDARG00000092781,3,2
ENSDARG00000092784,1,1
ENSDARG00000092787,4,1
ENSDARG00000092788,2,1
ENSDARG00000092791,0,0
ENSDARG00000092792,2,1
ENSDARG00000092793,3,2
ENSDARG00000092799,2,0
ENSDARG00000092800,0,2
ENSDARG00000092801,3,2
ENSDARG00000092802,4,1
ENSDARG00000092806,4,1
ENSDARG00000092807,4,1
ENSDARG00000092808,2,1
ENSDARG00000092809,4,0
ENSDARG00000092810,1,0
ENSDARG00000092813,2,1
ENSDARG00000092816,5,0
ENSDARG00000092818,2,-1
ENSDARG00000092823,5,0
ENSDARG00000092825,1,1
ENSDARG00000092829,4,1
ENSDARG00000092831,5,1
ENSDARG00000092833,2,1
ENSDARG00000092834,2,0
ENSDARG00000092842,4,1
ENSDARG00000092845,4,1
ENSDARG00000092846,5,2
ENSDARG00000092847,4,1
ENSDARG00000092849,5,0
ENSDARG00000092850,4,1
ENSDARG00000092853,2,0
ENSDARG00000092855,1,0
ENSDARG00000092856,5,1
ENSDARG00000092862,2,1
ENSDARG00000092863,2,1
ENSDARG00000092873,4,1
ENSDARG00000092875,1,1
ENSDARG00000092878,2,0
ENSDARG00000092880,2,1
ENSDARG00000092881,4,0
ENSDARG00000092882,2,0
ENSDARG00000092883,0,1
ENSDARG00000092885,0,0
ENSDARG00000092887,5,1
ENSDARG00000092890,2,1
ENSDARG00000092892,1,0
ENSDARG00000092893,2,0
ENSDARG00000092895,0,1
ENSDARG00000092896,3,2
ENSDARG00000092898,2,0
ENSDARG00000092900,1,1
ENSDARG00000092903,2,1
ENSDARG00000092912,0,1
ENSDARG00000092913,1,1
ENSDARG00000092914,5,0
ENSDARG00000092919,0,1
ENSDARG00000092920,2,1
ENSDARG00000092923,3,2
ENSDARG00000092924,0,1
ENSDARG00000092925,2,1
ENSDARG00000092926,4,1
ENSDARG00000092927,0,-1
ENSDARG00000092930,1,-1
ENSDARG00000092931,2,1
ENSDARG00000092934,3,1
ENSDARG00000092938,5,0
ENSDARG00000092939,3,1
ENSDARG00000092940,3,2
ENSDARG00000092941,2,0
ENSDARG00000092943,5,0
ENSDARG00000092944,4,0
ENSDARG00000092945,2,1
ENSDARG00000092946,5,1
ENSDARG00000092947,4,1
ENSDARG00000092948,4,1
ENSDARG00000092949,3,2
ENSDARG00000092950,4,1
ENSDARG00000092951,5,1
ENSDARG00000092954,1,0
ENSDARG00000092955,2,1
ENSDARG00000092956,1,1
ENSDARG00000092961,0,2
ENSDARG00000092965,0,2
ENSDARG00000092967,0,0
ENSDARG00000092968,5,0
ENSDARG00000092970,3,2
ENSDARG00000092973,2,1
ENSDARG00000092975,4,1
ENSDARG00000092979,5,2
ENSDARG00000092980,0,1
ENSDARG00000092984,2,1
ENSDARG00000092985,2,1
ENSDARG00000092987,2,0
ENSDARG00000092989,3,0
ENSDARG00000092995,2,1
ENSDARG00000092998,5,2
ENSDARG00000092999,2,1
ENSDARG00000093000,3,2
ENSDARG00000093001,4,1
ENSDARG00000093003,0,0
ENSDARG00000093005,5,2
ENSDARG00000093006,3,2
ENSDARG00000093007,5,2
ENSDARG00000093008,0,0
ENSDARG00000093010,5,1
ENSDARG00000093013,3,-1
ENSDARG00000093014,4,0
ENSDARG00000093016,5,1
ENSDARG00000093020,5,1
ENSDARG00000093021,2,0
ENSDARG00000093022,1,-1
ENSDARG00000093023,3,0
ENSDARG00000093025,3,0
ENSDARG00000093026,5,2
ENSDARG00000093030,0,0
ENSDARG00000093036,5,0
ENSDARG00000093040,5,1
ENSDARG00000093041,5,0
ENSDARG00000093042,0,0
ENSDARG00000093043,2,1
ENSDARG00000093044,2,1
ENSDARG00000093047,4,1
ENSDARG00000093048,2,1
ENSDARG00000093052,4,1
ENSDARG00000093053,3,2
ENSDARG00000093054,2,1
ENSDARG00000093058,0,1
ENSDARG00000093060,1,1
ENSDARG00000093061,4,1
ENSDARG00000093062,2,1
ENSDARG00000093064,3,2
ENSDARG00000093065,3,0
ENSDARG00000093068,3,2
ENSDARG00000093070,1,1
ENSDARG00000093073,4,0
ENSDARG00000093074,3,2
ENSDARG00000093075,0,0
ENSDARG00000093078,2,1
ENSDARG00000093079,3,2
ENSDARG00000093080,0,0
ENSDARG00000093081,2,1
ENSDARG00000093082,4,1
ENSDARG00000093086,1,1
ENSDARG00000093088,1,1
ENSDARG00000093089,2,1
ENSDARG00000093091,2,0
ENSDARG00000093093,0,2
ENSDARG00000093098,2,0
ENSDARG00000093100,2,0
ENSDARG00000093103,1,1
ENSDARG00000093105,2,1
ENSDARG00000093108,4,1
ENSDARG00000093111,2,1
ENSDARG00000093112,3,2
ENSDARG00000093113,5,1
ENSDARG00000093116,2,0
ENSDARG00000093117,4,0
ENSDARG00000093118,1,0
ENSDARG00000093120,4,1
ENSDARG00000093124,2,0
ENSDARG00000093125,1,0
ENSDARG00000093129,0,1
ENSDARG00000093130,4,1
ENSDARG00000093131,5,0
ENSDARG00000093135,4,0
ENSDARG00000093136,1,0
ENSDARG00000093141,1,0
ENSDARG00000093145,0,1
ENSDARG00000093150,2,1
ENSDARG00000093154,1,1
ENSDARG00000093156,4,1
ENSDARG00000093157,0,2
ENSDARG00000093159,2,1
ENSDARG00000093164,0,0
ENSDARG00000093165,5,2
ENSDARG00000093167,1,1
ENSDARG00000093168,2,-1
ENSDARG00000093170,2,1
ENSDARG00000093173,4,0
ENSDARG00000093176,0,0
ENSDARG00000093177,2,1
ENSDARG00000093179,3,2
ENSDARG00000093180,4,1
ENSDARG00000093181,2,0
ENSDARG00000093182,5,1
ENSDARG00000093183,2,1
ENSDARG00000093185,3,0
ENSDARG00000093186,4,1
ENSDARG00000093189,4,1
ENSDARG00000093192,0,0
ENSDARG00000093193,2,0
ENSDARG00000093197,4,1
ENSDARG00000093198,3,2
ENSDARG00000093199,4,0
ENSDARG00000093201,0,0
ENSDARG00000093203,3,2
ENSDARG00000093205,3,2
ENSDARG00000093207,3,2
ENSDARG00000093211,5,2
ENSDARG00000093214,5,0
ENSDARG00000093216,0,1
ENSDARG00000093219,2,0
ENSDARG00000093220,5,2
ENSDARG00000093223,4,0
ENSDARG00000093224,2,1
ENSDARG00000093227,2,-1
ENSDARG00000093230,3,2
ENSDARG00000093232,3,0
ENSDARG00000093235,0,1
ENSDARG00000093237,2,0
ENSDARG00000093240,0,2
ENSDARG00000093243,5,1
ENSDARG00000093244,3,2
ENSDARG00000093247,4,0
ENSDARG00000093248,3,2
ENSDARG00000093249,5,1
ENSDARG00000093253,0,1
ENSDARG00000093254,1,1
ENSDARG00000093255,5,1
ENSDARG00000093266,5,0
ENSDARG00000093267,1,1
ENSDARG00000093269,2,1
ENSDARG00000093270,0,0
ENSDARG00000093272,5,1
ENSDARG00000093273,2,1
ENSDARG00000093275,5,1
ENSDARG00000093284,5,0
ENSDARG00000093286,2,0
ENSDARG00000093287,1,1
ENSDARG00000093288,1,1
ENSDARG00000093289,4,0
ENSDARG00000093297,5,1
ENSDARG00000093303,2,1
ENSDARG00000093304,4,0
ENSDARG00000093305,5,1
ENSDARG00000093306,0,2
ENSDARG00000093312,2,1
ENSDARG00000093318,2,1
ENSDARG00000093320,4,2
ENSDARG00000093322,3,-1
ENSDARG00000093323,2,1
ENSDARG00000093326,4,1
ENSDARG00000093327,0,0
ENSDARG00000093331,0,0
ENSDARG00000093333,4,1
ENSDARG00000093336,0,1
ENSDARG00000093337,2,0
ENSDARG00000093338,4,1
ENSDARG00000093342,2,1
ENSDARG00000093345,0,1
ENSDARG00000093347,2,1
ENSDARG00000093348,1,1
ENSDARG00000093349,4,1
ENSDARG00000093350,0,0
ENSDARG00000093353,0,1
ENSDARG00000093354,1,1
ENSDARG00000093355,0,0
ENSDARG00000093357,3,2
ENSDARG00000093358,0,2
ENSDARG00000093359,0,1
ENSDARG00000093360,2,1
ENSDARG00000093364,5,1
ENSDARG00000093366,4,1
ENSDARG00000093367,2,0
ENSDARG00000093370,2,0
ENSDARG00000093374,0,0
ENSDARG00000093376,5,0
ENSDARG00000093381,2,1
ENSDARG00000093383,4,1
ENSDARG00000093385,1,0
ENSDARG00000093389,5,1
ENSDARG00000093391,5,1
ENSDARG00000093392,4,1
ENSDARG00000093393,2,1
ENSDARG00000093398,1,1
ENSDARG00000093402,2,1
ENSDARG00000093403,0,0
ENSDARG00000093404,1,1
ENSDARG00000093405,4,2
ENSDARG00000093407,5,1
ENSDARG00000093408,2,-1
ENSDARG00000093410,0,2
ENSDARG00000093411,3,0
ENSDARG00000093412,0,0
ENSDARG00000093413,3,2
ENSDARG00000093416,0,1
ENSDARG00000093418,2,0
ENSDARG00000093419,1,1
ENSDARG00000093422,5,0
ENSDARG00000093423,0,2
ENSDARG00000093424,5,0
ENSDARG00000093425,3,2
ENSDARG00000093426,4,1
ENSDARG00000093430,5,2
ENSDARG00000093431,1,1
ENSDARG00000093432,1,1
ENSDARG00000093438,2,0
ENSDARG00000093440,3,2
ENSDARG00000093442,1,1
ENSDARG00000093444,3,2
ENSDARG00000093448,4,1
ENSDARG00000093452,3,2
ENSDARG00000093453,3,2
ENSDARG00000093456,4,1
ENSDARG00000093457,1,1
ENSDARG00000093458,4,1
ENSDARG00000093460,2,0
ENSDARG00000093461,5,0
ENSDARG00000093462,4,0
ENSDARG00000093465,2,0
ENSDARG00000093469,0,2
ENSDARG00000093470,0,0
ENSDARG00000093471,2,1
ENSDARG00000093473,0,1
ENSDARG00000093476,2,1
ENSDARG00000093477,3,2
ENSDARG00000093478,5,0
ENSDARG00000093480,3,2
ENSDARG00000093485,0,1
ENSDARG00000093488,0,0
ENSDARG00000093491,4,0
ENSDARG00000093492,3,2
ENSDARG00000093493,3,0
ENSDARG00000093495,5,1
ENSDARG00000093496,5,1
ENSDARG00000093498,4,0
ENSDARG00000093501,4,1
ENSDARG00000093503,1,0
ENSDARG00000093508,4,1
ENSDARG00000093512,0,0
ENSDARG00000093516,5,0
ENSDARG00000093518,5,0
ENSDARG00000093521,4,1
ENSDARG00000093522,1,1
ENSDARG00000093531,3,0
ENSDARG00000093535,4,1
ENSDARG00000093537,4,1
ENSDARG00000093538,1,1
ENSDARG00000093546,2,1
ENSDARG00000093547,1,1
ENSDARG00000093548,2,1
ENSDARG00000093549,4,0
ENSDARG00000093557,2,1
ENSDARG00000093561,1,1
ENSDARG00000093562,1,1
ENSDARG00000093563,5,2
ENSDARG00000093565,0,0
ENSDARG00000093570,5,1
ENSDARG00000093572,3,1
ENSDARG00000093574,4,1
ENSDARG00000093575,0,2
ENSDARG00000093576,4,1
ENSDARG00000093577,5,2
ENSDARG00000093579,1,1
ENSDARG00000093588,0,2
ENSDARG00000093591,4,0
ENSDARG00000093592,2,1
ENSDARG00000093594,2,0
ENSDARG00000093595,2,1
ENSDARG00000093597,5,1
ENSDARG00000093599,5,0
ENSDARG00000093600,2,1
ENSDARG00000093603,2,-1
ENSDARG00000093605,0,0
ENSDARG00000093606,4,1
ENSDARG00000093608,2,1
ENSDARG00000093610,1,0
ENSDARG00000093612,5,0
ENSDARG00000093614,5,1
ENSDARG00000093615,5,0
ENSDARG00000093616,0,2
ENSDARG00000093618,4,1
ENSDARG00000093621,2,0
ENSDARG00000093622,1,0
ENSDARG00000093627,4,-1
ENSDARG00000093628,3,2
ENSDARG00000093630,2,1
ENSDARG00000093636,2,0
ENSDARG00000093639,4,1
ENSDARG00000093640,2,1
ENSDARG00000093641,1,1
ENSDARG00000093642,4,1
ENSDARG00000093645,1,1
ENSDARG00000093646,4,1
ENSDARG00000093648,3,2
ENSDARG00000093650,4,1
ENSDARG00000093656,1,0
ENSDARG00000093658,0,0
ENSDARG00000093659,3,0
ENSDARG00000093660,4,1
ENSDARG00000093662,0,0
ENSDARG00000093663,2,0
ENSDARG00000093665,5,0
ENSDARG00000093667,3,2
ENSDARG00000093668,2,0
ENSDARG00000093671,3,1
ENSDARG00000093672,0,2
ENSDARG00000093673,2,1
ENSDARG00000093677,3,2
ENSDARG00000093680,1,1
ENSDARG00000093684,4,0
ENSDARG00000093685,1,1
ENSDARG00000093686,2,1
ENSDARG00000093687,3,2
ENSDARG00000093689,5,1
ENSDARG00000093691,3,2
ENSDARG00000093692,1,0
ENSDARG00000093694,5,0
ENSDARG00000093696,0,0
ENSDARG00000093697,2,1
ENSDARG00000093699,3,0
ENSDARG00000093702,4,1
ENSDARG00000093703,2,-1
ENSDARG00000093704,0,1
ENSDARG00000093705,5,1
ENSDARG00000093707,5,0
ENSDARG00000093710,3,2
ENSDARG00000093713,1,1
ENSDARG00000093714,3,2
ENSDARG00000093717,4,-1
ENSDARG00000093723,5,1
ENSDARG00000093724,2,1
ENSDARG00000093726,5,2
ENSDARG00000093730,2,0
ENSDARG00000093732,4,1
ENSDARG00000093734,5,0
ENSDARG00000093738,0,0
ENSDARG00000093739,3,1
ENSDARG00000093741,0,1
ENSDARG00000093743,3,2
ENSDARG00000093745,2,1
ENSDARG00000093747,1,1
ENSDARG00000093748,2,0
ENSDARG00000093749,4,1
ENSDARG00000093752,2,1
ENSDARG00000093753,2,1
ENSDARG00000093755,3,-1
ENSDARG00000093761,2,1
ENSDARG00000093763,2,0
ENSDARG00000093764,4,1
ENSDARG00000093768,4,1
ENSDARG00000093773,1,0
ENSDARG00000093774,3,1
ENSDARG00000093776,0,2
ENSDARG00000093777,2,1
ENSDARG00000093779,5,1
ENSDARG00000093780,2,1
ENSDARG00000093781,3,0
ENSDARG00000093783,4,0
ENSDARG00000093785,1,0
ENSDARG00000093786,1,0
ENSDARG00000093787,5,2
ENSDARG00000093788,1,1
ENSDARG00000093794,5,1
ENSDARG00000093796,1,1
ENSDARG00000093797,0,1
ENSDARG00000093798,5,2
ENSDARG00000093799,4,0
ENSDARG00000093803,3,2
ENSDARG00000093804,2,1
ENSDARG00000093805,5,2
ENSDARG00000093808,1,1
ENSDARG00000093811,5,0
ENSDARG00000093815,0,1
ENSDARG00000093816,1,0
ENSDARG00000093818,2,1
ENSDARG00000093819,3,2
ENSDARG00000093821,1,1
ENSDARG00000093822,2,1
ENSDARG00000093823,3,0
ENSDARG00000093824,4,1
ENSDARG00000093831,5,0
ENSDARG00000093833,5,2
ENSDARG00000093834,2,1
ENSDARG00000093835,1,1
ENSDARG00000093836,3,2
ENSDARG00000093841,0,1
ENSDARG00000093844,2,1
ENSDARG00000093845,3,2
ENSDARG00000093846,1,1
ENSDARG00000093850,5,0
ENSDARG00000093851,2,0
ENSDARG00000093852,1,0
ENSDARG00000093854,3,1
ENSDARG00000093855,5,1
ENSDARG00000093856,2,1
ENSDARG00000093857,4,1
ENSDARG00000093861,2,-1
ENSDARG00000093862,2,1
ENSDARG00000093863,5,0
ENSDARG00000093864,1,1
ENSDARG00000093865,5,0
ENSDARG00000093867,5,1
ENSDARG00000093868,2,1
ENSDARG00000093872,5,0
ENSDARG00000093873,4,1
ENSDARG00000093874,4,0
ENSDARG00000093875,0,2
ENSDARG00000093876,1,1
ENSDARG00000093877,4,1
ENSDARG00000093878,2,1
ENSDARG00000093881,1,1
ENSDARG00000093886,5,2
ENSDARG00000093890,0,2
ENSDARG00000093892,0,2
ENSDARG00000093899,3,2
ENSDARG00000093901,2,0
ENSDARG00000093902,4,-1
ENSDARG00000093904,5,0
ENSDARG00000093905,2,0
ENSDARG00000093915,1,1
ENSDARG00000093922,5,2
ENSDARG00000093924,0,0
ENSDARG00000093926,2,1
ENSDARG00000093927,4,-1
ENSDARG00000093929,1,1
ENSDARG00000093932,5,0
ENSDARG00000093936,2,1
ENSDARG00000093939,2,1
ENSDARG00000093940,3,2
ENSDARG00000093943,5,1
ENSDARG00000093945,1,0
ENSDARG00000093950,0,1
ENSDARG00000093953,2,1
ENSDARG00000093954,3,2
ENSDARG00000093957,3,1
ENSDARG00000093960,2,0
ENSDARG00000093961,3,-1
ENSDARG00000093965,1,1
ENSDARG00000093973,3,2
ENSDARG00000093974,4,1
ENSDARG00000093975,2,0
ENSDARG00000093977,4,0
ENSDARG00000093978,0,1
ENSDARG00000093983,0,0
ENSDARG00000093985,0,2
ENSDARG00000093987,4,1
ENSDARG00000093988,1,1
ENSDARG00000093992,2,0
ENSDARG00000093993,5,1
ENSDARG00000093994,1,1
ENSDARG00000093997,5,1
ENSDARG00000093998,4,1
ENSDARG00000093999,0,0
ENSDARG00000094001,5,2
ENSDARG00000094003,3,0
ENSDARG00000094004,4,1
ENSDARG00000094005,5,0
ENSDARG00000094007,1,1
ENSDARG00000094009,2,-1
ENSDARG00000094010,0,0
ENSDARG00000094012,3,2
ENSDARG00000094016,5,0
ENSDARG00000094017,5,0
ENSDARG00000094018,5,1
ENSDARG00000094021,5,0
ENSDARG00000094022,4,1
ENSDARG00000094023,5,1
ENSDARG00000094024,0,0
ENSDARG00000094025,0,0
ENSDARG00000094026,1,0
ENSDARG00000094030,2,-1
ENSDARG00000094037,0,2
ENSDARG00000094041,4,1
ENSDARG00000094043,0,0
ENSDARG00000094045,2,1
ENSDARG00000094046,4,1
ENSDARG00000094051,4,1
ENSDARG00000094052,3,0
ENSDARG00000094055,0,0
ENSDARG00000094057,2,0
ENSDARG00000094059,0,0
ENSDARG00000094060,0,0
ENSDARG00000094063,5,1
ENSDARG00000094064,0,0
ENSDARG00000094070,0,0
ENSDARG00000094074,2,1
ENSDARG00000094075,0,2
ENSDARG00000094077,2,1
ENSDARG00000094080,2,1
ENSDARG00000094081,5,2
ENSDARG00000094083,1,0
ENSDARG00000094085,4,1
ENSDARG00000094086,3,2
ENSDARG00000094088,4,1
ENSDARG00000094089,2,1
ENSDARG00000094091,2,0
ENSDARG00000094098,5,0
ENSDARG00000094102,4,0
ENSDARG00000094103,1,1
ENSDARG00000094104,2,1
ENSDARG00000094105,0,2
ENSDARG00000094107,5,1
ENSDARG00000094109,1,0
ENSDARG00000094112,2,0
ENSDARG00000094114,1,0
ENSDARG00000094116,0,2
ENSDARG00000094118,5,0
ENSDARG00000094119,2,1
ENSDARG00000094123,3,2
ENSDARG00000094124,1,0
ENSDARG00000094125,2,-1
ENSDARG00000094126,3,1
ENSDARG00000094127,1,1
ENSDARG00000094128,4,1
ENSDARG00000094131,5,0
ENSDARG00000094132,3,2
ENSDARG00000094133,4,1
ENSDARG00000094135,5,0
ENSDARG00000094138,3,2
ENSDARG00000094140,5,0
ENSDARG00000094146,2,1
ENSDARG00000094148,2,0
ENSDARG00000094149,5,0
ENSDARG00000094151,4,2
ENSDARG00000094154,5,0
ENSDARG00000094155,0,1
ENSDARG00000094157,2,1
ENSDARG00000094159,5,0
ENSDARG00000094160,5,0
ENSDARG00000094163,1,1
ENSDARG00000094165,0,1
ENSDARG00000094169,1,0
ENSDARG00000094171,2,0
ENSDARG00000094172,2,-1
ENSDARG00000094173,2,1
ENSDARG00000094175,1,1
ENSDARG00000094176,3,0
ENSDARG00000094177,5,0
ENSDARG00000094181,0,2
ENSDARG00000094183,5,1
ENSDARG00000094186,4,0
ENSDARG00000094189,5,0
ENSDARG00000094191,5,1
ENSDARG00000094192,3,2
ENSDARG00000094193,4,1
ENSDARG00000094195,4,1
ENSDARG00000094196,1,1
ENSDARG00000094197,5,0
ENSDARG00000094198,3,2
ENSDARG00000094199,5,1
ENSDARG00000094204,0,0
ENSDARG00000094210,5,0
ENSDARG00000094211,1,0
ENSDARG00000094212,1,1
ENSDARG00000094213,5,1
ENSDARG00000094214,0,2
ENSDARG00000094215,2,1
ENSDARG00000094217,2,1
ENSDARG00000094223,5,0
ENSDARG00000094224,5,0
ENSDARG00000094225,5,0
ENSDARG00000094226,3,-1
ENSDARG00000094230,1,1
ENSDARG00000094232,1,1
ENSDARG00000094235,0,0
ENSDARG00000094236,5,2
ENSDARG00000094237,2,1
ENSDARG00000094240,5,2
ENSDARG00000094241,1,1
ENSDARG00000094243,1,-1
ENSDARG00000094246,3,2
ENSDARG00000094247,5,1
ENSDARG00000094249,0,1
ENSDARG00000094251,1,1
ENSDARG00000094252,4,1
ENSDARG00000094253,2,1
ENSDARG00000094258,1,1
ENSDARG00000094261,2,1
ENSDARG00000094262,2,1
ENSDARG00000094263,2,0
ENSDARG00000094265,4,2
ENSDARG00000094268,1,1
ENSDARG00000094270,2,1
ENSDARG00000094271,4,0
ENSDARG00000094272,3,0
ENSDARG00000094273,0,2
ENSDARG00000094276,0,1
ENSDARG00000094277,5,1
ENSDARG00000094279,5,1
ENSDARG00000094280,2,1
ENSDARG00000094281,3,2
ENSDARG00000094282,4,0
ENSDARG00000094286,2,1
ENSDARG00000094287,2,0
ENSDARG00000094291,2,1
ENSDARG00000094294,5,0
ENSDARG00000094295,2,0
ENSDARG00000094297,2,1
ENSDARG00000094298,0,0
ENSDARG00000094299,0,0
ENSDARG00000094301,5,2
ENSDARG00000094302,4,0
ENSDARG00000094303,4,1
ENSDARG00000094304,4,1
ENSDARG00000094305,2,1
ENSDARG00000094308,1,1
ENSDARG00000094309,5,0
ENSDARG00000094310,2,1
ENSDARG00000094312,2,0
ENSDARG00000094315,1,1
ENSDARG00000094316,0,0
ENSDARG00000094317,0,1
ENSDARG00000094318,4,1
ENSDARG00000094322,3,2
ENSDARG00000094323,0,2
ENSDARG00000094324,4,0
ENSDARG00000094327,4,0
ENSDARG00000094328,5,2
ENSDARG00000094330,0,0
ENSDARG00000094331,4,1
ENSDARG00000094332,5,1
ENSDARG00000094335,1,1
ENSDARG00000094336,5,1
ENSDARG00000094339,1,1
ENSDARG00000094340,1,1
ENSDARG00000094344,2,1
ENSDARG00000094345,2,1
ENSDARG00000094346,2,0
ENSDARG00000094347,2,0
ENSDARG00000094357,5,2
ENSDARG00000094362,4,0
ENSDARG00000094366,3,2
ENSDARG00000094367,4,1
ENSDARG00000094368,5,0
ENSDARG00000094370,5,2
ENSDARG00000094374,4,1
ENSDARG00000094377,2,0
ENSDARG00000094380,5,2
ENSDARG00000094382,0,0
ENSDARG00000094385,5,1
ENSDARG00000094386,2,1
ENSDARG00000094387,5,0
ENSDARG00000094388,4,1
ENSDARG00000094389,2,-1
ENSDARG00000094392,5,1
ENSDARG00000094396,1,1
ENSDARG00000094399,2,0
ENSDARG00000094401,3,2
ENSDARG00000094403,0,1
ENSDARG00000094406,1,1
ENSDARG00000094407,2,1
ENSDARG00000094408,4,1
ENSDARG00000094409,2,0
ENSDARG00000094410,1,1
ENSDARG00000094414,2,0
ENSDARG00000094415,3,0
ENSDARG00000094417,3,0
ENSDARG00000094418,2,1
ENSDARG00000094419,2,0
ENSDARG00000094422,3,2
ENSDARG00000094423,4,1
ENSDARG00000094425,1,1
ENSDARG00000094426,4,0
ENSDARG00000094427,5,0
ENSDARG00000094428,3,2
ENSDARG00000094433,2,1
ENSDARG00000094441,0,2
ENSDARG00000094442,1,0
ENSDARG00000094443,1,1
ENSDARG00000094447,0,1
ENSDARG00000094448,0,1
ENSDARG00000094449,1,1
ENSDARG00000094450,2,1
ENSDARG00000094451,3,2
ENSDARG00000094454,0,2
ENSDARG00000094455,0,0
ENSDARG00000094456,5,0
ENSDARG00000094457,1,1
ENSDARG00000094458,5,2
ENSDARG00000094460,3,2
ENSDARG00000094461,4,1
ENSDARG00000094462,2,1
ENSDARG00000094465,1,0
ENSDARG00000094466,4,1
ENSDARG00000094468,1,1
ENSDARG00000094469,5,2
ENSDARG00000094470,5,1
ENSDARG00000094471,4,1
ENSDARG00000094472,4,0
ENSDARG00000094473,3,2
ENSDARG00000094475,4,1
ENSDARG00000094478,5,2
ENSDARG00000094480,1,1
ENSDARG00000094484,5,0
ENSDARG00000094485,3,2
ENSDARG00000094486,5,2
ENSDARG00000094488,3,2
ENSDARG00000094489,4,1
ENSDARG00000094490,0,0
ENSDARG00000094491,4,1
ENSDARG00000094492,2,1
ENSDARG00000094495,4,1
ENSDARG00000094497,2,1
ENSDARG00000094498,5,2
ENSDARG00000094499,4,1
ENSDARG00000094500,4,1
ENSDARG00000094501,1,1
ENSDARG00000094502,0,0
ENSDARG00000094503,4,1
ENSDARG00000094504,0,0
ENSDARG00000094505,2,1
ENSDARG00000094508,1,1
ENSDARG00000094509,0,2
ENSDARG00000094511,2,1
ENSDARG00000094512,2,1
ENSDARG00000094515,2,1
ENSDARG00000094516,4,1
ENSDARG00000094518,4,1
ENSDARG00000094519,0,1
ENSDARG00000094521,2,0
ENSDARG00000094522,3,2
ENSDARG00000094523,1,1
ENSDARG00000094524,2,1
ENSDARG00000094526,3,0
ENSDARG00000094527,2,0
ENSDARG00000094529,4,1
ENSDARG00000094530,4,1
ENSDARG00000094533,2,1
ENSDARG00000094534,0,0
ENSDARG00000094537,4,0
ENSDARG00000094538,4,1
ENSDARG00000094542,0,0
ENSDARG00000094545,3,2
ENSDARG00000094546,1,1
ENSDARG00000094547,2,-1
ENSDARG00000094548,2,-1
ENSDARG00000094550,3,2
ENSDARG00000094551,1,1
ENSDARG00000094554,5,0
ENSDARG00000094555,2,0
ENSDARG00000094556,5,0
ENSDARG00000094557,3,2
ENSDARG00000094558,1,1
ENSDARG00000094559,4,0
ENSDARG00000094561,3,2
ENSDARG00000094566,5,1
ENSDARG00000094567,5,2
ENSDARG00000094571,2,1
ENSDARG00000094577,3,2
ENSDARG00000094579,2,0
ENSDARG00000094584,4,1
ENSDARG00000094586,4,1
ENSDARG00000094590,0,1
ENSDARG00000094591,4,1
ENSDARG00000094593,2,1
ENSDARG00000094597,0,1
ENSDARG00000094600,2,1
ENSDARG00000094601,1,1
ENSDARG00000094603,2,0
ENSDARG00000094604,4,1
ENSDARG00000094605,2,0
ENSDARG00000094606,3,2
ENSDARG00000094608,2,1
ENSDARG00000094609,2,1
ENSDARG00000094611,0,0
ENSDARG00000094614,4,1
ENSDARG00000094615,4,1
ENSDARG00000094616,0,1
ENSDARG00000094618,2,-1
ENSDARG00000094621,1,0
ENSDARG00000094622,3,2
ENSDARG00000094625,0,2
ENSDARG00000094626,1,1
ENSDARG00000094627,4,1
ENSDARG00000094630,5,1
ENSDARG00000094631,1,0
ENSDARG00000094634,3,0
ENSDARG00000094637,3,2
ENSDARG00000094644,0,1
ENSDARG00000094647,1,1
ENSDARG00000094648,4,2
ENSDARG00000094653,1,1
ENSDARG00000094655,3,2
ENSDARG00000094656,0,2
ENSDARG00000094658,4,1
ENSDARG00000094659,5,0
ENSDARG00000094660,3,2
ENSDARG00000094662,2,1
ENSDARG00000094665,1,0
ENSDARG00000094667,1,0
ENSDARG00000094668,5,0
ENSDARG00000094669,1,0
ENSDARG00000094674,5,2
ENSDARG00000094675,3,2
ENSDARG00000094676,1,1
ENSDARG00000094677,2,1
ENSDARG00000094678,3,2
ENSDARG00000094681,3,2
ENSDARG00000094683,2,1
ENSDARG00000094684,5,2
ENSDARG00000094685,2,0
ENSDARG00000094688,4,1
ENSDARG00000094692,5,1
ENSDARG00000094693,2,0
ENSDARG00000094694,2,1
ENSDARG00000094695,4,0
ENSDARG00000094696,2,0
ENSDARG00000094703,0,0
ENSDARG00000094704,0,2
ENSDARG00000094706,1,0
ENSDARG00000094708,2,0
ENSDARG00000094709,5,1
ENSDARG00000094710,2,1
ENSDARG00000094712,1,0
ENSDARG00000094713,5,1
ENSDARG00000094714,2,-1
ENSDARG00000094716,2,0
ENSDARG00000094717,1,-1
ENSDARG00000094719,2,1
ENSDARG00000094725,0,2
ENSDARG00000094729,1,1
ENSDARG00000094730,3,2
ENSDARG00000094732,4,1
ENSDARG00000094735,2,1
ENSDARG00000094736,5,0
ENSDARG00000094737,0,0
ENSDARG00000094738,2,0
ENSDARG00000094739,0,1
ENSDARG00000094741,1,0
ENSDARG00000094747,5,0
ENSDARG00000094748,5,1
ENSDARG00000094749,1,0
ENSDARG00000094752,4,1
ENSDARG00000094753,4,1
ENSDARG00000094754,4,1
ENSDARG00000094760,3,2
ENSDARG00000094763,3,2
ENSDARG00000094764,4,1
ENSDARG00000094774,5,0
ENSDARG00000094776,1,1
ENSDARG00000094779,2,0
ENSDARG00000094781,1,1
ENSDARG00000094782,4,1
ENSDARG00000094791,2,1
ENSDARG00000094792,3,2
ENSDARG00000094793,3,2
ENSDARG00000094794,3,1
ENSDARG00000094797,1,-1
ENSDARG00000094798,3,2
ENSDARG00000094799,0,2
ENSDARG00000094801,3,2
ENSDARG00000094803,3,0
ENSDARG00000094805,1,1
ENSDARG00000094809,3,2
ENSDARG00000094811,0,2
ENSDARG00000094815,2,0
ENSDARG00000094819,1,0
ENSDARG00000094820,4,1
ENSDARG00000094821,1,1
ENSDARG00000094823,2,1
ENSDARG00000094824,3,2
ENSDARG00000094832,1,1
ENSDARG00000094833,1,0
ENSDARG00000094836,3,0
ENSDARG00000094837,0,2
ENSDARG00000094839,3,0
ENSDARG00000094840,2,0
ENSDARG00000094842,5,1
ENSDARG00000094844,1,1
ENSDARG00000094846,1,1
ENSDARG00000094850,0,1
ENSDARG00000094852,2,0
ENSDARG00000094853,0,2
ENSDARG00000094854,3,0
ENSDARG00000094857,2,0
ENSDARG00000094859,5,2
ENSDARG00000094860,2,0
ENSDARG00000094861,3,2
ENSDARG00000094862,2,1
ENSDARG00000094865,0,0
ENSDARG00000094866,3,2
ENSDARG00000094870,2,-1
ENSDARG00000094871,2,0
ENSDARG00000094874,0,0
ENSDARG00000094878,5,2
ENSDARG00000094879,2,1
ENSDARG00000094883,1,1
ENSDARG00000094885,5,2
ENSDARG00000094886,2,0
ENSDARG00000094887,1,1
ENSDARG00000094888,5,0
ENSDARG00000094889,3,2
ENSDARG00000094892,5,1
ENSDARG00000094896,0,0
ENSDARG00000094899,5,1
ENSDARG00000094901,1,1
ENSDARG00000094903,5,0
ENSDARG00000094908,0,2
ENSDARG00000094912,5,2
ENSDARG00000094913,2,1
ENSDARG00000094914,2,1
ENSDARG00000094920,1,1
ENSDARG00000094922,2,0
ENSDARG00000094923,4,0
ENSDARG00000094927,1,1
ENSDARG00000094928,4,2
ENSDARG00000094929,3,2
ENSDARG00000094941,5,0
ENSDARG00000094942,4,1
ENSDARG00000094943,0,1
ENSDARG00000094946,3,2
ENSDARG00000094948,5,1
ENSDARG00000094952,4,1
ENSDARG00000094960,5,2
ENSDARG00000094961,2,1
ENSDARG00000094962,3,0
ENSDARG00000094965,4,1
ENSDARG00000094970,1,1
ENSDARG00000094973,4,0
ENSDARG00000094974,3,2
ENSDARG00000094975,2,1
ENSDARG00000094977,5,1
ENSDARG00000094978,4,0
ENSDARG00000094980,0,2
ENSDARG00000094981,2,1
ENSDARG00000094983,2,-1
ENSDARG00000094984,2,1
ENSDARG00000094988,4,1
ENSDARG00000094990,2,0
ENSDARG00000094992,5,1
ENSDARG00000094994,1,1
ENSDARG00000094995,0,1
ENSDARG00000094996,2,0
ENSDARG00000094997,2,0
ENSDARG00000094998,4,0
ENSDARG00000094999,4,1
ENSDARG00000095001,5,0
ENSDARG00000095002,2,1
ENSDARG00000095006,4,1
ENSDARG00000095007,1,1
ENSDARG00000095011,2,1
ENSDARG00000095012,1,1
ENSDARG00000095013,2,1
ENSDARG00000095015,0,1
ENSDARG00000095017,0,2
ENSDARG00000095019,4,1
ENSDARG00000095022,3,1
ENSDARG00000095024,3,2
ENSDARG00000095025,5,0
ENSDARG00000095026,4,1
ENSDARG00000095030,5,0
ENSDARG00000095032,3,2
ENSDARG00000095033,5,0
ENSDARG00000095034,0,0
ENSDARG00000095035,5,0
ENSDARG00000095037,1,1
ENSDARG00000095038,1,1
ENSDARG00000095041,4,0
ENSDARG00000095042,0,0
ENSDARG00000095046,1,0
ENSDARG00000095047,0,0
ENSDARG00000095048,2,1
ENSDARG00000095050,5,0
ENSDARG00000095051,5,0
ENSDARG00000095054,1,1
ENSDARG00000095056,0,1
ENSDARG00000095057,5,0
ENSDARG00000095058,4,1
ENSDARG00000095059,4,1
ENSDARG00000095060,3,0
ENSDARG00000095061,4,1
ENSDARG00000095062,0,2
ENSDARG00000095064,3,1
ENSDARG00000095065,2,1
ENSDARG00000095066,5,2
ENSDARG00000095067,4,1
ENSDARG00000095070,0,0
ENSDARG00000095072,4,0
ENSDARG00000095076,3,2
ENSDARG00000095077,1,1
ENSDARG00000095080,4,0
ENSDARG00000095081,0,2
ENSDARG00000095082,2,1
ENSDARG00000095083,5,1
ENSDARG00000095086,5,1
ENSDARG00000095087,0,0
ENSDARG00000095089,1,1
ENSDARG00000095090,2,0
ENSDARG00000095092,4,1
ENSDARG00000095093,4,1
ENSDARG00000095098,2,0
ENSDARG00000095101,5,1
ENSDARG00000095102,2,1
ENSDARG00000095103,2,0
ENSDARG00000095105,0,1
ENSDARG00000095108,4,1
ENSDARG00000095111,2,1
ENSDARG00000095112,2,1
ENSDARG00000095113,5,1
ENSDARG00000095120,4,1
ENSDARG00000095123,4,2
ENSDARG00000095126,1,1
ENSDARG00000095127,1,0
ENSDARG00000095130,2,1
ENSDARG00000095133,1,1
ENSDARG00000095135,5,0
ENSDARG00000095137,1,1
ENSDARG00000095141,1,1
ENSDARG00000095144,5,0
ENSDARG00000095145,5,1
ENSDARG00000095148,3,2
ENSDARG00000095149,5,0
ENSDARG00000095150,4,0
ENSDARG00000095151,5,0
ENSDARG00000095152,2,0
ENSDARG00000095156,1,0
ENSDARG00000095157,0,1
ENSDARG00000095158,0,1
ENSDARG00000095159,2,1
ENSDARG00000095161,4,1
ENSDARG00000095163,1,1
ENSDARG00000095164,4,1
ENSDARG00000095167,1,1
ENSDARG00000095170,3,1
ENSDARG00000095174,0,0
ENSDARG00000095175,2,-1
ENSDARG00000095177,4,1
ENSDARG00000095179,2,1
ENSDARG00000095180,3,0
ENSDARG00000095184,2,1
ENSDARG00000095185,4,2
ENSDARG00000095186,2,1
ENSDARG00000095188,0,0
ENSDARG00000095189,5,0
ENSDARG00000095191,0,0
ENSDARG00000095192,2,1
ENSDARG00000095193,4,1
ENSDARG00000095195,5,0
ENSDARG00000095197,1,1
ENSDARG00000095198,5,0
ENSDARG00000095199,3,2
ENSDARG00000095200,2,1
ENSDARG00000095204,1,1
ENSDARG00000095205,1,1
ENSDARG00000095206,4,2
ENSDARG00000095211,2,1
ENSDARG00000095214,2,0
ENSDARG00000095217,2,1
ENSDARG00000095219,2,0
ENSDARG00000095222,2,-1
ENSDARG00000095223,2,0
ENSDARG00000095224,1,0
ENSDARG00000095230,4,1
ENSDARG00000095236,4,1
ENSDARG00000095238,1,1
ENSDARG00000095241,5,1
ENSDARG00000095250,2,1
ENSDARG00000095252,4,1
ENSDARG00000095254,4,0
ENSDARG00000095259,2,0
ENSDARG00000095260,5,1
ENSDARG00000095263,2,1
ENSDARG00000095264,2,-1
ENSDARG00000095267,1,1
ENSDARG00000095268,4,0
ENSDARG00000095272,2,1
ENSDARG00000095273,4,1
ENSDARG00000095274,2,1
ENSDARG00000095275,2,1
ENSDARG00000095276,0,0
ENSDARG00000095277,4,0
ENSDARG00000095281,0,1
ENSDARG00000095282,0,0
ENSDARG00000095283,5,0
ENSDARG00000095288,3,0
ENSDARG00000095291,2,1
ENSDARG00000095292,3,2
ENSDARG00000095293,2,1
ENSDARG00000095294,2,0
ENSDARG00000095295,0,1
ENSDARG00000095296,5,2
ENSDARG00000095297,0,1
ENSDARG00000095301,2,0
ENSDARG00000095304,3,1
ENSDARG00000095306,5,1
ENSDARG00000095308,2,0
ENSDARG00000095309,1,1
ENSDARG00000095314,5,2
ENSDARG00000095315,4,0
ENSDARG00000095317,4,1
ENSDARG00000095318,2,1
ENSDARG00000095322,5,2
ENSDARG00000095325,4,1
ENSDARG00000095328,5,0
ENSDARG00000095332,5,2
ENSDARG00000095333,0,2
ENSDARG00000095339,3,0
ENSDARG00000095343,2,-1
ENSDARG00000095345,5,0
ENSDARG00000095347,2,1
ENSDARG00000095348,5,1
ENSDARG00000095350,5,2
ENSDARG00000095351,3,2
ENSDARG00000095353,4,0
ENSDARG00000095355,1,0
ENSDARG00000095360,2,1
ENSDARG00000095362,2,1
ENSDARG00000095363,5,1
ENSDARG00000095365,4,-1
ENSDARG00000095368,0,1
ENSDARG00000095369,4,1
ENSDARG00000095376,0,1
ENSDARG00000095377,3,2
ENSDARG00000095378,3,0
ENSDARG00000095380,3,1
ENSDARG00000095384,2,1
ENSDARG00000095385,0,1
ENSDARG00000095386,5,0
ENSDARG00000095388,4,0
ENSDARG00000095389,2,1
ENSDARG00000095390,4,0
ENSDARG00000095391,1,1
ENSDARG00000095394,2,1
ENSDARG00000095396,4,0
ENSDARG00000095398,4,1
ENSDARG00000095400,4,1
ENSDARG00000095401,1,1
ENSDARG00000095402,2,1
ENSDARG00000095407,5,1
ENSDARG00000095408,1,1
ENSDARG00000095409,2,1
ENSDARG00000095410,2,1
ENSDARG00000095412,3,0
ENSDARG00000095415,0,2
ENSDARG00000095417,3,2
ENSDARG00000095418,3,-1
ENSDARG00000095420,1,0
ENSDARG00000095421,2,1
ENSDARG00000095424,2,0
ENSDARG00000095426,1,0
ENSDARG00000095439,5,0
ENSDARG00000095440,5,2
ENSDARG00000095442,3,2
ENSDARG00000095444,0,1
ENSDARG00000095445,3,2
ENSDARG00000095446,4,0
ENSDARG00000095448,4,1
ENSDARG00000095449,3,1
ENSDARG00000095450,4,1
ENSDARG00000095451,4,1
ENSDARG00000095453,4,1
ENSDARG00000095454,4,1
ENSDARG00000095455,0,0
ENSDARG00000095457,4,0
ENSDARG00000095458,5,0
ENSDARG00000095459,5,1
ENSDARG00000095460,3,-1
ENSDARG00000095461,2,1
ENSDARG00000095463,0,1
ENSDARG00000095464,3,2
ENSDARG00000095475,2,1
ENSDARG00000095476,0,0
ENSDARG00000095477,2,1
ENSDARG00000095478,4,1
ENSDARG00000095479,4,1
ENSDARG00000095481,5,0
ENSDARG00000095482,2,1
ENSDARG00000095483,5,1
ENSDARG00000095486,0,0
ENSDARG00000095493,2,1
ENSDARG00000095494,1,0
ENSDARG00000095495,5,1
ENSDARG00000095497,1,1
ENSDARG00000095502,1,1
ENSDARG00000095504,0,0
ENSDARG00000095507,1,0
ENSDARG00000095509,2,1
ENSDARG00000095510,5,0
ENSDARG00000095512,2,0
ENSDARG00000095513,5,-1
ENSDARG00000095514,3,2
ENSDARG00000095515,3,0
ENSDARG00000095518,2,1
ENSDARG00000095521,1,1
ENSDARG00000095522,5,0
ENSDARG00000095523,0,1
ENSDARG00000095527,2,1
ENSDARG00000095528,3,2
ENSDARG00000095530,0,1
ENSDARG00000095532,3,2
ENSDARG00000095533,2,1
ENSDARG00000095534,1,1
ENSDARG00000095536,0,2
ENSDARG00000095538,5,0
ENSDARG00000095540,1,1
ENSDARG00000095545,5,1
ENSDARG00000095547,1,1
ENSDARG00000095548,1,1
ENSDARG00000095549,2,1
ENSDARG00000095553,2,1
ENSDARG00000095555,0,0
ENSDARG00000095556,4,0
ENSDARG00000095557,3,2
ENSDARG00000095559,2,0
ENSDARG00000095562,2,0
ENSDARG00000095564,4,1
ENSDARG00000095565,1,0
ENSDARG00000095566,0,2
ENSDARG00000095576,2,1
ENSDARG00000095577,4,2
ENSDARG00000095578,2,1
ENSDARG00000095580,4,1
ENSDARG00000095581,4,1
ENSDARG00000095586,2,0
ENSDARG00000095587,1,1
ENSDARG00000095588,3,2
ENSDARG00000095590,0,1
ENSDARG00000095593,1,1
ENSDARG00000095594,4,1
ENSDARG00000095595,4,1
ENSDARG00000095596,4,1
ENSDARG00000095600,2,1
ENSDARG00000095601,1,1
ENSDARG00000095603,2,0
ENSDARG00000095605,1,1
ENSDARG00000095606,3,2
ENSDARG00000095607,1,1
ENSDARG00000095608,2,0
ENSDARG00000095609,5,0
ENSDARG00000095610,4,1
ENSDARG00000095614,2,0
ENSDARG00000095615,3,2
ENSDARG00000095617,5,0
ENSDARG00000095619,4,1
ENSDARG00000095620,5,0
ENSDARG00000095623,1,1
ENSDARG00000095632,0,1
ENSDARG00000095633,2,0
ENSDARG00000095634,3,2
ENSDARG00000095635,5,0
ENSDARG00000095636,3,-1
ENSDARG00000095638,2,0
ENSDARG00000095639,2,-1
ENSDARG00000095640,0,2
ENSDARG00000095642,2,1
ENSDARG00000095643,4,1
ENSDARG00000095646,4,1
ENSDARG00000095648,1,0
ENSDARG00000095651,4,1
ENSDARG00000095654,3,2
ENSDARG00000095663,1,1
ENSDARG00000095665,2,1
ENSDARG00000095671,5,0
ENSDARG00000095673,5,0
ENSDARG00000095674,4,1
ENSDARG00000095675,4,2
ENSDARG00000095678,4,0
ENSDARG00000095680,2,0
ENSDARG00000095682,2,1
ENSDARG00000095687,5,2
ENSDARG00000095688,0,2
ENSDARG00000095689,1,0
ENSDARG00000095692,4,1
ENSDARG00000095693,2,1
ENSDARG00000095695,2,1
ENSDARG00000095696,2,1
ENSDARG00000095697,2,1
ENSDARG00000095698,4,2
ENSDARG00000095699,1,0
ENSDARG00000095704,1,1
ENSDARG00000095705,5,0
ENSDARG00000095708,1,1
ENSDARG00000095711,2,1
ENSDARG00000095715,3,2
ENSDARG00000095717,3,2
ENSDARG00000095719,2,1
ENSDARG00000095720,1,1
ENSDARG00000095721,4,2
ENSDARG00000095722,4,0
ENSDARG00000095728,3,-1
ENSDARG00000095729,2,0
ENSDARG00000095731,2,1
ENSDARG00000095732,3,2
ENSDARG00000095733,2,1
ENSDARG00000095734,5,0
ENSDARG00000095735,2,1
ENSDARG00000095736,2,-1
ENSDARG00000095739,3,2
ENSDARG00000095741,5,2
ENSDARG00000095743,1,1
ENSDARG00000095744,4,0
ENSDARG00000095745,5,0
ENSDARG00000095746,4,1
ENSDARG00000095747,1,1
ENSDARG00000095748,2,1
ENSDARG00000095750,1,0
ENSDARG00000095751,3,2
ENSDARG00000095752,4,1
ENSDARG00000095754,3,0
ENSDARG00000095755,0,0
ENSDARG00000095756,2,1
ENSDARG00000095757,5,0
ENSDARG00000095763,1,1
ENSDARG00000095767,3,2
ENSDARG00000095773,2,1
ENSDARG00000095774,4,1
ENSDARG00000095775,1,1
ENSDARG00000095779,4,1
ENSDARG00000095780,2,1
ENSDARG00000095783,2,0
ENSDARG00000095785,1,1
ENSDARG00000095786,5,1
ENSDARG00000095787,5,1
ENSDARG00000095788,2,0
ENSDARG00000095789,5,0
ENSDARG00000095791,0,2
ENSDARG00000095793,2,1
ENSDARG00000095795,1,1
ENSDARG00000095796,5,0
ENSDARG00000095798,2,0
ENSDARG00000095799,0,0
ENSDARG00000095800,2,0
ENSDARG00000095801,2,0
ENSDARG00000095802,2,1
ENSDARG00000095803,2,0
ENSDARG00000095804,1,0
ENSDARG00000095805,2,1
ENSDARG00000095806,2,0
ENSDARG00000095807,3,2
ENSDARG00000095808,2,1
ENSDARG00000095809,0,0
ENSDARG00000095810,3,2
ENSDARG00000095811,0,1
ENSDARG00000095817,5,1
ENSDARG00000095819,2,1
ENSDARG00000095820,2,1
ENSDARG00000095821,1,0
ENSDARG00000095822,5,2
ENSDARG00000095824,1,0
ENSDARG00000095825,3,0
ENSDARG00000095826,3,2
ENSDARG00000095830,2,1
ENSDARG00000095831,2,1
ENSDARG00000095832,2,1
ENSDARG00000095833,2,1
ENSDARG00000095836,2,1
ENSDARG00000095837,2,0
ENSDARG00000095838,0,0
ENSDARG00000095840,1,0
ENSDARG00000095842,4,0
ENSDARG00000095843,4,1
ENSDARG00000095844,4,0
ENSDARG00000095845,1,1
ENSDARG00000095848,3,2
ENSDARG00000095851,0,2
ENSDARG00000095852,0,0
ENSDARG00000095853,2,1
ENSDARG00000095854,5,2
ENSDARG00000095855,2,1
ENSDARG00000095857,2,-1
ENSDARG00000095859,1,1
ENSDARG00000095860,4,1
ENSDARG00000095861,4,1
ENSDARG00000095863,4,1
ENSDARG00000095864,3,0
ENSDARG00000095865,2,0
ENSDARG00000095867,5,1
ENSDARG00000095868,5,0
ENSDARG00000095869,2,1
ENSDARG00000095870,2,1
ENSDARG00000095873,4,0
ENSDARG00000095879,5,0
ENSDARG00000095882,0,0
ENSDARG00000095883,0,1
ENSDARG00000095884,1,1
ENSDARG00000095885,3,2
ENSDARG00000095888,4,0
ENSDARG00000095890,0,2
ENSDARG00000095891,5,0
ENSDARG00000095892,5,0
ENSDARG00000095893,1,1
ENSDARG00000095896,4,1
ENSDARG00000095897,4,0
ENSDARG00000095898,1,0
ENSDARG00000095899,1,1
ENSDARG00000095901,2,0
ENSDARG00000095902,1,1
ENSDARG00000095904,5,2
ENSDARG00000095906,3,2
ENSDARG00000095908,4,1
ENSDARG00000095909,2,1
ENSDARG00000095911,2,1
ENSDARG00000095912,0,0
ENSDARG00000095913,5,0
ENSDARG00000095915,2,1
ENSDARG00000095917,0,0
ENSDARG00000095918,1,0
ENSDARG00000095919,3,0
ENSDARG00000095920,0,2
ENSDARG00000095921,4,1
ENSDARG00000095922,3,2
ENSDARG00000095925,0,2
ENSDARG00000095927,1,1
ENSDARG00000095929,0,2
ENSDARG00000095930,3,2
ENSDARG00000095933,4,1
ENSDARG00000095934,4,1
ENSDARG00000095937,3,2
ENSDARG00000095939,3,2
ENSDARG00000095940,5,0
ENSDARG00000095943,3,0
ENSDARG00000095946,1,1
ENSDARG00000095947,0,1
ENSDARG00000095949,3,1
ENSDARG00000095950,4,0
ENSDARG00000095951,0,2
ENSDARG00000095952,0,0
ENSDARG00000095953,2,1
ENSDARG00000095954,5,2
ENSDARG00000095955,1,0
ENSDARG00000095956,2,1
ENSDARG00000095962,3,2
ENSDARG00000095963,2,0
ENSDARG00000095965,4,1
ENSDARG00000095966,0,0
ENSDARG00000095968,5,1
ENSDARG00000095969,5,0
ENSDARG00000095973,1,1
ENSDARG00000095974,0,1
ENSDARG00000095975,4,1
ENSDARG00000095981,2,0
ENSDARG00000095982,1,1
ENSDARG00000095989,5,0
ENSDARG00000095990,1,1
ENSDARG00000095991,0,1
ENSDARG00000095992,4,1
ENSDARG00000095993,1,1
ENSDARG00000095994,3,2
ENSDARG00000095995,5,0
ENSDARG00000095998,4,1
ENSDARG00000096000,5,0
ENSDARG00000096001,5,2
ENSDARG00000096003,4,1
ENSDARG00000096005,1,1
ENSDARG00000096010,5,1
ENSDARG00000096012,5,0
ENSDARG00000096014,1,1
ENSDARG00000096017,0,1
ENSDARG00000096021,2,0
ENSDARG00000096026,1,1
ENSDARG00000096031,2,1
ENSDARG00000096034,5,0
ENSDARG00000096037,4,0
ENSDARG00000096039,0,0
ENSDARG00000096041,1,1
ENSDARG00000096044,4,-1
ENSDARG00000096045,4,1
ENSDARG00000096046,2,1
ENSDARG00000096047,2,0
ENSDARG00000096053,3,2
ENSDARG00000096060,3,1
ENSDARG00000096063,4,1
ENSDARG00000096064,2,1
ENSDARG00000096065,5,0
ENSDARG00000096066,1,1
ENSDARG00000096067,2,1
ENSDARG00000096070,2,1
ENSDARG00000096073,0,2
ENSDARG00000096074,1,1
ENSDARG00000096078,5,0
ENSDARG00000096080,5,0
ENSDARG00000096081,4,0
ENSDARG00000096083,5,2
ENSDARG00000096084,4,1
ENSDARG00000096085,1,1
ENSDARG00000096087,5,0
ENSDARG00000096091,3,2
ENSDARG00000096092,0,0
ENSDARG00000096095,0,0
ENSDARG00000096097,0,1
ENSDARG00000096098,1,1
ENSDARG00000096099,0,0
ENSDARG00000096100,1,1
ENSDARG00000096101,3,2
ENSDARG00000096103,5,0
ENSDARG00000096105,3,2
ENSDARG00000096107,1,1
ENSDARG00000096110,2,1
ENSDARG00000096111,1,0
ENSDARG00000096114,0,2
ENSDARG00000096118,4,1
ENSDARG00000096121,5,0
ENSDARG00000096127,4,1
ENSDARG00000096131,2,-1
ENSDARG00000096138,1,1
ENSDARG00000096144,2,1
ENSDARG00000096153,0,0
ENSDARG00000096154,1,0
ENSDARG00000096156,2,0
ENSDARG00000096162,5,0
ENSDARG00000096163,5,0
ENSDARG00000096169,2,1
ENSDARG00000096170,0,0
ENSDARG00000096174,2,0
ENSDARG00000096184,2,0
ENSDARG00000096186,5,0
ENSDARG00000096187,0,0
ENSDARG00000096188,1,1
ENSDARG00000096189,1,1
ENSDARG00000096190,1,-1
ENSDARG00000096191,2,0
ENSDARG00000096194,1,1
ENSDARG00000096207,2,1
ENSDARG00000096208,1,1
ENSDARG00000096210,1,1
ENSDARG00000096214,2,0
ENSDARG00000096215,4,1
ENSDARG00000096217,4,1
ENSDARG00000096218,5,1
ENSDARG00000096222,1,1
ENSDARG00000096224,0,1
ENSDARG00000096226,5,0
ENSDARG00000096229,5,2
ENSDARG00000096232,0,0
ENSDARG00000096234,2,1
ENSDARG00000096235,5,0
ENSDARG00000096237,5,1
ENSDARG00000096240,1,1
ENSDARG00000096241,1,0
ENSDARG00000096242,2,1
ENSDARG00000096244,1,1
ENSDARG00000096247,5,0
ENSDARG00000096248,2,0
ENSDARG00000096249,4,0
ENSDARG00000096252,3,2
ENSDARG00000096255,5,0
ENSDARG00000096256,1,1
ENSDARG00000096257,3,2
ENSDARG00000096258,5,2
ENSDARG00000096259,1,0
ENSDARG00000096260,0,0
ENSDARG00000096262,0,2
ENSDARG00000096264,2,-1
ENSDARG00000096265,0,0
ENSDARG00000096267,1,1
ENSDARG00000096269,2,1
ENSDARG00000096270,4,1
ENSDARG00000096271,3,2
ENSDARG00000096273,4,1
ENSDARG00000096274,0,2
ENSDARG00000096275,1,0
ENSDARG00000096276,1,0
ENSDARG00000096277,1,-1
ENSDARG00000096283,2,1
ENSDARG00000096286,2,1
ENSDARG00000096288,1,1
ENSDARG00000096289,1,1
ENSDARG00000096290,2,0
ENSDARG00000096293,0,2
ENSDARG00000096295,0,0
ENSDARG00000096297,0,0
ENSDARG00000096300,4,0
ENSDARG00000096301,1,1
ENSDARG00000096304,2,0
ENSDARG00000096305,5,1
ENSDARG00000096306,5,1
ENSDARG00000096307,0,1
ENSDARG00000096308,1,0
ENSDARG00000096309,5,1
ENSDARG00000096310,5,2
ENSDARG00000096311,5,2
ENSDARG00000096312,1,1
ENSDARG00000096315,5,0
ENSDARG00000096317,4,1
ENSDARG00000096318,1,1
ENSDARG00000096319,3,1
ENSDARG00000096320,5,1
ENSDARG00000096322,4,1
ENSDARG00000096323,4,0
ENSDARG00000096326,1,1
ENSDARG00000096327,2,1
ENSDARG00000096331,4,2
ENSDARG00000096333,1,1
ENSDARG00000096337,1,1
ENSDARG00000096338,3,2
ENSDARG00000096342,1,1
ENSDARG00000096345,1,-1
ENSDARG00000096346,4,1
ENSDARG00000096347,0,1
ENSDARG00000096350,1,1
ENSDARG00000096352,5,0
ENSDARG00000096355,3,1
ENSDARG00000096356,0,0
ENSDARG00000096357,1,1
ENSDARG00000096358,0,2
ENSDARG00000096359,4,1
ENSDARG00000096362,3,-1
ENSDARG00000096363,2,1
ENSDARG00000096365,0,0
ENSDARG00000096367,0,1
ENSDARG00000096368,2,0
ENSDARG00000096375,3,1
ENSDARG00000096377,4,-1
ENSDARG00000096381,2,1
ENSDARG00000096382,0,0
ENSDARG00000096383,1,1
ENSDARG00000096384,0,0
ENSDARG00000096387,1,1
ENSDARG00000096389,2,1
ENSDARG00000096394,1,1
ENSDARG00000096395,1,0
ENSDARG00000096397,1,0
ENSDARG00000096398,2,1
ENSDARG00000096400,1,1
ENSDARG00000096401,1,1
ENSDARG00000096403,4,0
ENSDARG00000096406,1,1
ENSDARG00000096409,0,0
ENSDARG00000096411,5,2
ENSDARG00000096412,2,1
ENSDARG00000096414,0,1
ENSDARG00000096415,0,0
ENSDARG00000096417,2,0
ENSDARG00000096419,4,1
ENSDARG00000096420,0,0
ENSDARG00000096422,3,1
ENSDARG00000096423,5,0
ENSDARG00000096428,5,1
ENSDARG00000096429,2,0
ENSDARG00000096430,2,-1
ENSDARG00000096433,5,1
ENSDARG00000096434,3,2
ENSDARG00000096435,1,0
ENSDARG00000096436,5,0
ENSDARG00000096437,2,1
ENSDARG00000096446,2,-1
ENSDARG00000096447,5,2
ENSDARG00000096449,2,-1
ENSDARG00000096450,4,1
ENSDARG00000096451,3,2
ENSDARG00000096452,0,2
ENSDARG00000096454,0,0
ENSDARG00000096457,4,1
ENSDARG00000096458,2,1
ENSDARG00000096460,4,-1
ENSDARG00000096461,1,1
ENSDARG00000096462,4,1
ENSDARG00000096463,2,1
ENSDARG00000096465,2,1
ENSDARG00000096467,1,1
ENSDARG00000096472,4,1
ENSDARG00000096473,1,0
ENSDARG00000096478,5,0
ENSDARG00000096479,5,2
ENSDARG00000096481,1,1
ENSDARG00000096484,5,0
ENSDARG00000096486,1,1
ENSDARG00000096489,3,1
ENSDARG00000096491,1,1
ENSDARG00000096493,4,1
ENSDARG00000096496,4,0
ENSDARG00000096497,5,0
ENSDARG00000096502,4,1
ENSDARG00000096504,1,0
ENSDARG00000096505,2,1
ENSDARG00000096506,4,1
ENSDARG00000096508,2,1
ENSDARG00000096511,2,0
ENSDARG00000096513,1,0
ENSDARG00000096514,0,1
ENSDARG00000096515,0,1
ENSDARG00000096518,3,2
ENSDARG00000096519,2,1
ENSDARG00000096521,0,0
ENSDARG00000096522,1,1
ENSDARG00000096526,3,2
ENSDARG00000096528,5,2
ENSDARG00000096530,0,2
ENSDARG00000096532,4,1
ENSDARG00000096533,4,1
ENSDARG00000096534,2,1
ENSDARG00000096538,3,-1
ENSDARG00000096539,2,1
ENSDARG00000096540,2,1
ENSDARG00000096541,1,1
ENSDARG00000096542,0,1
ENSDARG00000096544,3,0
ENSDARG00000096545,2,1
ENSDARG00000096546,4,1
ENSDARG00000096548,1,1
ENSDARG00000096550,0,1
ENSDARG00000096552,5,1
ENSDARG00000096554,5,1
ENSDARG00000096555,5,0
ENSDARG00000096558,2,1
ENSDARG00000096559,3,-1
ENSDARG00000096560,0,2
ENSDARG00000096562,5,2
ENSDARG00000096563,4,0
ENSDARG00000096564,2,1
ENSDARG00000096565,0,2
ENSDARG00000096566,0,0
ENSDARG00000096567,4,0
ENSDARG00000096568,3,0
ENSDARG00000096569,2,1
ENSDARG00000096570,2,1
ENSDARG00000096572,2,-1
ENSDARG00000096573,3,2
ENSDARG00000096574,2,1
ENSDARG00000096575,1,1
ENSDARG00000096576,3,2
ENSDARG00000096577,5,1
ENSDARG00000096578,3,2
ENSDARG00000096579,0,1
ENSDARG00000096580,4,1
ENSDARG00000096583,1,0
ENSDARG00000096584,1,0
ENSDARG00000096585,1,1
ENSDARG00000096586,4,1
ENSDARG00000096587,5,1
ENSDARG00000096589,0,2
ENSDARG00000096592,2,1
ENSDARG00000096593,3,-1
ENSDARG00000096595,1,0
ENSDARG00000096597,1,0
ENSDARG00000096599,4,1
ENSDARG00000096603,0,0
ENSDARG00000096607,2,1
ENSDARG00000096609,0,0
ENSDARG00000096613,0,2
ENSDARG00000096614,5,0
ENSDARG00000096615,0,2
ENSDARG00000096616,3,2
ENSDARG00000096617,5,0
ENSDARG00000096618,4,0
ENSDARG00000096620,1,1
ENSDARG00000096623,2,1
ENSDARG00000096625,4,1
ENSDARG00000096626,2,-1
ENSDARG00000096628,0,0
ENSDARG00000096630,5,2
ENSDARG00000096631,5,0
ENSDARG00000096632,4,1
ENSDARG00000096634,2,1
ENSDARG00000096635,2,1
ENSDARG00000096637,3,2
ENSDARG00000096639,4,0
ENSDARG00000096641,4,1
ENSDARG00000096642,0,0
ENSDARG00000096643,4,1
ENSDARG00000096644,5,0
ENSDARG00000096645,2,0
ENSDARG00000096646,5,2
ENSDARG00000096648,2,1
ENSDARG00000096649,5,1
ENSDARG00000096650,2,1
ENSDARG00000096651,0,0
ENSDARG00000096654,4,1
ENSDARG00000096655,2,1
ENSDARG00000096656,1,1
ENSDARG00000096657,2,1
ENSDARG00000096661,1,1
ENSDARG00000096662,4,1
ENSDARG00000096663,4,1
ENSDARG00000096664,2,1
ENSDARG00000096665,1,1
ENSDARG00000096666,5,1
ENSDARG00000096667,4,1
ENSDARG00000096669,5,2
ENSDARG00000096670,2,1
ENSDARG00000096672,5,1
ENSDARG00000096673,0,2
ENSDARG00000096674,0,2
ENSDARG00000096675,1,0
ENSDARG00000096676,0,0
ENSDARG00000096677,0,0
ENSDARG00000096678,4,1
ENSDARG00000096679,5,1
ENSDARG00000096680,5,0
ENSDARG00000096681,2,1
ENSDARG00000096684,4,1
ENSDARG00000096686,1,0
ENSDARG00000096687,0,1
ENSDARG00000096689,5,0
ENSDARG00000096690,5,0
ENSDARG00000096691,5,1
ENSDARG00000096693,2,0
ENSDARG00000096695,5,1
ENSDARG00000096697,0,1
ENSDARG00000096698,1,1
ENSDARG00000096699,1,0
ENSDARG00000096700,1,1
ENSDARG00000096701,2,1
ENSDARG00000096702,1,1
ENSDARG00000096703,2,0
ENSDARG00000096704,5,2
ENSDARG00000096705,1,1
ENSDARG00000096706,0,1
ENSDARG00000096707,4,1
ENSDARG00000096708,1,1
ENSDARG00000096709,0,2
ENSDARG00000096710,0,0
ENSDARG00000096712,4,0
ENSDARG00000096713,2,1
ENSDARG00000096714,1,0
ENSDARG00000096715,4,1
ENSDARG00000096716,3,2
ENSDARG00000096717,3,2
ENSDARG00000096718,0,2
ENSDARG00000096720,4,1
ENSDARG00000096721,2,1
ENSDARG00000096722,2,1
ENSDARG00000096723,3,2
ENSDARG00000096724,3,2
ENSDARG00000096726,0,0
ENSDARG00000096727,0,1
ENSDARG00000096728,4,1
ENSDARG00000096729,5,1
ENSDARG00000096730,0,0
ENSDARG00000096733,0,0
ENSDARG00000096734,5,2
ENSDARG00000096735,0,2
ENSDARG00000096738,2,0
ENSDARG00000096740,1,1
ENSDARG00000096741,2,1
ENSDARG00000096742,0,0
ENSDARG00000096743,0,1
ENSDARG00000096744,1,1
ENSDARG00000096745,1,1
ENSDARG00000096746,0,0
ENSDARG00000096747,3,0
ENSDARG00000096748,2,1
ENSDARG00000096750,5,0
ENSDARG00000096751,5,1
ENSDARG00000096752,1,0
ENSDARG00000096754,4,-1
ENSDARG00000096755,4,0
ENSDARG00000096756,2,1
ENSDARG00000096757,3,2
ENSDARG00000096758,1,1
ENSDARG00000096759,1,1
ENSDARG00000096760,2,1
ENSDARG00000096761,0,2
ENSDARG00000096762,3,0
ENSDARG00000096763,5,1
ENSDARG00000096764,0,2
ENSDARG00000096765,2,1
ENSDARG00000096766,1,1
ENSDARG00000096768,0,0
ENSDARG00000096769,0,2
ENSDARG00000096770,4,1
ENSDARG00000096772,4,1
ENSDARG00000096773,1,1
ENSDARG00000096774,0,2
ENSDARG00000096775,5,1
ENSDARG00000096777,4,1
ENSDARG00000096778,5,0
ENSDARG00000096779,0,0
ENSDARG00000096780,1,1
ENSDARG00000096781,4,0
ENSDARG00000096782,5,1
ENSDARG00000096784,2,1
ENSDARG00000096786,3,2
ENSDARG00000096787,5,1
ENSDARG00000096788,3,2
ENSDARG00000096789,0,0
ENSDARG00000096790,4,1
ENSDARG00000096791,3,2
ENSDARG00000096792,3,2
ENSDARG00000096793,0,1
ENSDARG00000096795,5,2
ENSDARG00000096796,1,0
ENSDARG00000096797,1,0
ENSDARG00000096798,2,1
ENSDARG00000096799,0,2
ENSDARG00000096800,0,2
ENSDARG00000096802,1,1
ENSDARG00000096803,2,1
ENSDARG00000096804,3,2
ENSDARG00000096806,5,0
ENSDARG00000096807,5,0
ENSDARG00000096808,5,2
ENSDARG00000096809,2,1
ENSDARG00000096810,4,1
ENSDARG00000096811,0,0
ENSDARG00000096812,5,1
ENSDARG00000096815,5,1
ENSDARG00000096816,4,0
ENSDARG00000096817,0,2
ENSDARG00000096818,4,0
ENSDARG00000096820,5,0
ENSDARG00000096821,2,0
ENSDARG00000096822,5,0
ENSDARG00000096823,5,1
ENSDARG00000096825,2,1
ENSDARG00000096826,4,0
ENSDARG00000096829,1,0
ENSDARG00000096830,3,2
ENSDARG00000096832,5,0
ENSDARG00000096835,0,0
ENSDARG00000096836,5,2
ENSDARG00000096837,3,-1
ENSDARG00000096838,5,1
ENSDARG00000096839,0,1
ENSDARG00000096840,4,1
ENSDARG00000096842,0,1
ENSDARG00000096843,2,1
ENSDARG00000096844,0,2
ENSDARG00000096845,4,1
ENSDARG00000096846,0,1
ENSDARG00000096848,0,1
ENSDARG00000096849,3,0
ENSDARG00000096850,4,0
ENSDARG00000096851,5,-1
ENSDARG00000096853,0,0
ENSDARG00000096854,0,2
ENSDARG00000096855,5,0
ENSDARG00000096857,4,1
ENSDARG00000096858,3,2
ENSDARG00000096861,5,0
ENSDARG00000096862,4,0
ENSDARG00000096863,2,0
ENSDARG00000096864,4,1
ENSDARG00000096865,0,1
ENSDARG00000096866,0,2
ENSDARG00000096867,1,1
ENSDARG00000096869,0,2
ENSDARG00000096870,2,1
ENSDARG00000096871,5,1
ENSDARG00000096872,5,2
ENSDARG00000096874,3,2
ENSDARG00000096876,1,1
ENSDARG00000096877,5,2
ENSDARG00000096878,0,2
ENSDARG00000096879,3,0
ENSDARG00000096880,2,1
ENSDARG00000096881,0,1
ENSDARG00000096883,1,1
ENSDARG00000096884,0,2
ENSDARG00000096887,3,2
ENSDARG00000096889,3,2
ENSDARG00000096890,1,0
ENSDARG00000096891,5,2
ENSDARG00000096892,5,0
ENSDARG00000096894,1,0
ENSDARG00000096896,3,1
ENSDARG00000096897,4,1
ENSDARG00000096898,0,1
ENSDARG00000096899,4,1
ENSDARG00000096900,5,1
ENSDARG00000096901,1,1
ENSDARG00000096902,3,2
ENSDARG00000096903,1,1
ENSDARG00000096904,5,1
ENSDARG00000096905,4,1
ENSDARG00000096906,5,0
ENSDARG00000096908,2,1
ENSDARG00000096910,2,0
ENSDARG00000096911,2,1
ENSDARG00000096912,3,0
ENSDARG00000096913,3,1
ENSDARG00000096914,3,2
ENSDARG00000096915,1,1
ENSDARG00000096917,4,1
ENSDARG00000096920,3,2
ENSDARG00000096921,0,1
ENSDARG00000096922,2,1
ENSDARG00000096924,2,1
ENSDARG00000096925,0,0
ENSDARG00000096926,0,2
ENSDARG00000096928,1,0
ENSDARG00000096929,0,1
ENSDARG00000096931,1,0
ENSDARG00000096932,4,1
ENSDARG00000096933,4,0
ENSDARG00000096934,0,0
ENSDARG00000096936,5,1
ENSDARG00000096937,1,1
ENSDARG00000096939,5,2
ENSDARG00000096940,1,0
ENSDARG00000096942,3,2
ENSDARG00000096943,2,1
ENSDARG00000096946,4,1
ENSDARG00000096947,0,0
ENSDARG00000096949,2,0
ENSDARG00000096951,3,2
ENSDARG00000096955,4,1
ENSDARG00000096956,5,0
ENSDARG00000096957,0,1
ENSDARG00000096959,0,1
ENSDARG00000096961,0,2
ENSDARG00000096962,5,2
ENSDARG00000096963,0,0
ENSDARG00000096964,5,1
ENSDARG00000096965,0,0
ENSDARG00000096968,2,1
ENSDARG00000096969,4,2
ENSDARG00000096970,4,1
ENSDARG00000096971,0,1
ENSDARG00000096972,4,1
ENSDARG00000096973,2,1
ENSDARG00000096974,0,0
ENSDARG00000096977,2,1
ENSDARG00000096978,1,1
ENSDARG00000096979,3,2
ENSDARG00000096981,1,1
ENSDARG00000096982,5,1
ENSDARG00000096983,0,0
ENSDARG00000096986,4,1
ENSDARG00000096987,5,1
ENSDARG00000096988,4,1
ENSDARG00000096989,3,2
ENSDARG00000096990,5,0
ENSDARG00000096991,3,0
ENSDARG00000096992,5,0
ENSDARG00000096993,5,2
ENSDARG00000096994,0,0
ENSDARG00000096995,4,2
ENSDARG00000096996,2,0
ENSDARG00000096997,3,2
ENSDARG00000096998,0,2
ENSDARG00000096999,4,1
ENSDARG00000097003,2,1
ENSDARG00000097007,0,0
ENSDARG00000097008,2,1
ENSDARG00000097009,2,1
ENSDARG00000097011,4,1
ENSDARG00000097013,4,1
ENSDARG00000097014,3,0
ENSDARG00000097015,0,0
ENSDARG00000097016,5,0
ENSDARG00000097017,3,0
ENSDARG00000097018,4,1
ENSDARG00000097021,1,1
ENSDARG00000097022,1,1
ENSDARG00000097023,5,0
ENSDARG00000097024,4,1
ENSDARG00000097025,5,2
ENSDARG00000097026,3,0
ENSDARG00000097027,0,0
ENSDARG00000097031,2,0
ENSDARG00000097032,3,0
ENSDARG00000097033,2,1
ENSDARG00000097035,0,1
ENSDARG00000097037,1,1
ENSDARG00000097039,4,1
ENSDARG00000097040,0,1
ENSDARG00000097041,2,1
ENSDARG00000097044,4,1
ENSDARG00000097045,2,1
ENSDARG00000097046,0,0
ENSDARG00000097048,4,0
ENSDARG00000097049,2,1
ENSDARG00000097050,3,2
ENSDARG00000097052,1,0
ENSDARG00000097054,3,1
ENSDARG00000097055,4,1
ENSDARG00000097057,3,1
ENSDARG00000097058,1,0
ENSDARG00000097059,5,2
ENSDARG00000097060,4,1
ENSDARG00000097061,2,1
ENSDARG00000097063,2,1
ENSDARG00000097064,3,2
ENSDARG00000097065,0,0
ENSDARG00000097066,3,2
ENSDARG00000097067,4,-1
ENSDARG00000097071,4,0
ENSDARG00000097072,4,1
ENSDARG00000097073,5,0
ENSDARG00000097074,3,2
ENSDARG00000097077,0,0
ENSDARG00000097078,5,1
ENSDARG00000097080,2,1
ENSDARG00000097081,2,0
ENSDARG00000097082,4,1
ENSDARG00000097083,2,1
ENSDARG00000097084,1,1
ENSDARG00000097085,0,2
ENSDARG00000097086,5,2
ENSDARG00000097087,1,0
ENSDARG00000097088,5,0
ENSDARG00000097089,4,0
ENSDARG00000097091,5,0
ENSDARG00000097093,5,0
ENSDARG00000097094,5,0
ENSDARG00000097095,1,1
ENSDARG00000097096,0,1
ENSDARG00000097097,4,1
ENSDARG00000097098,5,0
ENSDARG00000097099,5,0
ENSDARG00000097101,1,0
ENSDARG00000097102,1,1
ENSDARG00000097105,2,1
ENSDARG00000097108,5,0
ENSDARG00000097110,2,1
ENSDARG00000097111,5,0
ENSDARG00000097112,5,2
ENSDARG00000097115,1,0
ENSDARG00000097118,2,1
ENSDARG00000097119,4,1
ENSDARG00000097120,0,2
ENSDARG00000097121,2,1
ENSDARG00000097122,5,0
ENSDARG00000097124,2,-1
ENSDARG00000097125,5,0
ENSDARG00000097126,1,1
ENSDARG00000097128,1,0
ENSDARG00000097130,5,1
ENSDARG00000097132,3,2
ENSDARG00000097133,0,1
ENSDARG00000097134,1,1
ENSDARG00000097135,3,2
ENSDARG00000097136,0,0
ENSDARG00000097137,3,2
ENSDARG00000097138,2,1
ENSDARG00000097141,1,1
ENSDARG00000097142,0,0
ENSDARG00000097145,4,2
ENSDARG00000097146,0,1
ENSDARG00000097150,5,0
ENSDARG00000097151,0,0
ENSDARG00000097152,1,1
ENSDARG00000097153,5,1
ENSDARG00000097155,5,1
ENSDARG00000097156,0,0
ENSDARG00000097157,2,1
ENSDARG00000097159,5,1
ENSDARG00000097160,2,1
ENSDARG00000097163,0,1
ENSDARG00000097164,0,2
ENSDARG00000097166,5,1
ENSDARG00000097167,2,0
ENSDARG00000097170,3,2
ENSDARG00000097173,3,0
ENSDARG00000097174,5,1
ENSDARG00000097176,3,1
ENSDARG00000097179,2,1
ENSDARG00000097181,2,1
ENSDARG00000097182,2,1
ENSDARG00000097183,2,0
ENSDARG00000097185,3,0
ENSDARG00000097186,5,1
ENSDARG00000097187,2,1
ENSDARG00000097188,2,1
ENSDARG00000097189,4,2
ENSDARG00000097190,0,1
ENSDARG00000097192,3,2
ENSDARG00000097193,3,2
ENSDARG00000097195,0,2
ENSDARG00000097196,3,1
ENSDARG00000097197,4,1
ENSDARG00000097200,4,1
ENSDARG00000097203,5,0
ENSDARG00000097204,1,0
ENSDARG00000097205,2,1
ENSDARG00000097206,4,1
ENSDARG00000097207,4,0
ENSDARG00000097208,2,1
ENSDARG00000097209,2,1
ENSDARG00000097212,0,0
ENSDARG00000097213,1,1
ENSDARG00000097214,5,0
ENSDARG00000097215,5,2
ENSDARG00000097216,1,1
ENSDARG00000097217,0,2
ENSDARG00000097219,0,2
ENSDARG00000097221,1,1
ENSDARG00000097222,1,1
ENSDARG00000097223,2,-1
ENSDARG00000097224,3,2
ENSDARG00000097225,3,0
ENSDARG00000097226,3,0
ENSDARG00000097227,1,1
ENSDARG00000097228,0,0
ENSDARG00000097229,1,1
ENSDARG00000097231,2,1
ENSDARG00000097235,2,0
ENSDARG00000097236,2,0
ENSDARG00000097237,2,1
ENSDARG00000097238,1,0
ENSDARG00000097239,2,1
ENSDARG00000097240,1,1
ENSDARG00000097241,1,0
ENSDARG00000097243,2,1
ENSDARG00000097245,3,2
ENSDARG00000097247,3,2
ENSDARG00000097248,1,1
ENSDARG00000097249,2,0
ENSDARG00000097250,3,2
ENSDARG00000097252,1,0
ENSDARG00000097253,1,1
ENSDARG00000097256,2,1
ENSDARG00000097259,3,0
ENSDARG00000097262,2,1
ENSDARG00000097263,0,2
ENSDARG00000097264,1,0
ENSDARG00000097267,3,0
ENSDARG00000097268,4,1
ENSDARG00000097269,1,1
ENSDARG00000097270,1,1
ENSDARG00000097271,1,-1
ENSDARG00000097273,0,2
ENSDARG00000097274,5,1
ENSDARG00000097275,4,0
ENSDARG00000097278,1,1
ENSDARG00000097279,3,2
ENSDARG00000097281,5,2
ENSDARG00000097282,5,0
ENSDARG00000097284,4,1
ENSDARG00000097285,2,1
ENSDARG00000097288,3,2
ENSDARG00000097289,3,2
ENSDARG00000097291,3,1
ENSDARG00000097292,2,1
ENSDARG00000097294,1,1
ENSDARG00000097296,3,2
ENSDARG00000097297,1,-1
ENSDARG00000097298,5,1
ENSDARG00000097299,2,1
ENSDARG00000097300,1,0
ENSDARG00000097301,3,-1
ENSDARG00000097302,0,0
ENSDARG00000097308,0,2
ENSDARG00000097312,1,1
ENSDARG00000097313,4,2
ENSDARG00000097314,2,1
ENSDARG00000097315,0,0
ENSDARG00000097316,0,1
ENSDARG00000097318,0,0
ENSDARG00000097320,1,1
ENSDARG00000097321,2,1
ENSDARG00000097322,4,1
ENSDARG00000097323,2,1
ENSDARG00000097324,5,0
ENSDARG00000097327,5,2
ENSDARG00000097330,0,0
ENSDARG00000097332,2,1
ENSDARG00000097333,1,1
ENSDARG00000097336,1,1
ENSDARG00000097338,0,1
ENSDARG00000097339,3,1
ENSDARG00000097340,2,1
ENSDARG00000097341,4,1
ENSDARG00000097342,4,1
ENSDARG00000097343,4,1
ENSDARG00000097344,0,0
ENSDARG00000097345,0,1
ENSDARG00000097346,1,0
ENSDARG00000097347,1,0
ENSDARG00000097352,4,1
ENSDARG00000097353,4,1
ENSDARG00000097357,5,2
ENSDARG00000097358,0,0
ENSDARG00000097359,2,0
ENSDARG00000097362,5,2
ENSDARG00000097367,5,0
ENSDARG00000097368,4,1
ENSDARG00000097369,3,2
ENSDARG00000097371,2,0
ENSDARG00000097372,0,0
ENSDARG00000097374,2,1
ENSDARG00000097376,5,0
ENSDARG00000097378,3,1
ENSDARG00000097380,0,1
ENSDARG00000097381,4,1
ENSDARG00000097382,4,1
ENSDARG00000097383,5,1
ENSDARG00000097384,4,0
ENSDARG00000097385,0,0
ENSDARG00000097386,5,0
ENSDARG00000097387,5,0
ENSDARG00000097388,0,0
ENSDARG00000097389,5,0
ENSDARG00000097391,4,1
ENSDARG00000097392,4,1
ENSDARG00000097393,1,1
ENSDARG00000097394,4,1
ENSDARG00000097396,3,0
ENSDARG00000097397,5,0
ENSDARG00000097398,4,0
ENSDARG00000097399,0,0
ENSDARG00000097402,2,1
ENSDARG00000097404,0,2
ENSDARG00000097405,4,1
ENSDARG00000097406,5,1
ENSDARG00000097409,0,2
ENSDARG00000097410,0,0
ENSDARG00000097411,0,1
ENSDARG00000097413,1,0
ENSDARG00000097414,5,1
ENSDARG00000097415,2,1
ENSDARG00000097417,5,0
ENSDARG00000097418,3,0
ENSDARG00000097419,4,1
ENSDARG00000097420,3,0
ENSDARG00000097421,4,1
ENSDARG00000097422,5,1
ENSDARG00000097425,3,0
ENSDARG00000097427,0,0
ENSDARG00000097428,1,1
ENSDARG00000097429,5,0
ENSDARG00000097431,4,1
ENSDARG00000097433,4,1
ENSDARG00000097434,4,1
ENSDARG00000097437,5,2
ENSDARG00000097438,1,0
ENSDARG00000097439,3,2
ENSDARG00000097441,5,2
ENSDARG00000097442,5,2
ENSDARG00000097445,4,0
ENSDARG00000097446,3,0
ENSDARG00000097450,0,1
ENSDARG00000097451,2,0
ENSDARG00000097453,4,1
ENSDARG00000097454,2,0
ENSDARG00000097455,0,0
ENSDARG00000097456,3,0
ENSDARG00000097460,1,0
ENSDARG00000097461,4,2
ENSDARG00000097463,1,0
ENSDARG00000097465,1,0
ENSDARG00000097466,2,0
ENSDARG00000097467,4,1
ENSDARG00000097468,5,1
ENSDARG00000097469,2,1
ENSDARG00000097470,4,1
ENSDARG00000097471,3,2
ENSDARG00000097473,1,0
ENSDARG00000097476,5,1
ENSDARG00000097477,3,2
ENSDARG00000097478,5,0
ENSDARG00000097480,4,1
ENSDARG00000097483,3,2
ENSDARG00000097485,4,0
ENSDARG00000097487,5,2
ENSDARG00000097489,2,1
ENSDARG00000097490,1,0
ENSDARG00000097491,4,1
ENSDARG00000097492,2,0
ENSDARG00000097493,1,1
ENSDARG00000097494,4,1
ENSDARG00000097496,1,-1
ENSDARG00000097497,1,0
ENSDARG00000097500,2,1
ENSDARG00000097501,5,2
ENSDARG00000097502,0,2
ENSDARG00000097503,2,1
ENSDARG00000097504,4,0
ENSDARG00000097505,1,1
ENSDARG00000097506,0,0
ENSDARG00000097507,4,1
ENSDARG00000097508,2,1
ENSDARG00000097510,2,0
ENSDARG00000097511,0,0
ENSDARG00000097512,4,0
ENSDARG00000097513,3,2
ENSDARG00000097514,0,2
ENSDARG00000097515,2,0
ENSDARG00000097517,4,1
ENSDARG00000097518,4,1
ENSDARG00000097519,1,1
ENSDARG00000097521,1,1
ENSDARG00000097523,4,0
ENSDARG00000097524,4,1
ENSDARG00000097525,0,1
ENSDARG00000097526,4,1
ENSDARG00000097527,2,0
ENSDARG00000097528,2,0
ENSDARG00000097529,1,1
ENSDARG00000097531,4,1
ENSDARG00000097532,3,2
ENSDARG00000097533,2,1
ENSDARG00000097535,3,2
ENSDARG00000097537,4,1
ENSDARG00000097538,0,0
ENSDARG00000097539,2,1
ENSDARG00000097540,3,2
ENSDARG00000097541,0,0
ENSDARG00000097542,2,1
ENSDARG00000097547,1,1
ENSDARG00000097549,3,2
ENSDARG00000097551,5,0
ENSDARG00000097552,0,0
ENSDARG00000097553,2,1
ENSDARG00000097556,2,0
ENSDARG00000097557,5,0
ENSDARG00000097559,2,0
ENSDARG00000097560,2,1
ENSDARG00000097561,5,1
ENSDARG00000097562,0,0
ENSDARG00000097563,2,1
ENSDARG00000097564,4,1
ENSDARG00000097565,5,1
ENSDARG00000097566,2,-1
ENSDARG00000097567,3,2
ENSDARG00000097571,2,1
ENSDARG00000097572,2,0
ENSDARG00000097574,3,1
ENSDARG00000097575,0,0
ENSDARG00000097576,2,1
ENSDARG00000097577,0,1
ENSDARG00000097579,2,1
ENSDARG00000097580,0,0
ENSDARG00000097581,0,1
ENSDARG00000097583,0,1
ENSDARG00000097584,0,1
ENSDARG00000097585,4,0
ENSDARG00000097586,1,1
ENSDARG00000097591,0,0
ENSDARG00000097592,0,0
ENSDARG00000097593,5,0
ENSDARG00000097594,3,0
ENSDARG00000097596,0,1
ENSDARG00000097598,0,1
ENSDARG00000097599,3,1
ENSDARG00000097600,2,1
ENSDARG00000097601,5,2
ENSDARG00000097602,4,1
ENSDARG00000097603,2,-1
ENSDARG00000097604,1,1
ENSDARG00000097605,4,1
ENSDARG00000097606,3,2
ENSDARG00000097607,3,2
ENSDARG00000097608,3,2
ENSDARG00000097610,2,1
ENSDARG00000097611,5,0
ENSDARG00000097612,5,1
ENSDARG00000097613,2,1
ENSDARG00000097615,4,1
ENSDARG00000097616,2,1
ENSDARG00000097617,3,2
ENSDARG00000097618,5,1
ENSDARG00000097619,0,1
ENSDARG00000097621,0,0
ENSDARG00000097622,1,1
ENSDARG00000097623,2,-1
ENSDARG00000097626,0,2
ENSDARG00000097627,5,0
ENSDARG00000097629,1,1
ENSDARG00000097630,5,0
ENSDARG00000097631,5,1
ENSDARG00000097634,3,1
ENSDARG00000097635,4,1
ENSDARG00000097637,4,0
ENSDARG00000097638,1,1
ENSDARG00000097639,2,1
ENSDARG00000097640,0,2
ENSDARG00000097641,2,1
ENSDARG00000097643,3,2
ENSDARG00000097644,0,1
ENSDARG00000097645,0,0
ENSDARG00000097646,4,0
ENSDARG00000097648,3,2
ENSDARG00000097649,0,2
ENSDARG00000097650,0,2
ENSDARG00000097652,2,1
ENSDARG00000097653,5,0
ENSDARG00000097654,1,1
ENSDARG00000097656,0,0
ENSDARG00000097657,5,-1
ENSDARG00000097658,0,1
ENSDARG00000097659,5,1
ENSDARG00000097660,3,1
ENSDARG00000097661,5,0
ENSDARG00000097662,1,0
ENSDARG00000097665,1,0
ENSDARG00000097666,2,1
ENSDARG00000097667,1,0
ENSDARG00000097668,5,1
ENSDARG00000097670,3,2
ENSDARG00000097671,4,1
ENSDARG00000097674,0,1
ENSDARG00000097677,0,0
ENSDARG00000097678,0,1
ENSDARG00000097680,2,0
ENSDARG00000097681,0,1
ENSDARG00000097682,5,0
ENSDARG00000097683,2,1
ENSDARG00000097685,1,1
ENSDARG00000097687,2,0
ENSDARG00000097688,0,1
ENSDARG00000097689,2,-1
ENSDARG00000097690,1,0
ENSDARG00000097691,1,0
ENSDARG00000097692,0,2
ENSDARG00000097693,2,1
ENSDARG00000097694,1,1
ENSDARG00000097698,3,2
ENSDARG00000097700,2,1
ENSDARG00000097701,0,2
ENSDARG00000097704,5,2
ENSDARG00000097706,3,2
ENSDARG00000097707,0,2
ENSDARG00000097709,0,1
ENSDARG00000097710,0,1
ENSDARG00000097712,5,2
ENSDARG00000097713,1,0
ENSDARG00000097714,3,1
ENSDARG00000097715,0,0
ENSDARG00000097718,0,1
ENSDARG00000097719,0,2
ENSDARG00000097720,2,1
ENSDARG00000097721,4,1
ENSDARG00000097723,0,1
ENSDARG00000097724,4,0
ENSDARG00000097725,2,1
ENSDARG00000097726,4,2
ENSDARG00000097728,4,1
ENSDARG00000097729,1,1
ENSDARG00000097731,3,2
ENSDARG00000097733,5,1
ENSDARG00000097734,4,-1
ENSDARG00000097736,0,2
ENSDARG00000097738,3,2
ENSDARG00000097739,5,1
ENSDARG00000097740,1,1
ENSDARG00000097742,5,2
ENSDARG00000097743,5,0
ENSDARG00000097744,2,0
ENSDARG00000097745,0,2
ENSDARG00000097746,3,2
ENSDARG00000097747,0,2
ENSDARG00000097748,0,0
ENSDARG00000097749,4,1
ENSDARG00000097750,4,1
ENSDARG00000097752,4,1
ENSDARG00000097753,4,1
ENSDARG00000097754,0,0
ENSDARG00000097755,5,1
ENSDARG00000097758,1,1
ENSDARG00000097759,5,0
ENSDARG00000097761,4,1
ENSDARG00000097762,2,1
ENSDARG00000097763,3,2
ENSDARG00000097764,0,2
ENSDARG00000097765,0,0
ENSDARG00000097766,4,0
ENSDARG00000097767,2,1
ENSDARG00000097769,2,1
ENSDARG00000097770,4,1
ENSDARG00000097771,5,0
ENSDARG00000097772,0,0
ENSDARG00000097773,3,2
ENSDARG00000097775,5,0
ENSDARG00000097776,5,0
ENSDARG00000097777,1,1
ENSDARG00000097778,5,1
ENSDARG00000097780,4,1
ENSDARG00000097781,5,0
ENSDARG00000097782,2,0
ENSDARG00000097784,4,0
ENSDARG00000097786,1,1
ENSDARG00000097789,4,2
ENSDARG00000097790,3,2
ENSDARG00000097791,2,1
ENSDARG00000097793,5,2
ENSDARG00000097794,0,1
ENSDARG00000097796,0,0
ENSDARG00000097797,4,0
ENSDARG00000097798,1,1
ENSDARG00000097799,5,0
ENSDARG00000097800,3,2
ENSDARG00000097801,0,1
ENSDARG00000097803,2,0
ENSDARG00000097804,2,0
ENSDARG00000097806,0,1
ENSDARG00000097807,1,1
ENSDARG00000097809,2,0
ENSDARG00000097810,0,2
ENSDARG00000097811,3,2
ENSDARG00000097812,1,1
ENSDARG00000097813,0,0
ENSDARG00000097815,4,1
ENSDARG00000097816,4,0
ENSDARG00000097817,0,0
ENSDARG00000097819,1,0
ENSDARG00000097821,5,2
ENSDARG00000097822,1,0
ENSDARG00000097824,4,0
ENSDARG00000097825,1,1
ENSDARG00000097826,3,2
ENSDARG00000097827,3,2
ENSDARG00000097831,3,2
ENSDARG00000097832,4,1
ENSDARG00000097833,5,0
ENSDARG00000097835,0,1
ENSDARG00000097837,2,1
ENSDARG00000097839,5,0
ENSDARG00000097840,2,1
ENSDARG00000097841,5,1
ENSDARG00000097842,2,0
ENSDARG00000097843,3,1
ENSDARG00000097845,4,0
ENSDARG00000097847,2,1
ENSDARG00000097849,5,0
ENSDARG00000097851,2,1
ENSDARG00000097853,5,0
ENSDARG00000097855,2,0
ENSDARG00000097857,0,1
ENSDARG00000097858,5,1
ENSDARG00000097859,0,0
ENSDARG00000097860,0,0
ENSDARG00000097861,5,2
ENSDARG00000097863,1,1
ENSDARG00000097864,1,1
ENSDARG00000097867,5,1
ENSDARG00000097869,2,0
ENSDARG00000097870,2,1
ENSDARG00000097871,4,0
ENSDARG00000097872,4,0
ENSDARG00000097873,5,0
ENSDARG00000097874,0,2
ENSDARG00000097875,2,0
ENSDARG00000097876,2,1
ENSDARG00000097877,0,2
ENSDARG00000097878,0,0
ENSDARG00000097879,3,1
ENSDARG00000097882,0,0
ENSDARG00000097883,4,1
ENSDARG00000097884,5,0
ENSDARG00000097886,4,0
ENSDARG00000097888,2,-1
ENSDARG00000097889,0,1
ENSDARG00000097890,3,1
ENSDARG00000097891,0,0
ENSDARG00000097892,4,1
ENSDARG00000097895,5,1
ENSDARG00000097896,4,1
ENSDARG00000097897,3,0
ENSDARG00000097900,5,1
ENSDARG00000097902,5,1
ENSDARG00000097904,3,2
ENSDARG00000097907,2,0
ENSDARG00000097908,0,0
ENSDARG00000097909,2,1
ENSDARG00000097910,2,0
ENSDARG00000097911,4,2
ENSDARG00000097913,2,-1
ENSDARG00000097916,1,1
ENSDARG00000097917,2,-1
ENSDARG00000097920,5,0
ENSDARG00000097921,0,1
ENSDARG00000097923,0,1
ENSDARG00000097928,2,0
ENSDARG00000097929,4,1
ENSDARG00000097931,5,0
ENSDARG00000097932,4,1
ENSDARG00000097933,1,0
ENSDARG00000097935,5,1
ENSDARG00000097936,0,2
ENSDARG00000097938,2,0
ENSDARG00000097940,1,1
ENSDARG00000097941,0,0
ENSDARG00000097943,2,1
ENSDARG00000097944,4,1
ENSDARG00000097946,3,2
ENSDARG00000097947,5,0
ENSDARG00000097948,0,1
ENSDARG00000097950,0,0
ENSDARG00000097951,3,2
ENSDARG00000097952,3,0
ENSDARG00000097953,3,2
ENSDARG00000097955,2,1
ENSDARG00000097956,5,0
ENSDARG00000097957,5,0
ENSDARG00000097959,4,1
ENSDARG00000097960,0,1
ENSDARG00000097962,2,1
ENSDARG00000097963,4,0
ENSDARG00000097964,3,2
ENSDARG00000097966,4,1
ENSDARG00000097967,0,1
ENSDARG00000097968,4,0
ENSDARG00000097969,0,0
ENSDARG00000097970,2,0
ENSDARG00000097971,5,0
ENSDARG00000097972,1,1
ENSDARG00000097973,0,1
ENSDARG00000097974,2,0
ENSDARG00000097977,1,0
ENSDARG00000097978,5,1
ENSDARG00000097979,4,1
ENSDARG00000097982,0,0
ENSDARG00000097983,5,1
ENSDARG00000097984,4,0
ENSDARG00000097985,2,1
ENSDARG00000097988,5,0
ENSDARG00000097990,1,1
ENSDARG00000097992,4,1
ENSDARG00000097993,2,0
ENSDARG00000097994,3,2
ENSDARG00000097995,0,0
ENSDARG00000097996,0,2
ENSDARG00000097997,2,1
ENSDARG00000097999,4,1
ENSDARG00000098000,5,1
ENSDARG00000098004,5,0
ENSDARG00000098005,0,0
ENSDARG00000098006,0,0
ENSDARG00000098008,2,-1
ENSDARG00000098011,3,2
ENSDARG00000098012,2,1
ENSDARG00000098013,4,1
ENSDARG00000098014,5,2
ENSDARG00000098015,0,0
ENSDARG00000098016,1,1
ENSDARG00000098017,2,0
ENSDARG00000098020,3,2
ENSDARG00000098021,5,2
ENSDARG00000098022,5,1
ENSDARG00000098023,5,1
ENSDARG00000098024,3,2
ENSDARG00000098025,1,1
ENSDARG00000098026,0,0
ENSDARG00000098027,1,0
ENSDARG00000098028,5,1
ENSDARG00000098029,5,1
ENSDARG00000098032,1,1
ENSDARG00000098034,4,1
ENSDARG00000098037,4,1
ENSDARG00000098038,4,0
ENSDARG00000098039,0,0
ENSDARG00000098041,0,0
ENSDARG00000098042,5,2
ENSDARG00000098044,2,1
ENSDARG00000098045,4,1
ENSDARG00000098046,4,0
ENSDARG00000098047,3,2
ENSDARG00000098048,1,1
ENSDARG00000098049,5,2
ENSDARG00000098050,1,1
ENSDARG00000098051,2,1
ENSDARG00000098052,1,0
ENSDARG00000098057,3,2
ENSDARG00000098059,4,0
ENSDARG00000098064,1,1
ENSDARG00000098067,2,1
ENSDARG00000098068,4,0
ENSDARG00000098070,2,0
ENSDARG00000098071,1,1
ENSDARG00000098074,0,1
ENSDARG00000098075,2,0
ENSDARG00000098076,0,2
ENSDARG00000098077,2,1
ENSDARG00000098079,4,1
ENSDARG00000098080,5,0
ENSDARG00000098081,2,1
ENSDARG00000098082,4,1
ENSDARG00000098086,2,-1
ENSDARG00000098087,1,1
ENSDARG00000098089,1,-1
ENSDARG00000098090,3,0
ENSDARG00000098091,0,2
ENSDARG00000098094,5,2
ENSDARG00000098095,4,1
ENSDARG00000098096,4,1
ENSDARG00000098097,4,1
ENSDARG00000098099,2,1
ENSDARG00000098100,1,1
ENSDARG00000098103,0,0
ENSDARG00000098106,3,-1
ENSDARG00000098108,2,1
ENSDARG00000098110,3,2
ENSDARG00000098113,2,0
ENSDARG00000098114,5,1
ENSDARG00000098115,2,1
ENSDARG00000098118,0,0
ENSDARG00000098119,1,0
ENSDARG00000098121,2,0
ENSDARG00000098122,5,2
ENSDARG00000098123,0,1
ENSDARG00000098127,2,1
ENSDARG00000098129,3,2
ENSDARG00000098130,1,0
ENSDARG00000098133,5,0
ENSDARG00000098135,5,0
ENSDARG00000098140,3,0
ENSDARG00000098141,0,1
ENSDARG00000098142,5,2
ENSDARG00000098144,5,0
ENSDARG00000098145,2,1
ENSDARG00000098149,4,1
ENSDARG00000098151,1,1
ENSDARG00000098152,1,1
ENSDARG00000098155,5,1
ENSDARG00000098157,2,1
ENSDARG00000098158,3,2
ENSDARG00000098161,3,0
ENSDARG00000098162,2,1
ENSDARG00000098164,2,1
ENSDARG00000098167,2,1
ENSDARG00000098171,4,0
ENSDARG00000098173,1,1
ENSDARG00000098174,3,2
ENSDARG00000098175,0,0
ENSDARG00000098176,5,0
ENSDARG00000098177,2,1
ENSDARG00000098178,2,-1
ENSDARG00000098179,2,1
ENSDARG00000098181,4,0
ENSDARG00000098183,4,1
ENSDARG00000098184,0,0
ENSDARG00000098186,2,0
ENSDARG00000098191,4,1
ENSDARG00000098193,1,1
ENSDARG00000098197,2,0
ENSDARG00000098199,1,1
ENSDARG00000098202,5,1
ENSDARG00000098203,2,1
ENSDARG00000098206,1,0
ENSDARG00000098208,0,1
ENSDARG00000098209,0,0
ENSDARG00000098211,5,1
ENSDARG00000098212,2,1
ENSDARG00000098214,2,0
ENSDARG00000098215,0,1
ENSDARG00000098216,2,1
ENSDARG00000098218,2,1
ENSDARG00000098220,2,1
ENSDARG00000098221,4,1
ENSDARG00000098224,4,0
ENSDARG00000098225,1,1
ENSDARG00000098226,3,2
ENSDARG00000098228,5,0
ENSDARG00000098233,4,1
ENSDARG00000098235,1,1
ENSDARG00000098236,1,1
ENSDARG00000098237,4,0
ENSDARG00000098238,0,2
ENSDARG00000098239,3,0
ENSDARG00000098240,4,1
ENSDARG00000098241,1,0
ENSDARG00000098243,2,1
ENSDARG00000098244,1,1
ENSDARG00000098245,2,1
ENSDARG00000098246,2,-1
ENSDARG00000098247,0,0
ENSDARG00000098248,1,1
ENSDARG00000098249,2,1
ENSDARG00000098252,0,2
ENSDARG00000098256,2,1
ENSDARG00000098257,0,2
ENSDARG00000098258,3,2
ENSDARG00000098259,1,0
ENSDARG00000098260,3,-1
ENSDARG00000098263,2,1
ENSDARG00000098269,2,0
ENSDARG00000098270,1,1
ENSDARG00000098273,0,0
ENSDARG00000098279,2,1
ENSDARG00000098281,1,1
ENSDARG00000098284,0,2
ENSDARG00000098286,0,1
ENSDARG00000098288,0,1
ENSDARG00000098289,0,1
ENSDARG00000098290,2,0
ENSDARG00000098291,3,1
ENSDARG00000098294,4,2
ENSDARG00000098295,4,0
ENSDARG00000098296,5,1
ENSDARG00000098300,0,0
ENSDARG00000098301,3,2
ENSDARG00000098304,0,2
ENSDARG00000098305,2,1
ENSDARG00000098308,3,1
ENSDARG00000098312,4,1
ENSDARG00000098313,1,1
ENSDARG00000098315,3,2
ENSDARG00000098316,5,0
ENSDARG00000098317,3,0
ENSDARG00000098318,4,0
ENSDARG00000098320,2,0
ENSDARG00000098324,5,0
ENSDARG00000098326,0,2
ENSDARG00000098328,2,1
ENSDARG00000098330,3,2
ENSDARG00000098332,4,1
ENSDARG00000098333,5,0
ENSDARG00000098334,1,1
ENSDARG00000098335,1,1
ENSDARG00000098337,2,1
ENSDARG00000098338,5,2
ENSDARG00000098339,2,-1
ENSDARG00000098340,1,-1
ENSDARG00000098342,2,0
ENSDARG00000098344,0,0
ENSDARG00000098345,2,1
ENSDARG00000098348,0,1
ENSDARG00000098351,2,1
ENSDARG00000098353,0,2
ENSDARG00000098355,4,0
ENSDARG00000098357,3,2
ENSDARG00000098359,5,1
ENSDARG00000098360,2,1
ENSDARG00000098362,5,2
ENSDARG00000098363,4,0
ENSDARG00000098365,4,1
ENSDARG00000098367,5,2
ENSDARG00000098368,3,2
ENSDARG00000098373,1,1
ENSDARG00000098374,0,0
ENSDARG00000098375,1,1
ENSDARG00000098376,2,1
ENSDARG00000098378,5,2
ENSDARG00000098379,3,2
ENSDARG00000098383,2,1
ENSDARG00000098386,0,0
ENSDARG00000098387,4,1
ENSDARG00000098392,2,1
ENSDARG00000098394,1,1
ENSDARG00000098395,3,2
ENSDARG00000098397,4,1
ENSDARG00000098398,0,1
ENSDARG00000098402,2,1
ENSDARG00000098403,4,1
ENSDARG00000098405,0,0
ENSDARG00000098407,5,1
ENSDARG00000098409,2,1
ENSDARG00000098410,2,1
ENSDARG00000098414,5,1
ENSDARG00000098415,4,0
ENSDARG00000098419,2,1
ENSDARG00000098420,3,0
ENSDARG00000098424,5,0
ENSDARG00000098426,1,1
ENSDARG00000098428,2,0
ENSDARG00000098429,1,1
ENSDARG00000098430,1,1
ENSDARG00000098431,4,1
ENSDARG00000098432,5,2
ENSDARG00000098433,5,2
ENSDARG00000098435,3,0
ENSDARG00000098436,1,1
ENSDARG00000098437,1,1
ENSDARG00000098438,0,1
ENSDARG00000098439,2,0
ENSDARG00000098440,5,0
ENSDARG00000098441,0,2
ENSDARG00000098443,0,0
ENSDARG00000098444,2,1
ENSDARG00000098451,3,0
ENSDARG00000098453,5,2
ENSDARG00000098454,1,1
ENSDARG00000098461,2,1
ENSDARG00000098462,1,0
ENSDARG00000098463,2,1
ENSDARG00000098465,3,1
ENSDARG00000098473,1,-1
ENSDARG00000098475,2,1
ENSDARG00000098478,4,1
ENSDARG00000098481,4,0
ENSDARG00000098482,0,0
ENSDARG00000098483,1,1
ENSDARG00000098485,3,2
ENSDARG00000098486,0,0
ENSDARG00000098490,3,2
ENSDARG00000098497,3,0
ENSDARG00000098506,3,2
ENSDARG00000098507,5,0
ENSDARG00000098508,3,0
ENSDARG00000098509,3,2
ENSDARG00000098510,5,0
ENSDARG00000098511,3,2
ENSDARG00000098512,3,0
ENSDARG00000098513,2,1
ENSDARG00000098514,3,2
ENSDARG00000098515,2,1
ENSDARG00000098519,1,1
ENSDARG00000098520,1,-1
ENSDARG00000098522,2,1
ENSDARG00000098523,0,2
ENSDARG00000098525,0,0
ENSDARG00000098526,3,2
ENSDARG00000098528,2,1
ENSDARG00000098530,1,1
ENSDARG00000098534,5,0
ENSDARG00000098535,4,1
ENSDARG00000098536,1,1
ENSDARG00000098537,0,0
ENSDARG00000098538,2,0
ENSDARG00000098541,4,1
ENSDARG00000098544,1,1
ENSDARG00000098546,2,1
ENSDARG00000098551,3,0
ENSDARG00000098557,3,2
ENSDARG00000098558,1,1
ENSDARG00000098561,1,1
ENSDARG00000098564,2,0
ENSDARG00000098566,3,2
ENSDARG00000098567,3,0
ENSDARG00000098569,1,1
ENSDARG00000098570,3,2
ENSDARG00000098571,5,2
ENSDARG00000098573,3,1
ENSDARG00000098574,5,0
ENSDARG00000098578,4,2
ENSDARG00000098583,0,0
ENSDARG00000098584,4,1
ENSDARG00000098585,3,2
ENSDARG00000098586,4,0
ENSDARG00000098587,5,0
ENSDARG00000098588,2,0
ENSDARG00000098590,5,2
ENSDARG00000098591,4,1
ENSDARG00000098592,0,1
ENSDARG00000098595,5,2
ENSDARG00000098597,3,2
ENSDARG00000098599,0,2
ENSDARG00000098600,5,2
ENSDARG00000098601,2,0
ENSDARG00000098602,4,2
ENSDARG00000098603,5,0
ENSDARG00000098604,5,0
ENSDARG00000098605,5,1
ENSDARG00000098608,4,1
ENSDARG00000098609,0,1
ENSDARG00000098610,2,1
ENSDARG00000098611,2,-1
ENSDARG00000098612,2,1
ENSDARG00000098613,1,1
ENSDARG00000098615,1,1
ENSDARG00000098618,2,0
ENSDARG00000098620,4,0
ENSDARG00000098621,4,1
ENSDARG00000098622,0,1
ENSDARG00000098623,0,0
ENSDARG00000098625,3,0
ENSDARG00000098626,1,1
ENSDARG00000098627,5,0
ENSDARG00000098628,1,1
ENSDARG00000098629,2,-1
ENSDARG00000098630,3,2
ENSDARG00000098631,3,2
ENSDARG00000098634,0,1
ENSDARG00000098635,4,1
ENSDARG00000098636,3,2
ENSDARG00000098640,1,1
ENSDARG00000098641,5,2
ENSDARG00000098644,3,2
ENSDARG00000098645,4,0
ENSDARG00000098646,4,1
ENSDARG00000098647,0,1
ENSDARG00000098651,2,1
ENSDARG00000098652,3,0
ENSDARG00000098653,3,2
ENSDARG00000098654,0,1
ENSDARG00000098655,0,2
ENSDARG00000098657,4,1
ENSDARG00000098660,1,1
ENSDARG00000098662,3,2
ENSDARG00000098663,2,1
ENSDARG00000098664,1,0
ENSDARG00000098665,0,1
ENSDARG00000098666,0,0
ENSDARG00000098668,2,1
ENSDARG00000098669,5,1
ENSDARG00000098673,2,1
ENSDARG00000098674,0,0
ENSDARG00000098676,5,1
ENSDARG00000098677,2,1
ENSDARG00000098679,1,1
ENSDARG00000098680,2,0
ENSDARG00000098682,1,0
ENSDARG00000098683,5,-1
ENSDARG00000098684,5,0
ENSDARG00000098686,3,2
ENSDARG00000098687,0,2
ENSDARG00000098688,4,1
ENSDARG00000098689,0,2
ENSDARG00000098691,1,0
ENSDARG00000098694,3,2
ENSDARG00000098696,5,2
ENSDARG00000098699,4,1
ENSDARG00000098700,0,0
ENSDARG00000098702,3,0
ENSDARG00000098706,3,2
ENSDARG00000098710,4,1
ENSDARG00000098711,3,2
ENSDARG00000098712,4,1
ENSDARG00000098716,2,1
ENSDARG00000098717,1,1
ENSDARG00000098719,5,1
ENSDARG00000098720,4,1
ENSDARG00000098723,2,-1
ENSDARG00000098724,3,2
ENSDARG00000098727,4,1
ENSDARG00000098729,0,0
ENSDARG00000098730,4,1
ENSDARG00000098732,2,1
ENSDARG00000098733,3,0
ENSDARG00000098734,0,2
ENSDARG00000098738,2,1
ENSDARG00000098739,0,0
ENSDARG00000098742,2,1
ENSDARG00000098744,5,1
ENSDARG00000098746,3,2
ENSDARG00000098747,4,0
ENSDARG00000098749,4,2
ENSDARG00000098751,2,0
ENSDARG00000098753,0,1
ENSDARG00000098754,2,1
ENSDARG00000098758,5,2
ENSDARG00000098761,4,0
ENSDARG00000098764,4,0
ENSDARG00000098765,5,1
ENSDARG00000098766,0,2
ENSDARG00000098767,1,1
ENSDARG00000098768,0,1
ENSDARG00000098769,3,2
ENSDARG00000098771,0,2
ENSDARG00000098772,2,1
ENSDARG00000098774,4,1
ENSDARG00000098777,4,1
ENSDARG00000098779,3,2
ENSDARG00000098780,0,0
ENSDARG00000098782,5,2
ENSDARG00000098783,1,1
ENSDARG00000098785,1,1
ENSDARG00000098787,4,1
ENSDARG00000098788,4,1
ENSDARG00000098790,2,1
ENSDARG00000098791,2,1
ENSDARG00000098792,0,1
ENSDARG00000098793,3,-1
ENSDARG00000098798,4,0
ENSDARG00000098799,2,0
ENSDARG00000098800,1,1
ENSDARG00000098801,5,2
ENSDARG00000098802,1,0
ENSDARG00000098803,4,1
ENSDARG00000098805,2,1
ENSDARG00000098809,3,2
ENSDARG00000098810,2,1
ENSDARG00000098812,0,1
ENSDARG00000098813,2,0
ENSDARG00000098815,3,1
ENSDARG00000098816,2,0
ENSDARG00000098817,3,2
ENSDARG00000098818,5,2
ENSDARG00000098820,0,2
ENSDARG00000098821,0,1
ENSDARG00000098822,1,1
ENSDARG00000098823,3,2
ENSDARG00000098824,0,2
ENSDARG00000098826,3,2
ENSDARG00000098831,2,0
ENSDARG00000098832,4,0
ENSDARG00000098834,3,0
ENSDARG00000098835,5,0
ENSDARG00000098837,1,1
ENSDARG00000098838,0,2
ENSDARG00000098841,2,0
ENSDARG00000098842,0,2
ENSDARG00000098845,5,2
ENSDARG00000098849,3,2
ENSDARG00000098851,1,1
ENSDARG00000098852,4,1
ENSDARG00000098853,5,2
ENSDARG00000098855,0,2
ENSDARG00000098856,2,0
ENSDARG00000098857,0,0
ENSDARG00000098859,5,0
ENSDARG00000098860,0,2
ENSDARG00000098861,0,0
ENSDARG00000098862,0,1
ENSDARG00000098865,5,2
ENSDARG00000098867,5,0
ENSDARG00000098868,1,1
ENSDARG00000098871,2,0
ENSDARG00000098874,0,0
ENSDARG00000098878,5,0
ENSDARG00000098879,2,1
ENSDARG00000098880,2,1
ENSDARG00000098883,3,2
ENSDARG00000098884,1,1
ENSDARG00000098888,4,1
ENSDARG00000098889,3,2
ENSDARG00000098890,4,1
ENSDARG00000098892,1,1
ENSDARG00000098894,5,0
ENSDARG00000098896,3,2
ENSDARG00000098897,1,0
ENSDARG00000098898,0,2
ENSDARG00000098899,3,0
ENSDARG00000098901,1,1
ENSDARG00000098902,0,0
ENSDARG00000098903,0,2
ENSDARG00000098904,0,2
ENSDARG00000098906,0,2
ENSDARG00000098907,0,2
ENSDARG00000098908,4,0
ENSDARG00000098909,0,0
ENSDARG00000098911,0,1
ENSDARG00000098912,3,2
ENSDARG00000098913,0,1
ENSDARG00000098915,0,2
ENSDARG00000098916,1,0
ENSDARG00000098918,0,2
ENSDARG00000098923,5,2
ENSDARG00000098925,3,2
ENSDARG00000098932,0,0
ENSDARG00000098934,1,1
ENSDARG00000098935,1,1
ENSDARG00000098936,3,2
ENSDARG00000098937,3,0
ENSDARG00000098940,0,2
ENSDARG00000098941,3,2
ENSDARG00000098942,1,1
ENSDARG00000098944,4,0
ENSDARG00000098945,4,0
ENSDARG00000098946,5,2
ENSDARG00000098949,0,2
ENSDARG00000098950,2,0
ENSDARG00000098951,0,1
ENSDARG00000098952,4,0
ENSDARG00000098954,2,1
ENSDARG00000098955,2,0
ENSDARG00000098958,5,0
ENSDARG00000098959,0,0
ENSDARG00000098963,3,2
ENSDARG00000098965,2,1
ENSDARG00000098966,2,0
ENSDARG00000098967,2,0
ENSDARG00000098968,0,0
ENSDARG00000098970,5,0
ENSDARG00000098971,3,2
ENSDARG00000098972,1,1
ENSDARG00000098977,3,2
ENSDARG00000098979,1,1
ENSDARG00000098980,4,1
ENSDARG00000098983,2,1
ENSDARG00000098984,5,2
ENSDARG00000098985,1,1
ENSDARG00000098986,1,1
ENSDARG00000098987,5,0
ENSDARG00000098988,2,0
ENSDARG00000098989,3,2
ENSDARG00000098990,0,1
ENSDARG00000098991,5,0
ENSDARG00000098992,1,1
ENSDARG00000098994,4,1
ENSDARG00000099000,2,-1
ENSDARG00000099001,0,2
ENSDARG00000099002,3,0
ENSDARG00000099003,4,0
ENSDARG00000099004,2,0
ENSDARG00000099005,4,1
ENSDARG00000099008,2,0
ENSDARG00000099014,4,0
ENSDARG00000099019,3,2
ENSDARG00000099020,2,-1
ENSDARG00000099021,1,0
ENSDARG00000099022,4,1
ENSDARG00000099024,4,0
ENSDARG00000099025,5,2
ENSDARG00000099026,3,2
ENSDARG00000099031,2,1
ENSDARG00000099032,2,0
ENSDARG00000099034,0,2
ENSDARG00000099035,3,2
ENSDARG00000099036,3,2
ENSDARG00000099038,2,0
ENSDARG00000099039,5,2
ENSDARG00000099042,4,0
ENSDARG00000099044,5,1
ENSDARG00000099045,3,2
ENSDARG00000099047,2,1
ENSDARG00000099049,0,1
ENSDARG00000099052,2,-1
ENSDARG00000099054,4,0
ENSDARG00000099055,5,0
ENSDARG00000099056,0,1
ENSDARG00000099057,2,1
ENSDARG00000099058,2,1
ENSDARG00000099060,5,2
ENSDARG00000099065,5,0
ENSDARG00000099068,2,1
ENSDARG00000099069,3,2
ENSDARG00000099070,1,0
ENSDARG00000099075,1,1
ENSDARG00000099076,5,1
ENSDARG00000099077,0,2
ENSDARG00000099078,1,1
ENSDARG00000099079,3,0
ENSDARG00000099080,5,0
ENSDARG00000099081,1,1
ENSDARG00000099084,1,1
ENSDARG00000099085,1,1
ENSDARG00000099086,0,2
ENSDARG00000099088,3,2
ENSDARG00000099090,1,1
ENSDARG00000099092,2,0
ENSDARG00000099093,0,1
ENSDARG00000099094,4,1
ENSDARG00000099096,3,2
ENSDARG00000099098,0,0
ENSDARG00000099101,3,2
ENSDARG00000099103,4,1
ENSDARG00000099104,4,0
ENSDARG00000099106,0,0
ENSDARG00000099107,2,-1
ENSDARG00000099108,2,0
ENSDARG00000099109,4,0
ENSDARG00000099111,2,1
ENSDARG00000099113,0,1
ENSDARG00000099114,5,0
ENSDARG00000099115,4,1
ENSDARG00000099116,0,0
ENSDARG00000099117,4,1
ENSDARG00000099118,3,0
ENSDARG00000099120,4,0
ENSDARG00000099121,5,0
ENSDARG00000099122,1,1
ENSDARG00000099123,5,0
ENSDARG00000099124,3,2
ENSDARG00000099126,1,0
ENSDARG00000099129,2,0
ENSDARG00000099133,0,2
ENSDARG00000099134,3,0
ENSDARG00000099137,3,2
ENSDARG00000099138,0,0
ENSDARG00000099140,1,1
ENSDARG00000099142,4,2
ENSDARG00000099143,1,1
ENSDARG00000099144,3,0
ENSDARG00000099145,4,1
ENSDARG00000099148,5,2
ENSDARG00000099149,2,0
ENSDARG00000099151,1,1
ENSDARG00000099154,1,0
ENSDARG00000099155,3,2
ENSDARG00000099156,1,1
ENSDARG00000099158,5,1
ENSDARG00000099159,3,2
ENSDARG00000099160,4,1
ENSDARG00000099161,1,1
ENSDARG00000099163,1,1
ENSDARG00000099164,5,2
ENSDARG00000099167,1,1
ENSDARG00000099168,2,1
ENSDARG00000099169,2,1
ENSDARG00000099173,1,1
ENSDARG00000099174,5,0
ENSDARG00000099175,4,1
ENSDARG00000099177,0,2
ENSDARG00000099178,0,1
ENSDARG00000099181,3,2
ENSDARG00000099182,3,0
ENSDARG00000099183,3,2
ENSDARG00000099184,1,1
ENSDARG00000099186,0,1
ENSDARG00000099187,2,0
ENSDARG00000099189,2,1
ENSDARG00000099194,1,0
ENSDARG00000099196,2,1
ENSDARG00000099197,4,1
ENSDARG00000099198,5,0
ENSDARG00000099199,0,0
ENSDARG00000099200,4,1
ENSDARG00000099203,4,1
ENSDARG00000099204,0,1
ENSDARG00000099205,3,2
ENSDARG00000099206,0,0
ENSDARG00000099207,0,1
ENSDARG00000099211,5,1
ENSDARG00000099213,5,0
ENSDARG00000099215,0,1
ENSDARG00000099217,2,1
ENSDARG00000099218,5,1
ENSDARG00000099220,4,1
ENSDARG00000099221,3,1
ENSDARG00000099222,5,0
ENSDARG00000099226,0,1
ENSDARG00000099227,2,0
ENSDARG00000099229,2,0
ENSDARG00000099235,0,0
ENSDARG00000099236,4,2
ENSDARG00000099238,3,0
ENSDARG00000099240,0,0
ENSDARG00000099241,1,1
ENSDARG00000099247,0,1
ENSDARG00000099248,2,-1
ENSDARG00000099249,0,0
ENSDARG00000099252,5,1
ENSDARG00000099253,1,0
ENSDARG00000099255,4,1
ENSDARG00000099256,5,0
ENSDARG00000099257,3,2
ENSDARG00000099258,4,1
ENSDARG00000099260,0,1
ENSDARG00000099262,3,2
ENSDARG00000099265,3,1
ENSDARG00000099266,4,2
ENSDARG00000099271,5,0
ENSDARG00000099272,2,1
ENSDARG00000099273,5,2
ENSDARG00000099274,4,1
ENSDARG00000099276,2,1
ENSDARG00000099277,5,0
ENSDARG00000099279,5,1
ENSDARG00000099280,5,0
ENSDARG00000099281,3,1
ENSDARG00000099283,3,0
ENSDARG00000099284,5,0
ENSDARG00000099285,3,-1
ENSDARG00000099289,2,0
ENSDARG00000099291,0,0
ENSDARG00000099293,4,1
ENSDARG00000099294,1,0
ENSDARG00000099295,0,0
ENSDARG00000099298,1,0
ENSDARG00000099302,4,1
ENSDARG00000099304,3,0
ENSDARG00000099305,1,-1
ENSDARG00000099307,0,0
ENSDARG00000099309,4,1
ENSDARG00000099312,0,0
ENSDARG00000099313,4,0
ENSDARG00000099315,0,2
ENSDARG00000099319,1,1
ENSDARG00000099321,2,0
ENSDARG00000099322,0,2
ENSDARG00000099323,2,0
ENSDARG00000099325,2,1
ENSDARG00000099327,2,1
ENSDARG00000099328,2,1
ENSDARG00000099329,5,0
ENSDARG00000099331,4,1
ENSDARG00000099332,3,2
ENSDARG00000099336,2,1
ENSDARG00000099337,4,1
ENSDARG00000099342,4,1
ENSDARG00000099344,2,1
ENSDARG00000099346,1,1
ENSDARG00000099348,1,0
ENSDARG00000099351,3,2
ENSDARG00000099352,4,1
ENSDARG00000099353,2,0
ENSDARG00000099355,4,1
ENSDARG00000099358,5,1
ENSDARG00000099361,4,1
ENSDARG00000099362,3,2
ENSDARG00000099364,2,0
ENSDARG00000099365,0,2
ENSDARG00000099368,0,0
ENSDARG00000099370,2,1
ENSDARG00000099371,4,1
ENSDARG00000099372,2,1
ENSDARG00000099373,1,0
ENSDARG00000099374,4,0
ENSDARG00000099375,5,1
ENSDARG00000099376,3,2
ENSDARG00000099379,0,0
ENSDARG00000099380,4,0
ENSDARG00000099381,3,2
ENSDARG00000099382,4,1
ENSDARG00000099383,0,0
ENSDARG00000099384,3,2
ENSDARG00000099385,5,1
ENSDARG00000099386,2,1
ENSDARG00000099387,3,2
ENSDARG00000099388,5,1
ENSDARG00000099389,4,0
ENSDARG00000099390,3,1
ENSDARG00000099395,0,0
ENSDARG00000099396,0,1
ENSDARG00000099399,1,-1
ENSDARG00000099405,1,0
ENSDARG00000099406,2,1
ENSDARG00000099407,1,1
ENSDARG00000099410,5,2
ENSDARG00000099411,3,2
ENSDARG00000099412,2,0
ENSDARG00000099414,5,0
ENSDARG00000099415,1,1
ENSDARG00000099416,2,1
ENSDARG00000099418,4,1
ENSDARG00000099419,0,0
ENSDARG00000099420,3,2
ENSDARG00000099421,0,0
ENSDARG00000099423,2,1
ENSDARG00000099425,4,0
ENSDARG00000099426,1,-1
ENSDARG00000099427,3,2
ENSDARG00000099428,4,1
ENSDARG00000099430,0,1
ENSDARG00000099431,5,1
ENSDARG00000099432,2,1
ENSDARG00000099433,2,1
ENSDARG00000099434,5,1
ENSDARG00000099436,1,1
ENSDARG00000099437,1,0
ENSDARG00000099438,1,0
ENSDARG00000099439,5,2
ENSDARG00000099440,1,1
ENSDARG00000099441,3,1
ENSDARG00000099444,5,0
ENSDARG00000099445,0,2
ENSDARG00000099446,3,2
ENSDARG00000099447,3,2
ENSDARG00000099449,5,1
ENSDARG00000099453,1,1
ENSDARG00000099454,4,1
ENSDARG00000099455,0,0
ENSDARG00000099458,5,1
ENSDARG00000099461,2,1
ENSDARG00000099462,3,2
ENSDARG00000099464,3,2
ENSDARG00000099465,0,1
ENSDARG00000099466,4,1
ENSDARG00000099469,5,2
ENSDARG00000099470,2,1
ENSDARG00000099471,2,1
ENSDARG00000099473,0,2
ENSDARG00000099474,2,1
ENSDARG00000099475,5,0
ENSDARG00000099476,3,0
ENSDARG00000099478,1,1
ENSDARG00000099479,4,0
ENSDARG00000099481,5,0
ENSDARG00000099483,0,2
ENSDARG00000099485,0,2
ENSDARG00000099487,2,1
ENSDARG00000099491,5,2
ENSDARG00000099492,5,0
ENSDARG00000099493,1,1
ENSDARG00000099497,1,1
ENSDARG00000099499,0,0
ENSDARG00000099500,3,2
ENSDARG00000099501,5,1
ENSDARG00000099503,3,2
ENSDARG00000099506,5,1
ENSDARG00000099508,2,1
ENSDARG00000099509,5,0
ENSDARG00000099511,0,0
ENSDARG00000099514,5,0
ENSDARG00000099515,2,0
ENSDARG00000099517,4,1
ENSDARG00000099518,0,0
ENSDARG00000099519,0,0
ENSDARG00000099522,3,1
ENSDARG00000099524,0,0
ENSDARG00000099525,2,1
ENSDARG00000099527,0,2
ENSDARG00000099528,5,1
ENSDARG00000099529,2,1
ENSDARG00000099531,2,1
ENSDARG00000099532,4,0
ENSDARG00000099533,0,2
ENSDARG00000099534,1,-1
ENSDARG00000099535,3,0
ENSDARG00000099536,2,1
ENSDARG00000099538,4,0
ENSDARG00000099541,4,1
ENSDARG00000099542,4,1
ENSDARG00000099543,0,2
ENSDARG00000099544,5,0
ENSDARG00000099545,0,1
ENSDARG00000099546,2,1
ENSDARG00000099547,0,2
ENSDARG00000099555,3,2
ENSDARG00000099556,1,1
ENSDARG00000099557,4,1
ENSDARG00000099558,2,1
ENSDARG00000099560,2,0
ENSDARG00000099561,5,0
ENSDARG00000099562,4,0
ENSDARG00000099563,2,0
ENSDARG00000099564,4,0
ENSDARG00000099566,0,0
ENSDARG00000099568,5,2
ENSDARG00000099569,5,2
ENSDARG00000099570,1,0
ENSDARG00000099571,4,1
ENSDARG00000099572,4,1
ENSDARG00000099574,3,2
ENSDARG00000099575,3,1
ENSDARG00000099577,2,1
ENSDARG00000099578,1,1
ENSDARG00000099579,0,1
ENSDARG00000099580,1,1
ENSDARG00000099586,5,2
ENSDARG00000099587,3,-1
ENSDARG00000099590,1,1
ENSDARG00000099594,2,1
ENSDARG00000099595,1,1
ENSDARG00000099596,5,1
ENSDARG00000099597,2,1
ENSDARG00000099598,0,1
ENSDARG00000099599,0,0
ENSDARG00000099600,3,0
ENSDARG00000099604,0,1
ENSDARG00000099606,5,1
ENSDARG00000099607,0,0
ENSDARG00000099611,3,-1
ENSDARG00000099612,0,2
ENSDARG00000099614,3,1
ENSDARG00000099616,3,2
ENSDARG00000099618,0,1
ENSDARG00000099621,4,1
ENSDARG00000099626,4,1
ENSDARG00000099628,0,0
ENSDARG00000099630,3,0
ENSDARG00000099631,5,2
ENSDARG00000099633,2,1
ENSDARG00000099635,1,1
ENSDARG00000099636,4,1
ENSDARG00000099637,5,0
ENSDARG00000099638,1,0
ENSDARG00000099640,5,1
ENSDARG00000099643,2,1
ENSDARG00000099645,3,2
ENSDARG00000099646,3,2
ENSDARG00000099648,3,2
ENSDARG00000099650,4,0
ENSDARG00000099651,5,1
ENSDARG00000099652,1,0
ENSDARG00000099653,4,1
ENSDARG00000099654,0,0
ENSDARG00000099655,5,2
ENSDARG00000099656,2,1
ENSDARG00000099657,3,0
ENSDARG00000099660,2,0
ENSDARG00000099663,4,1
ENSDARG00000099664,1,0
ENSDARG00000099667,4,1
ENSDARG00000099669,2,0
ENSDARG00000099670,1,1
ENSDARG00000099672,4,2
ENSDARG00000099673,0,0
ENSDARG00000099674,3,2
ENSDARG00000099675,0,2
ENSDARG00000099676,4,1
ENSDARG00000099677,4,0
ENSDARG00000099678,5,0
ENSDARG00000099679,5,1
ENSDARG00000099680,0,0
ENSDARG00000099684,5,2
ENSDARG00000099685,3,2
ENSDARG00000099687,0,0
ENSDARG00000099688,1,1
ENSDARG00000099690,2,0
ENSDARG00000099691,1,1
ENSDARG00000099693,1,0
ENSDARG00000099695,2,1
ENSDARG00000099699,3,2
ENSDARG00000099702,2,0
ENSDARG00000099705,3,1
ENSDARG00000099708,2,0
ENSDARG00000099710,4,1
ENSDARG00000099712,2,1
ENSDARG00000099715,5,1
ENSDARG00000099716,2,-1
ENSDARG00000099717,3,2
ENSDARG00000099718,5,0
ENSDARG00000099719,3,2
ENSDARG00000099720,3,0
ENSDARG00000099722,1,1
ENSDARG00000099725,4,-1
ENSDARG00000099727,3,0
ENSDARG00000099728,2,1
ENSDARG00000099729,4,1
ENSDARG00000099730,3,0
ENSDARG00000099732,3,2
ENSDARG00000099733,0,1
ENSDARG00000099736,5,0
ENSDARG00000099738,2,1
ENSDARG00000099739,5,0
ENSDARG00000099742,5,0
ENSDARG00000099743,5,0
ENSDARG00000099744,3,2
ENSDARG00000099747,2,0
ENSDARG00000099748,5,2
ENSDARG00000099749,0,0
ENSDARG00000099750,2,1
ENSDARG00000099751,4,1
ENSDARG00000099752,3,0
ENSDARG00000099753,1,0
ENSDARG00000099755,1,0
ENSDARG00000099757,0,0
ENSDARG00000099758,4,1
ENSDARG00000099761,5,0
ENSDARG00000099766,1,0
ENSDARG00000099767,5,1
ENSDARG00000099769,1,0
ENSDARG00000099770,1,0
ENSDARG00000099771,0,0
ENSDARG00000099772,2,1
ENSDARG00000099773,2,1
ENSDARG00000099774,4,1
ENSDARG00000099775,2,1
ENSDARG00000099776,4,1
ENSDARG00000099779,0,2
ENSDARG00000099780,5,1
ENSDARG00000099783,1,1
ENSDARG00000099785,2,0
ENSDARG00000099787,0,0
ENSDARG00000099789,5,0
ENSDARG00000099791,2,0
ENSDARG00000099793,3,2
ENSDARG00000099799,4,1
ENSDARG00000099801,0,0
ENSDARG00000099802,3,2
ENSDARG00000099803,0,0
ENSDARG00000099804,3,2
ENSDARG00000099809,0,0
ENSDARG00000099811,0,0
ENSDARG00000099812,3,0
ENSDARG00000099814,5,1
ENSDARG00000099817,3,0
ENSDARG00000099819,3,2
ENSDARG00000099824,4,0
ENSDARG00000099827,1,1
ENSDARG00000099831,5,1
ENSDARG00000099832,2,1
ENSDARG00000099833,5,2
ENSDARG00000099837,1,1
ENSDARG00000099839,5,2
ENSDARG00000099840,1,1
ENSDARG00000099842,3,2
ENSDARG00000099843,3,2
ENSDARG00000099844,3,2
ENSDARG00000099846,5,0
ENSDARG00000099849,3,0
ENSDARG00000099850,3,0
ENSDARG00000099852,3,2
ENSDARG00000099854,3,2
ENSDARG00000099857,1,1
ENSDARG00000099858,0,-1
ENSDARG00000099860,3,2
ENSDARG00000099864,2,1
ENSDARG00000099865,1,0
ENSDARG00000099870,2,1
ENSDARG00000099871,3,2
ENSDARG00000099873,2,1
ENSDARG00000099874,3,1
ENSDARG00000099877,2,1
ENSDARG00000099880,4,1
ENSDARG00000099883,0,1
ENSDARG00000099888,3,0
ENSDARG00000099889,4,1
ENSDARG00000099890,5,0
ENSDARG00000099891,3,1
ENSDARG00000099895,5,0
ENSDARG00000099896,0,2
ENSDARG00000099898,5,0
ENSDARG00000099899,2,1
ENSDARG00000099900,5,1
ENSDARG00000099902,4,0
ENSDARG00000099903,4,1
ENSDARG00000099908,3,1
ENSDARG00000099909,3,-1
ENSDARG00000099910,2,1
ENSDARG00000099911,5,0
ENSDARG00000099913,5,1
ENSDARG00000099914,1,0
ENSDARG00000099915,3,2
ENSDARG00000099916,3,2
ENSDARG00000099917,1,1
ENSDARG00000099918,1,0
ENSDARG00000099919,0,2
ENSDARG00000099920,5,0
ENSDARG00000099921,1,1
ENSDARG00000099923,3,0
ENSDARG00000099925,4,1
ENSDARG00000099926,3,2
ENSDARG00000099927,3,2
ENSDARG00000099928,2,0
ENSDARG00000099930,2,0
ENSDARG00000099931,3,2
ENSDARG00000099932,5,0
ENSDARG00000099933,2,1
ENSDARG00000099934,5,1
ENSDARG00000099936,0,1
ENSDARG00000099937,4,1
ENSDARG00000099938,2,0
ENSDARG00000099943,4,1
ENSDARG00000099946,4,1
ENSDARG00000099947,2,1
ENSDARG00000099948,1,1
ENSDARG00000099950,0,0
ENSDARG00000099953,2,1
ENSDARG00000099954,0,0
ENSDARG00000099956,5,1
ENSDARG00000099958,3,1
ENSDARG00000099959,4,1
ENSDARG00000099960,5,2
ENSDARG00000099961,2,1
ENSDARG00000099963,2,1
ENSDARG00000099964,0,0
ENSDARG00000099965,3,2
ENSDARG00000099966,1,0
ENSDARG00000099967,5,1
ENSDARG00000099969,0,0
ENSDARG00000099970,4,1
ENSDARG00000099972,5,1
ENSDARG00000099973,0,0
ENSDARG00000099974,3,2
ENSDARG00000099979,3,0
ENSDARG00000099980,4,1
ENSDARG00000099981,1,0
ENSDARG00000099982,4,1
ENSDARG00000099984,4,1
ENSDARG00000099985,3,2
ENSDARG00000099986,5,1
ENSDARG00000099989,3,2
ENSDARG00000099995,4,0
ENSDARG00000099996,0,0
ENSDARG00000099997,1,0
ENSDARG00000100000,5,0
ENSDARG00000100001,5,0
ENSDARG00000100002,4,1
ENSDARG00000100003,5,2
ENSDARG00000100007,3,0
ENSDARG00000100008,2,-1
ENSDARG00000100011,0,1
ENSDARG00000100012,3,2
ENSDARG00000100013,5,2
ENSDARG00000100019,1,1
ENSDARG00000100020,4,1
ENSDARG00000100021,3,2
ENSDARG00000100024,5,0
ENSDARG00000100025,1,1
ENSDARG00000100026,1,0
ENSDARG00000100028,5,1
ENSDARG00000100031,5,1
ENSDARG00000100032,2,0
ENSDARG00000100037,2,1
ENSDARG00000100038,2,1
ENSDARG00000100039,3,2
ENSDARG00000100041,2,1
ENSDARG00000100043,3,1
ENSDARG00000100044,1,1
ENSDARG00000100045,1,1
ENSDARG00000100046,5,2
ENSDARG00000100047,1,0
ENSDARG00000100048,1,1
ENSDARG00000100049,4,1
ENSDARG00000100051,5,2
ENSDARG00000100052,3,2
ENSDARG00000100053,0,1
ENSDARG00000100055,3,2
ENSDARG00000100056,5,0
ENSDARG00000100059,3,-1
ENSDARG00000100060,5,1
ENSDARG00000100061,2,1
ENSDARG00000100065,4,1
ENSDARG00000100072,0,2
ENSDARG00000100075,2,0
ENSDARG00000100077,2,0
ENSDARG00000100081,1,1
ENSDARG00000100082,1,0
ENSDARG00000100083,0,0
ENSDARG00000100084,5,2
ENSDARG00000100086,2,1
ENSDARG00000100087,3,0
ENSDARG00000100088,0,0
ENSDARG00000100089,2,1
ENSDARG00000100090,5,0
ENSDARG00000100093,3,2
ENSDARG00000100095,4,1
ENSDARG00000100096,3,2
ENSDARG00000100097,0,2
ENSDARG00000100098,2,1
ENSDARG00000100099,2,1
ENSDARG00000100100,2,-1
ENSDARG00000100101,2,-1
ENSDARG00000100104,4,0
ENSDARG00000100105,2,1
ENSDARG00000100106,2,1
ENSDARG00000100108,5,2
ENSDARG00000100110,3,2
ENSDARG00000100112,5,0
ENSDARG00000100113,0,2
ENSDARG00000100114,5,2
ENSDARG00000100115,0,0
ENSDARG00000100116,4,1
ENSDARG00000100118,4,0
ENSDARG00000100119,3,2
ENSDARG00000100127,2,0
ENSDARG00000100128,3,1
ENSDARG00000100131,0,0
ENSDARG00000100132,3,2
ENSDARG00000100133,3,2
ENSDARG00000100135,5,0
ENSDARG00000100136,0,0
ENSDARG00000100139,2,1
ENSDARG00000100141,5,1
ENSDARG00000100142,1,1
ENSDARG00000100145,3,2
ENSDARG00000100148,5,0
ENSDARG00000100150,0,0
ENSDARG00000100151,1,1
ENSDARG00000100152,3,2
ENSDARG00000100154,5,0
ENSDARG00000100155,3,2
ENSDARG00000100157,4,2
ENSDARG00000100159,2,1
ENSDARG00000100160,2,1
ENSDARG00000100161,2,1
ENSDARG00000100162,5,1
ENSDARG00000100163,0,2
ENSDARG00000100166,2,1
ENSDARG00000100167,2,1
ENSDARG00000100170,3,0
ENSDARG00000100171,1,-1
ENSDARG00000100173,5,0
ENSDARG00000100179,5,0
ENSDARG00000100184,2,1
ENSDARG00000100185,5,2
ENSDARG00000100188,5,1
ENSDARG00000100190,4,0
ENSDARG00000100191,5,0
ENSDARG00000100197,2,0
ENSDARG00000100198,3,1
ENSDARG00000100199,0,2
ENSDARG00000100202,3,2
ENSDARG00000100203,0,1
ENSDARG00000100204,1,1
ENSDARG00000100206,4,2
ENSDARG00000100209,1,1
ENSDARG00000100214,5,0
ENSDARG00000100217,2,1
ENSDARG00000100218,2,-1
ENSDARG00000100221,4,1
ENSDARG00000100222,3,0
ENSDARG00000100223,4,1
ENSDARG00000100224,1,1
ENSDARG00000100225,0,2
ENSDARG00000100227,5,2
ENSDARG00000100229,4,1
ENSDARG00000100231,3,2
ENSDARG00000100232,4,0
ENSDARG00000100233,3,2
ENSDARG00000100235,1,1
ENSDARG00000100236,5,1
ENSDARG00000100240,4,1
ENSDARG00000100242,1,0
ENSDARG00000100244,3,2
ENSDARG00000100246,2,1
ENSDARG00000100247,5,0
ENSDARG00000100248,2,1
ENSDARG00000100249,3,0
ENSDARG00000100251,0,1
ENSDARG00000100252,3,2
ENSDARG00000100253,4,0
ENSDARG00000100255,2,0
ENSDARG00000100256,3,0
ENSDARG00000100257,1,1
ENSDARG00000100259,5,0
ENSDARG00000100260,5,0
ENSDARG00000100261,5,2
ENSDARG00000100262,5,0
ENSDARG00000100263,3,2
ENSDARG00000100264,1,1
ENSDARG00000100265,2,1
ENSDARG00000100267,3,2
ENSDARG00000100270,3,2
ENSDARG00000100274,2,0
ENSDARG00000100279,5,0
ENSDARG00000100280,0,1
ENSDARG00000100281,0,1
ENSDARG00000100283,1,0
ENSDARG00000100284,3,2
ENSDARG00000100285,0,1
ENSDARG00000100287,3,2
ENSDARG00000100288,2,1
ENSDARG00000100290,4,0
ENSDARG00000100292,3,2
ENSDARG00000100293,2,1
ENSDARG00000100295,3,2
ENSDARG00000100296,5,2
ENSDARG00000100301,4,1
ENSDARG00000100302,3,2
ENSDARG00000100304,4,1
ENSDARG00000100307,2,0
ENSDARG00000100308,3,2
ENSDARG00000100312,4,2
ENSDARG00000100313,0,0
ENSDARG00000100315,2,1
ENSDARG00000100317,1,0
ENSDARG00000100321,5,0
ENSDARG00000100322,1,1
ENSDARG00000100324,3,2
ENSDARG00000100326,1,1
ENSDARG00000100329,1,1
ENSDARG00000100331,3,0
ENSDARG00000100332,2,1
ENSDARG00000100334,0,0
ENSDARG00000100336,2,1
ENSDARG00000100338,2,1
ENSDARG00000100339,2,1
ENSDARG00000100341,2,1
ENSDARG00000100342,2,0
ENSDARG00000100345,1,1
ENSDARG00000100348,3,2
ENSDARG00000100349,0,2
ENSDARG00000100352,2,0
ENSDARG00000100353,3,1
ENSDARG00000100356,2,1
ENSDARG00000100357,0,0
ENSDARG00000100358,4,0
ENSDARG00000100359,5,1
ENSDARG00000100361,5,0
ENSDARG00000100363,1,1
ENSDARG00000100364,5,0
ENSDARG00000100368,1,1
ENSDARG00000100371,4,1
ENSDARG00000100372,4,2
ENSDARG00000100373,4,1
ENSDARG00000100374,0,0
ENSDARG00000100375,0,2
ENSDARG00000100376,0,0
ENSDARG00000100378,4,1
ENSDARG00000100381,3,2
ENSDARG00000100383,2,1
ENSDARG00000100384,4,1
ENSDARG00000100385,1,0
ENSDARG00000100387,4,1
ENSDARG00000100389,1,1
ENSDARG00000100392,4,0
ENSDARG00000100394,5,1
ENSDARG00000100396,5,2
ENSDARG00000100397,2,1
ENSDARG00000100398,4,1
ENSDARG00000100400,0,2
ENSDARG00000100401,2,1
ENSDARG00000100402,0,2
ENSDARG00000100403,0,0
ENSDARG00000100405,3,2
ENSDARG00000100406,4,0
ENSDARG00000100409,5,1
ENSDARG00000100410,1,0
ENSDARG00000100411,2,1
ENSDARG00000100412,4,1
ENSDARG00000100413,1,1
ENSDARG00000100415,5,0
ENSDARG00000100419,5,2
ENSDARG00000100420,5,1
ENSDARG00000100422,4,0
ENSDARG00000100423,4,0
ENSDARG00000100424,2,1
ENSDARG00000100426,3,0
ENSDARG00000100427,4,2
ENSDARG00000100429,0,1
ENSDARG00000100430,0,0
ENSDARG00000100433,2,1
ENSDARG00000100434,1,1
ENSDARG00000100435,4,1
ENSDARG00000100436,3,1
ENSDARG00000100439,3,0
ENSDARG00000100440,0,2
ENSDARG00000100442,3,2
ENSDARG00000100443,4,1
ENSDARG00000100446,4,1
ENSDARG00000100449,2,0
ENSDARG00000100450,0,1
ENSDARG00000100451,2,1
ENSDARG00000100454,0,0
ENSDARG00000100455,5,2
ENSDARG00000100456,4,1
ENSDARG00000100460,2,1
ENSDARG00000100461,4,1
ENSDARG00000100462,2,1
ENSDARG00000100464,4,1
ENSDARG00000100465,2,1
ENSDARG00000100466,3,2
ENSDARG00000100467,1,0
ENSDARG00000100469,4,1
ENSDARG00000100470,5,1
ENSDARG00000100474,5,1
ENSDARG00000100475,4,0
ENSDARG00000100476,2,1
ENSDARG00000100478,2,1
ENSDARG00000100480,2,0
ENSDARG00000100481,5,1
ENSDARG00000100482,3,2
ENSDARG00000100483,5,0
ENSDARG00000100484,3,2
ENSDARG00000100486,2,1
ENSDARG00000100494,3,0
ENSDARG00000100497,5,2
ENSDARG00000100498,2,1
ENSDARG00000100499,0,2
ENSDARG00000100502,5,2
ENSDARG00000100503,0,1
ENSDARG00000100505,5,0
ENSDARG00000100506,4,1
ENSDARG00000100508,1,0
ENSDARG00000100509,1,1
ENSDARG00000100511,0,1
ENSDARG00000100514,4,1
ENSDARG00000100515,0,0
ENSDARG00000100516,2,-1
ENSDARG00000100518,0,2
ENSDARG00000100519,2,0
ENSDARG00000100524,0,2
ENSDARG00000100528,0,1
ENSDARG00000100529,4,1
ENSDARG00000100533,4,1
ENSDARG00000100534,3,0
ENSDARG00000100535,5,0
ENSDARG00000100536,5,0
ENSDARG00000100538,4,0
ENSDARG00000100539,5,1
ENSDARG00000100540,3,2
ENSDARG00000100544,5,2
ENSDARG00000100546,3,2
ENSDARG00000100547,2,1
ENSDARG00000100548,1,1
ENSDARG00000100549,0,2
ENSDARG00000100552,1,0
ENSDARG00000100553,1,0
ENSDARG00000100554,2,-1
ENSDARG00000100555,4,1
ENSDARG00000100558,1,0
ENSDARG00000100559,0,0
ENSDARG00000100560,3,0
ENSDARG00000100562,5,2
ENSDARG00000100563,0,0
ENSDARG00000100565,4,0
ENSDARG00000100567,5,1
ENSDARG00000100568,5,0
ENSDARG00000100571,4,1
ENSDARG00000100572,1,1
ENSDARG00000100573,1,1
ENSDARG00000100576,2,1
ENSDARG00000100582,4,1
ENSDARG00000100583,0,2
ENSDARG00000100584,4,2
ENSDARG00000100585,1,0
ENSDARG00000100586,0,1
ENSDARG00000100588,4,1
ENSDARG00000100590,2,1
ENSDARG00000100591,5,0
ENSDARG00000100592,2,0
ENSDARG00000100593,2,1
ENSDARG00000100594,0,1
ENSDARG00000100595,0,0
ENSDARG00000100596,3,2
ENSDARG00000100598,2,0
ENSDARG00000100599,3,1
ENSDARG00000100601,4,0
ENSDARG00000100604,2,1
ENSDARG00000100605,2,0
ENSDARG00000100606,3,2
ENSDARG00000100607,2,0
ENSDARG00000100608,0,0
ENSDARG00000100613,2,1
ENSDARG00000100614,5,2
ENSDARG00000100616,0,0
ENSDARG00000100620,0,2
ENSDARG00000100623,1,0
ENSDARG00000100624,3,0
ENSDARG00000100625,3,1
ENSDARG00000100626,0,0
ENSDARG00000100627,4,-1
ENSDARG00000100631,5,2
ENSDARG00000100633,5,1
ENSDARG00000100635,2,1
ENSDARG00000100636,1,1
ENSDARG00000100639,4,1
ENSDARG00000100640,5,0
ENSDARG00000100642,2,0
ENSDARG00000100646,0,1
ENSDARG00000100649,2,1
ENSDARG00000100651,1,1
ENSDARG00000100652,5,0
ENSDARG00000100653,1,1
ENSDARG00000100654,3,2
ENSDARG00000100655,2,1
ENSDARG00000100657,4,0
ENSDARG00000100658,0,0
ENSDARG00000100660,0,1
ENSDARG00000100662,2,1
ENSDARG00000100663,3,2
ENSDARG00000100666,5,1
ENSDARG00000100669,3,2
ENSDARG00000100670,3,2
ENSDARG00000100671,4,1
ENSDARG00000100672,2,1
ENSDARG00000100673,1,1
ENSDARG00000100674,0,2
ENSDARG00000100678,3,0
ENSDARG00000100679,0,2
ENSDARG00000100686,0,2
ENSDARG00000100688,1,1
ENSDARG00000100690,4,1
ENSDARG00000100691,3,2
ENSDARG00000100693,3,0
ENSDARG00000100694,2,1
ENSDARG00000100695,5,1
ENSDARG00000100696,1,1
ENSDARG00000100697,0,1
ENSDARG00000100698,4,1
ENSDARG00000100699,4,1
ENSDARG00000100700,0,2
ENSDARG00000100702,1,1
ENSDARG00000100703,2,1
ENSDARG00000100708,2,1
ENSDARG00000100709,2,0
ENSDARG00000100712,4,1
ENSDARG00000100715,5,1
ENSDARG00000100716,4,1
ENSDARG00000100717,4,0
ENSDARG00000100718,4,2
ENSDARG00000100719,4,0
ENSDARG00000100721,1,1
ENSDARG00000100722,2,1
ENSDARG00000100723,5,0
ENSDARG00000100725,4,0
ENSDARG00000100728,2,1
ENSDARG00000100729,3,0
ENSDARG00000100731,2,1
ENSDARG00000100732,2,1
ENSDARG00000100737,3,2
ENSDARG00000100738,3,2
ENSDARG00000100739,4,1
ENSDARG00000100740,5,0
ENSDARG00000100741,5,1
ENSDARG00000100742,3,1
ENSDARG00000100743,4,1
ENSDARG00000100745,5,1
ENSDARG00000100747,2,1
ENSDARG00000100751,2,0
ENSDARG00000100752,0,1
ENSDARG00000100753,4,1
ENSDARG00000100754,3,2
ENSDARG00000100755,4,1
ENSDARG00000100757,4,0
ENSDARG00000100761,5,0
ENSDARG00000100764,2,0
ENSDARG00000100766,5,0
ENSDARG00000100769,2,0
ENSDARG00000100771,1,1
ENSDARG00000100772,2,0
ENSDARG00000100773,5,1
ENSDARG00000100774,4,1
ENSDARG00000100777,2,1
ENSDARG00000100780,2,1
ENSDARG00000100781,2,1
ENSDARG00000100782,3,2
ENSDARG00000100786,0,1
ENSDARG00000100787,1,1
ENSDARG00000100788,5,1
ENSDARG00000100791,3,0
ENSDARG00000100793,5,0
ENSDARG00000100797,3,2
ENSDARG00000100799,4,0
ENSDARG00000100801,1,0
ENSDARG00000100803,1,1
ENSDARG00000100804,0,0
ENSDARG00000100805,4,1
ENSDARG00000100808,5,0
ENSDARG00000100809,0,1
ENSDARG00000100810,0,1
ENSDARG00000100811,1,1
ENSDARG00000100815,5,1
ENSDARG00000100816,3,2
ENSDARG00000100818,2,1
ENSDARG00000100819,2,1
ENSDARG00000100820,5,2
ENSDARG00000100821,3,2
ENSDARG00000100822,4,0
ENSDARG00000100825,3,0
ENSDARG00000100826,4,1
ENSDARG00000100828,5,1
ENSDARG00000100829,4,0
ENSDARG00000100831,4,-1
ENSDARG00000100833,4,0
ENSDARG00000100834,0,0
ENSDARG00000100835,2,1
ENSDARG00000100839,4,0
ENSDARG00000100842,1,1
ENSDARG00000100844,2,1
ENSDARG00000100846,3,2
ENSDARG00000100847,3,0
ENSDARG00000100850,0,0
ENSDARG00000100851,3,1
ENSDARG00000100854,0,0
ENSDARG00000100855,2,1
ENSDARG00000100857,4,1
ENSDARG00000100858,5,0
ENSDARG00000100861,0,1
ENSDARG00000100864,4,1
ENSDARG00000100865,2,1
ENSDARG00000100867,0,2
ENSDARG00000100869,0,2
ENSDARG00000100872,0,0
ENSDARG00000100875,5,2
ENSDARG00000100876,2,1
ENSDARG00000100882,4,1
ENSDARG00000100885,1,1
ENSDARG00000100886,4,2
ENSDARG00000100887,5,1
ENSDARG00000100889,0,2
ENSDARG00000100890,2,1
ENSDARG00000100891,1,1
ENSDARG00000100892,4,1
ENSDARG00000100896,5,0
ENSDARG00000100897,3,2
ENSDARG00000100899,0,2
ENSDARG00000100904,0,1
ENSDARG00000100906,5,2
ENSDARG00000100908,0,2
ENSDARG00000100909,0,0
ENSDARG00000100911,4,1
ENSDARG00000100912,0,1
ENSDARG00000100913,4,2
ENSDARG00000100918,5,2
ENSDARG00000100919,4,1
ENSDARG00000100923,1,1
ENSDARG00000100927,0,1
ENSDARG00000100930,5,0
ENSDARG00000100931,5,1
ENSDARG00000100936,0,0
ENSDARG00000100938,2,0
ENSDARG00000100939,2,1
ENSDARG00000100940,3,2
ENSDARG00000100942,2,1
ENSDARG00000100943,2,1
ENSDARG00000100944,4,1
ENSDARG00000100946,3,0
ENSDARG00000100947,5,2
ENSDARG00000100948,0,0
ENSDARG00000100949,2,0
ENSDARG00000100951,1,1
ENSDARG00000100952,4,1
ENSDARG00000100954,4,1
ENSDARG00000100955,2,1
ENSDARG00000100956,2,1
ENSDARG00000100958,3,1
ENSDARG00000100959,1,1
ENSDARG00000100960,4,1
ENSDARG00000100961,5,0
ENSDARG00000100962,0,1
ENSDARG00000100963,2,1
ENSDARG00000100964,2,1
ENSDARG00000100967,5,1
ENSDARG00000100968,3,2
ENSDARG00000100969,2,1
ENSDARG00000100970,5,0
ENSDARG00000100971,2,1
ENSDARG00000100972,2,0
ENSDARG00000100973,5,1
ENSDARG00000100979,5,2
ENSDARG00000100981,3,2
ENSDARG00000100985,2,1
ENSDARG00000100986,3,0
ENSDARG00000100987,5,0
ENSDARG00000100990,4,1
ENSDARG00000100991,3,2
ENSDARG00000100995,5,2
ENSDARG00000101006,1,1
ENSDARG00000101008,0,1
ENSDARG00000101009,5,0
ENSDARG00000101010,0,2
ENSDARG00000101012,3,2
ENSDARG00000101014,2,1
ENSDARG00000101017,5,1
ENSDARG00000101018,5,1
ENSDARG00000101019,5,1
ENSDARG00000101020,2,0
ENSDARG00000101021,5,0
ENSDARG00000101023,4,0
ENSDARG00000101024,5,2
ENSDARG00000101026,2,1
ENSDARG00000101028,0,1
ENSDARG00000101029,5,0
ENSDARG00000101030,3,2
ENSDARG00000101032,1,1
ENSDARG00000101034,0,2
ENSDARG00000101035,1,0
ENSDARG00000101036,0,0
ENSDARG00000101039,5,1
ENSDARG00000101040,2,1
ENSDARG00000101041,3,-1
ENSDARG00000101044,5,0
ENSDARG00000101046,1,1
ENSDARG00000101047,4,1
ENSDARG00000101049,2,1
ENSDARG00000101050,2,0
ENSDARG00000101051,2,1
ENSDARG00000101054,2,1
ENSDARG00000101056,3,2
ENSDARG00000101057,2,0
ENSDARG00000101059,3,0
ENSDARG00000101060,5,1
ENSDARG00000101062,0,1
ENSDARG00000101064,0,2
ENSDARG00000101065,1,1
ENSDARG00000101067,3,2
ENSDARG00000101069,0,2
ENSDARG00000101071,3,2
ENSDARG00000101072,0,0
ENSDARG00000101073,2,0
ENSDARG00000101074,3,0
ENSDARG00000101076,4,1
ENSDARG00000101077,2,1
ENSDARG00000101079,3,2
ENSDARG00000101081,2,0
ENSDARG00000101083,5,0
ENSDARG00000101084,2,0
ENSDARG00000101087,5,1
ENSDARG00000101088,2,1
ENSDARG00000101089,4,0
ENSDARG00000101090,3,2
ENSDARG00000101092,1,1
ENSDARG00000101093,5,2
ENSDARG00000101095,3,2
ENSDARG00000101098,3,1
ENSDARG00000101102,3,1
ENSDARG00000101104,5,0
ENSDARG00000101106,0,2
ENSDARG00000101109,2,1
ENSDARG00000101110,4,2
ENSDARG00000101112,0,1
ENSDARG00000101115,3,2
ENSDARG00000101116,2,1
ENSDARG00000101120,0,0
ENSDARG00000101123,2,1
ENSDARG00000101124,3,2
ENSDARG00000101125,3,2
ENSDARG00000101126,1,0
ENSDARG00000101128,3,2
ENSDARG00000101129,1,1
ENSDARG00000101130,5,2
ENSDARG00000101131,3,0
ENSDARG00000101136,1,1
ENSDARG00000101137,1,1
ENSDARG00000101138,2,1
ENSDARG00000101139,1,1
ENSDARG00000101143,5,2
ENSDARG00000101144,0,1
ENSDARG00000101145,0,2
ENSDARG00000101146,3,2
ENSDARG00000101150,3,1
ENSDARG00000101155,2,0
ENSDARG00000101156,2,1
ENSDARG00000101160,4,1
ENSDARG00000101161,1,0
ENSDARG00000101163,4,0
ENSDARG00000101164,4,0
ENSDARG00000101165,1,1
ENSDARG00000101166,1,1
ENSDARG00000101169,2,1
ENSDARG00000101170,1,0
ENSDARG00000101171,3,1
ENSDARG00000101172,3,2
ENSDARG00000101174,5,2
ENSDARG00000101175,0,1
ENSDARG00000101178,0,2
ENSDARG00000101180,1,1
ENSDARG00000101181,4,1
ENSDARG00000101183,0,0
ENSDARG00000101184,4,1
ENSDARG00000101185,4,0
ENSDARG00000101186,2,0
ENSDARG00000101188,2,1
ENSDARG00000101189,4,0
ENSDARG00000101191,1,1
ENSDARG00000101195,3,2
ENSDARG00000101197,5,0
ENSDARG00000101198,5,1
ENSDARG00000101199,3,2
ENSDARG00000101200,4,1
ENSDARG00000101201,3,2
ENSDARG00000101202,5,0
ENSDARG00000101203,0,2
ENSDARG00000101205,5,1
ENSDARG00000101206,4,1
ENSDARG00000101210,0,2
ENSDARG00000101211,0,1
ENSDARG00000101212,4,0
ENSDARG00000101215,3,0
ENSDARG00000101216,5,1
ENSDARG00000101217,1,0
ENSDARG00000101218,2,0
ENSDARG00000101220,1,0
ENSDARG00000101221,1,0
ENSDARG00000101222,5,0
ENSDARG00000101223,5,0
ENSDARG00000101225,2,1
ENSDARG00000101230,1,1
ENSDARG00000101232,3,2
ENSDARG00000101234,0,0
ENSDARG00000101235,4,0
ENSDARG00000101236,0,2
ENSDARG00000101237,5,1
ENSDARG00000101239,2,0
ENSDARG00000101240,3,1
ENSDARG00000101242,3,0
ENSDARG00000101243,2,-1
ENSDARG00000101244,4,1
ENSDARG00000101245,5,0
ENSDARG00000101249,5,0
ENSDARG00000101251,3,0
ENSDARG00000101254,4,0
ENSDARG00000101259,5,0
ENSDARG00000101260,5,1
ENSDARG00000101264,2,1
ENSDARG00000101265,5,1
ENSDARG00000101270,0,0
ENSDARG00000101271,0,2
ENSDARG00000101272,2,1
ENSDARG00000101274,2,1
ENSDARG00000101277,4,0
ENSDARG00000101279,5,0
ENSDARG00000101280,4,1
ENSDARG00000101281,4,0
ENSDARG00000101282,3,0
ENSDARG00000101284,5,2
ENSDARG00000101289,1,0
ENSDARG00000101292,5,0
ENSDARG00000101293,5,2
ENSDARG00000101295,4,1
ENSDARG00000101296,1,1
ENSDARG00000101297,0,2
ENSDARG00000101299,2,1
ENSDARG00000101301,4,1
ENSDARG00000101304,5,0
ENSDARG00000101306,4,1
ENSDARG00000101307,3,2
ENSDARG00000101308,4,1
ENSDARG00000101309,0,0
ENSDARG00000101312,4,1
ENSDARG00000101313,0,1
ENSDARG00000101316,0,1
ENSDARG00000101317,2,0
ENSDARG00000101318,3,2
ENSDARG00000101321,5,0
ENSDARG00000101322,4,2
ENSDARG00000101323,1,1
ENSDARG00000101324,4,1
ENSDARG00000101327,1,1
ENSDARG00000101330,0,2
ENSDARG00000101331,4,0
ENSDARG00000101332,1,1
ENSDARG00000101333,3,2
ENSDARG00000101334,5,0
ENSDARG00000101335,3,2
ENSDARG00000101338,3,2
ENSDARG00000101339,4,0
ENSDARG00000101340,0,0
ENSDARG00000101341,0,0
ENSDARG00000101345,2,1
ENSDARG00000101347,4,1
ENSDARG00000101348,2,0
ENSDARG00000101350,0,2
ENSDARG00000101352,1,1
ENSDARG00000101356,2,1
ENSDARG00000101358,0,2
ENSDARG00000101360,2,1
ENSDARG00000101361,5,2
ENSDARG00000101362,1,0
ENSDARG00000101363,2,1
ENSDARG00000101364,4,1
ENSDARG00000101365,5,2
ENSDARG00000101366,4,1
ENSDARG00000101367,2,1
ENSDARG00000101368,2,1
ENSDARG00000101369,3,0
ENSDARG00000101371,1,1
ENSDARG00000101374,2,1
ENSDARG00000101377,3,0
ENSDARG00000101378,3,0
ENSDARG00000101380,2,1
ENSDARG00000101383,2,-1
ENSDARG00000101385,2,1
ENSDARG00000101387,3,2
ENSDARG00000101388,2,1
ENSDARG00000101389,3,1
ENSDARG00000101392,2,1
ENSDARG00000101393,3,2
ENSDARG00000101399,2,1
ENSDARG00000101401,5,0
ENSDARG00000101403,2,1
ENSDARG00000101404,5,2
ENSDARG00000101405,2,1
ENSDARG00000101406,4,1
ENSDARG00000101407,4,0
ENSDARG00000101411,1,1
ENSDARG00000101413,3,2
ENSDARG00000101415,2,1
ENSDARG00000101419,0,2
ENSDARG00000101424,5,0
ENSDARG00000101425,5,1
ENSDARG00000101429,0,0
ENSDARG00000101431,5,1
ENSDARG00000101432,0,2
ENSDARG00000101434,4,0
ENSDARG00000101436,0,1
ENSDARG00000101437,5,0
ENSDARG00000101438,2,0
ENSDARG00000101441,1,0
ENSDARG00000101445,5,1
ENSDARG00000101446,3,2
ENSDARG00000101447,1,1
ENSDARG00000101449,3,1
ENSDARG00000101450,4,0
ENSDARG00000101452,4,0
ENSDARG00000101455,2,0
ENSDARG00000101456,2,1
ENSDARG00000101457,4,0
ENSDARG00000101458,3,0
ENSDARG00000101459,4,1
ENSDARG00000101462,1,1
ENSDARG00000101463,5,0
ENSDARG00000101464,3,0
ENSDARG00000101465,1,0
ENSDARG00000101469,4,1
ENSDARG00000101470,2,1
ENSDARG00000101471,0,2
ENSDARG00000101472,0,0
ENSDARG00000101474,1,0
ENSDARG00000101475,2,1
ENSDARG00000101476,5,0
ENSDARG00000101478,2,1
ENSDARG00000101479,2,1
ENSDARG00000101481,4,1
ENSDARG00000101482,5,1
ENSDARG00000101483,5,0
ENSDARG00000101484,2,1
ENSDARG00000101485,2,1
ENSDARG00000101486,1,1
ENSDARG00000101489,1,1
ENSDARG00000101490,4,1
ENSDARG00000101495,3,1
ENSDARG00000101497,5,0
ENSDARG00000101501,2,1
ENSDARG00000101507,2,0
ENSDARG00000101508,5,0
ENSDARG00000101510,3,2
ENSDARG00000101511,5,0
ENSDARG00000101512,4,0
ENSDARG00000101514,4,0
ENSDARG00000101518,5,0
ENSDARG00000101520,5,1
ENSDARG00000101522,0,0
ENSDARG00000101523,4,0
ENSDARG00000101524,5,0
ENSDARG00000101526,3,0
ENSDARG00000101527,5,2
ENSDARG00000101528,5,0
ENSDARG00000101530,2,0
ENSDARG00000101534,0,1
ENSDARG00000101535,2,1
ENSDARG00000101536,2,1
ENSDARG00000101542,5,2
ENSDARG00000101547,4,1
ENSDARG00000101549,4,0
ENSDARG00000101551,3,2
ENSDARG00000101553,3,2
ENSDARG00000101554,2,1
ENSDARG00000101555,4,1
ENSDARG00000101556,1,0
ENSDARG00000101557,5,2
ENSDARG00000101559,3,2
ENSDARG00000101560,4,1
ENSDARG00000101561,5,0
ENSDARG00000101562,0,2
ENSDARG00000101563,1,1
ENSDARG00000101564,0,0
ENSDARG00000101566,4,1
ENSDARG00000101567,2,0
ENSDARG00000101568,3,2
ENSDARG00000101569,4,1
ENSDARG00000101571,3,2
ENSDARG00000101575,1,0
ENSDARG00000101578,1,1
ENSDARG00000101579,3,1
ENSDARG00000101583,2,1
ENSDARG00000101584,3,2
ENSDARG00000101585,2,1
ENSDARG00000101586,3,2
ENSDARG00000101588,3,2
ENSDARG00000101589,0,1
ENSDARG00000101591,2,-1
ENSDARG00000101592,3,2
ENSDARG00000101596,1,0
ENSDARG00000101597,2,1
ENSDARG00000101602,3,1
ENSDARG00000101606,3,2
ENSDARG00000101611,1,0
ENSDARG00000101612,4,0
ENSDARG00000101613,3,2
ENSDARG00000101617,4,1
ENSDARG00000101618,0,0
ENSDARG00000101619,3,0
ENSDARG00000101621,2,1
ENSDARG00000101622,4,1
ENSDARG00000101623,1,1
ENSDARG00000101624,1,1
ENSDARG00000101627,1,1
ENSDARG00000101628,4,0
ENSDARG00000101629,2,0
ENSDARG00000101631,4,2
ENSDARG00000101632,2,1
ENSDARG00000101633,2,0
ENSDARG00000101640,0,0
ENSDARG00000101641,3,0
ENSDARG00000101642,4,1
ENSDARG00000101644,2,1
ENSDARG00000101645,2,0
ENSDARG00000101646,2,1
ENSDARG00000101647,4,-1
ENSDARG00000101648,3,2
ENSDARG00000101651,4,0
ENSDARG00000101652,0,0
ENSDARG00000101653,2,1
ENSDARG00000101654,2,1
ENSDARG00000101655,3,2
ENSDARG00000101656,0,2
ENSDARG00000101659,3,0
ENSDARG00000101660,0,0
ENSDARG00000101661,2,0
ENSDARG00000101663,3,2
ENSDARG00000101664,1,1
ENSDARG00000101665,3,2
ENSDARG00000101667,2,1
ENSDARG00000101668,0,0
ENSDARG00000101669,5,1
ENSDARG00000101670,4,2
ENSDARG00000101672,1,1
ENSDARG00000101674,3,-1
ENSDARG00000101675,0,1
ENSDARG00000101676,0,2
ENSDARG00000101677,3,2
ENSDARG00000101679,5,1
ENSDARG00000101682,5,0
ENSDARG00000101684,1,1
ENSDARG00000101685,2,-1
ENSDARG00000101687,0,2
ENSDARG00000101688,5,0
ENSDARG00000101689,3,2
ENSDARG00000101690,5,0
ENSDARG00000101693,5,2
ENSDARG00000101694,2,0
ENSDARG00000101696,4,1
ENSDARG00000101697,4,2
ENSDARG00000101701,4,1
ENSDARG00000101702,2,1
ENSDARG00000101703,3,2
ENSDARG00000101704,2,1
ENSDARG00000101706,4,1
ENSDARG00000101707,4,2
ENSDARG00000101713,2,1
ENSDARG00000101715,4,1
ENSDARG00000101716,3,2
ENSDARG00000101717,5,0
ENSDARG00000101718,5,1
ENSDARG00000101719,0,1
ENSDARG00000101720,5,0
ENSDARG00000101721,4,1
ENSDARG00000101722,5,1
ENSDARG00000101725,4,1
ENSDARG00000101726,2,1
ENSDARG00000101727,3,0
ENSDARG00000101731,5,2
ENSDARG00000101735,0,0
ENSDARG00000101737,1,0
ENSDARG00000101738,5,2
ENSDARG00000101743,1,1
ENSDARG00000101748,1,1
ENSDARG00000101749,2,1
ENSDARG00000101750,5,2
ENSDARG00000101752,5,2
ENSDARG00000101753,4,2
ENSDARG00000101754,4,1
ENSDARG00000101755,2,0
ENSDARG00000101756,0,2
ENSDARG00000101757,4,1
ENSDARG00000101759,3,2
ENSDARG00000101760,5,0
ENSDARG00000101762,2,1
ENSDARG00000101763,0,0
ENSDARG00000101766,4,1
ENSDARG00000101767,5,0
ENSDARG00000101769,5,0
ENSDARG00000101774,5,2
ENSDARG00000101775,4,1
ENSDARG00000101776,3,2
ENSDARG00000101777,3,0
ENSDARG00000101778,0,0
ENSDARG00000101779,1,1
ENSDARG00000101785,3,2
ENSDARG00000101786,5,0
ENSDARG00000101787,0,0
ENSDARG00000101789,3,2
ENSDARG00000101790,1,1
ENSDARG00000101791,2,0
ENSDARG00000101792,3,0
ENSDARG00000101794,4,1
ENSDARG00000101795,4,1
ENSDARG00000101798,2,1
ENSDARG00000101799,1,0
ENSDARG00000101800,1,1
ENSDARG00000101802,2,0
ENSDARG00000101803,2,-1
ENSDARG00000101806,2,0
ENSDARG00000101807,1,1
ENSDARG00000101808,1,1
ENSDARG00000101812,0,0
ENSDARG00000101813,0,0
ENSDARG00000101814,3,1
ENSDARG00000101816,3,2
ENSDARG00000101817,1,1
ENSDARG00000101818,1,0
ENSDARG00000101819,2,1
ENSDARG00000101823,1,1
ENSDARG00000101825,4,0
ENSDARG00000101826,2,1
ENSDARG00000101828,4,1
ENSDARG00000101829,1,1
ENSDARG00000101831,4,0
ENSDARG00000101832,5,2
ENSDARG00000101834,1,0
ENSDARG00000101839,1,1
ENSDARG00000101842,5,0
ENSDARG00000101844,4,1
ENSDARG00000101845,4,1
ENSDARG00000101847,1,1
ENSDARG00000101849,0,1
ENSDARG00000101858,3,2
ENSDARG00000101859,1,0
ENSDARG00000101861,2,1
ENSDARG00000101863,0,2
ENSDARG00000101865,3,2
ENSDARG00000101866,2,0
ENSDARG00000101867,4,1
ENSDARG00000101868,0,0
ENSDARG00000101869,0,2
ENSDARG00000101871,4,1
ENSDARG00000101872,3,2
ENSDARG00000101873,1,-1
ENSDARG00000101876,5,1
ENSDARG00000101877,1,1
ENSDARG00000101878,5,1
ENSDARG00000101883,4,1
ENSDARG00000101885,0,0
ENSDARG00000101886,0,2
ENSDARG00000101888,2,0
ENSDARG00000101890,3,0
ENSDARG00000101891,5,1
ENSDARG00000101892,4,0
ENSDARG00000101893,2,1
ENSDARG00000101894,0,1
ENSDARG00000101899,3,2
ENSDARG00000101900,5,1
ENSDARG00000101901,0,0
ENSDARG00000101902,2,1
ENSDARG00000101903,0,2
ENSDARG00000101907,1,0
ENSDARG00000101908,3,0
ENSDARG00000101910,4,1
ENSDARG00000101911,3,0
ENSDARG00000101913,0,1
ENSDARG00000101914,0,1
ENSDARG00000101915,4,1
ENSDARG00000101916,3,2
ENSDARG00000101917,3,0
ENSDARG00000101918,1,1
ENSDARG00000101919,4,1
ENSDARG00000101923,2,-1
ENSDARG00000101924,2,1
ENSDARG00000101925,5,1
ENSDARG00000101927,3,2
ENSDARG00000101928,5,2
ENSDARG00000101930,2,1
ENSDARG00000101933,2,0
ENSDARG00000101934,0,0
ENSDARG00000101935,5,0
ENSDARG00000101936,2,0
ENSDARG00000101937,2,-1
ENSDARG00000101938,2,1
ENSDARG00000101939,0,1
ENSDARG00000101942,5,2
ENSDARG00000101946,5,0
ENSDARG00000101947,5,0
ENSDARG00000101948,4,1
ENSDARG00000101949,3,2
ENSDARG00000101954,4,0
ENSDARG00000101955,5,0
ENSDARG00000101956,2,1
ENSDARG00000101959,3,2
ENSDARG00000101960,5,0
ENSDARG00000101961,0,1
ENSDARG00000101963,5,1
ENSDARG00000101964,3,2
ENSDARG00000101966,1,1
ENSDARG00000101967,3,2
ENSDARG00000101968,1,-1
ENSDARG00000101969,2,1
ENSDARG00000101971,1,1
ENSDARG00000101977,4,1
ENSDARG00000101979,2,1
ENSDARG00000101980,4,1
ENSDARG00000101982,0,0
ENSDARG00000101983,0,2
ENSDARG00000101984,3,2
ENSDARG00000101985,5,0
ENSDARG00000101986,0,0
ENSDARG00000101987,0,0
ENSDARG00000101989,4,1
ENSDARG00000101990,2,1
ENSDARG00000101992,2,1
ENSDARG00000101994,1,1
ENSDARG00000101995,3,2
ENSDARG00000101996,0,1
ENSDARG00000101998,5,0
ENSDARG00000101999,5,2
ENSDARG00000102001,2,-1
ENSDARG00000102003,5,2
ENSDARG00000102004,3,2
ENSDARG00000102005,1,1
ENSDARG00000102008,1,1
ENSDARG00000102012,2,0
ENSDARG00000102013,0,1
ENSDARG00000102015,1,1
ENSDARG00000102017,2,0
ENSDARG00000102018,0,0
ENSDARG00000102019,4,1
ENSDARG00000102020,2,1
ENSDARG00000102021,0,2
ENSDARG00000102022,0,2
ENSDARG00000102023,2,0
ENSDARG00000102024,5,0
ENSDARG00000102025,2,0
ENSDARG00000102026,0,0
ENSDARG00000102027,5,2
ENSDARG00000102029,4,0
ENSDARG00000102031,5,0
ENSDARG00000102033,5,2
ENSDARG00000102034,2,0
ENSDARG00000102040,4,1
ENSDARG00000102042,2,0
ENSDARG00000102045,2,1
ENSDARG00000102047,3,2
ENSDARG00000102049,0,1
ENSDARG00000102050,0,0
ENSDARG00000102051,3,2
ENSDARG00000102054,1,1
ENSDARG00000102055,3,0
ENSDARG00000102056,4,2
ENSDARG00000102058,4,0
ENSDARG00000102059,2,1
ENSDARG00000102061,2,0
ENSDARG00000102062,5,0
ENSDARG00000102064,2,0
ENSDARG00000102066,0,0
ENSDARG00000102067,0,1
ENSDARG00000102068,0,0
ENSDARG00000102069,1,1
ENSDARG00000102070,0,0
ENSDARG00000102071,2,0
ENSDARG00000102075,2,1
ENSDARG00000102076,0,0
ENSDARG00000102078,5,1
ENSDARG00000102080,5,0
ENSDARG00000102081,1,1
ENSDARG00000102082,2,1
ENSDARG00000102085,5,0
ENSDARG00000102087,1,0
ENSDARG00000102094,2,1
ENSDARG00000102095,2,1
ENSDARG00000102096,3,2
ENSDARG00000102097,5,0
ENSDARG00000102098,4,1
ENSDARG00000102099,5,0
ENSDARG00000102100,3,2
ENSDARG00000102101,3,0
ENSDARG00000102104,1,1
ENSDARG00000102105,4,1
ENSDARG00000102106,3,2
ENSDARG00000102110,2,0
ENSDARG00000102111,5,1
ENSDARG00000102114,0,0
ENSDARG00000102115,0,0
ENSDARG00000102116,3,2
ENSDARG00000102119,0,0
ENSDARG00000102120,2,1
ENSDARG00000102123,4,1
ENSDARG00000102124,1,0
ENSDARG00000102125,2,0
ENSDARG00000102127,3,0
ENSDARG00000102129,0,1
ENSDARG00000102130,5,0
ENSDARG00000102132,0,1
ENSDARG00000102138,4,0
ENSDARG00000102139,0,2
ENSDARG00000102142,4,1
ENSDARG00000102143,0,0
ENSDARG00000102144,1,1
ENSDARG00000102145,5,1
ENSDARG00000102147,0,2
ENSDARG00000102151,5,0
ENSDARG00000102153,4,0
ENSDARG00000102154,5,0
ENSDARG00000102156,1,1
ENSDARG00000102157,2,1
ENSDARG00000102158,2,-1
ENSDARG00000102159,5,0
ENSDARG00000102160,0,2
ENSDARG00000102161,2,1
ENSDARG00000102162,5,0
ENSDARG00000102165,3,2
ENSDARG00000102166,1,1
ENSDARG00000102167,0,2
ENSDARG00000102173,2,1
ENSDARG00000102174,0,1
ENSDARG00000102175,2,1
ENSDARG00000102178,4,2
ENSDARG00000102180,4,1
ENSDARG00000102185,2,1
ENSDARG00000102188,2,1
ENSDARG00000102189,2,-1
ENSDARG00000102191,3,0
ENSDARG00000102195,0,0
ENSDARG00000102198,2,1
ENSDARG00000102199,3,0
ENSDARG00000102200,0,2
ENSDARG00000102202,4,1
ENSDARG00000102204,3,2
ENSDARG00000102206,2,0
ENSDARG00000102207,4,1
ENSDARG00000102210,2,1
ENSDARG00000102211,4,1
ENSDARG00000102212,3,2
ENSDARG00000102215,3,2
ENSDARG00000102216,3,0
ENSDARG00000102217,1,0
ENSDARG00000102218,0,1
ENSDARG00000102219,5,0
ENSDARG00000102221,4,1
ENSDARG00000102224,2,1
ENSDARG00000102226,2,0
ENSDARG00000102227,4,1
ENSDARG00000102228,1,0
ENSDARG00000102229,3,2
ENSDARG00000102234,4,1
ENSDARG00000102241,4,0
ENSDARG00000102243,2,1
ENSDARG00000102245,1,0
ENSDARG00000102247,3,2
ENSDARG00000102249,1,1
ENSDARG00000102251,2,1
ENSDARG00000102254,0,1
ENSDARG00000102257,4,1
ENSDARG00000102258,5,0
ENSDARG00000102261,4,2
ENSDARG00000102262,2,1
ENSDARG00000102264,5,0
ENSDARG00000102265,1,0
ENSDARG00000102266,4,2
ENSDARG00000102272,3,0
ENSDARG00000102273,3,2
ENSDARG00000102274,4,1
ENSDARG00000102277,1,1
ENSDARG00000102279,3,0
ENSDARG00000102281,2,1
ENSDARG00000102282,5,2
ENSDARG00000102283,2,1
ENSDARG00000102288,2,1
ENSDARG00000102291,3,0
ENSDARG00000102292,2,1
ENSDARG00000102294,5,1
ENSDARG00000102296,2,0
ENSDARG00000102297,1,0
ENSDARG00000102299,2,1
ENSDARG00000102301,5,0
ENSDARG00000102302,0,2
ENSDARG00000102303,4,1
ENSDARG00000102307,5,2
ENSDARG00000102308,0,2
ENSDARG00000102310,0,2
ENSDARG00000102312,0,2
ENSDARG00000102316,1,1
ENSDARG00000102317,4,1
ENSDARG00000102318,1,1
ENSDARG00000102319,2,1
ENSDARG00000102320,5,1
ENSDARG00000102321,5,2
ENSDARG00000102325,0,0
ENSDARG00000102328,5,1
ENSDARG00000102329,2,0
ENSDARG00000102332,0,1
ENSDARG00000102333,5,0
ENSDARG00000102334,0,2
ENSDARG00000102335,0,0
ENSDARG00000102336,2,1
ENSDARG00000102339,4,1
ENSDARG00000102340,3,2
ENSDARG00000102341,0,2
ENSDARG00000102342,2,0
ENSDARG00000102343,4,1
ENSDARG00000102349,5,2
ENSDARG00000102356,0,1
ENSDARG00000102357,1,1
ENSDARG00000102358,2,1
ENSDARG00000102363,5,2
ENSDARG00000102364,2,1
ENSDARG00000102365,5,2
ENSDARG00000102366,0,1
ENSDARG00000102367,2,1
ENSDARG00000102368,2,0
ENSDARG00000102370,5,0
ENSDARG00000102372,5,2
ENSDARG00000102375,0,0
ENSDARG00000102376,3,2
ENSDARG00000102377,5,2
ENSDARG00000102379,0,2
ENSDARG00000102380,2,0
ENSDARG00000102381,0,0
ENSDARG00000102385,0,0
ENSDARG00000102387,5,1
ENSDARG00000102389,5,0
ENSDARG00000102390,5,1
ENSDARG00000102394,0,2
ENSDARG00000102395,3,2
ENSDARG00000102397,1,1
ENSDARG00000102398,2,0
ENSDARG00000102401,5,0
ENSDARG00000102402,5,1
ENSDARG00000102403,0,2
ENSDARG00000102406,3,0
ENSDARG00000102412,2,0
ENSDARG00000102414,2,1
ENSDARG00000102415,3,2
ENSDARG00000102418,3,1
ENSDARG00000102419,0,1
ENSDARG00000102421,0,1
ENSDARG00000102422,1,1
ENSDARG00000102423,2,1
ENSDARG00000102424,2,0
ENSDARG00000102426,0,0
ENSDARG00000102430,2,1
ENSDARG00000102432,2,1
ENSDARG00000102433,0,0
ENSDARG00000102434,5,1
ENSDARG00000102436,2,1
ENSDARG00000102438,2,1
ENSDARG00000102440,3,2
ENSDARG00000102441,5,1
ENSDARG00000102442,2,1
ENSDARG00000102443,2,1
ENSDARG00000102445,3,2
ENSDARG00000102446,5,2
ENSDARG00000102447,3,2
ENSDARG00000102448,5,1
ENSDARG00000102450,2,0
ENSDARG00000102452,4,1
ENSDARG00000102453,3,0
ENSDARG00000102454,4,0
ENSDARG00000102455,5,0
ENSDARG00000102456,3,2
ENSDARG00000102458,5,0
ENSDARG00000102460,2,1
ENSDARG00000102461,3,2
ENSDARG00000102462,0,2
ENSDARG00000102463,0,0
ENSDARG00000102466,1,0
ENSDARG00000102468,2,1
ENSDARG00000102470,0,0
ENSDARG00000102472,2,1
ENSDARG00000102473,0,2
ENSDARG00000102477,4,1
ENSDARG00000102478,4,1
ENSDARG00000102480,0,2
ENSDARG00000102482,3,0
ENSDARG00000102483,1,0
ENSDARG00000102486,1,0
ENSDARG00000102488,4,1
ENSDARG00000102490,4,1
ENSDARG00000102491,3,2
ENSDARG00000102493,0,2
ENSDARG00000102496,1,1
ENSDARG00000102497,3,2
ENSDARG00000102499,3,2
ENSDARG00000102501,4,0
ENSDARG00000102503,4,0
ENSDARG00000102505,0,2
ENSDARG00000102506,4,0
ENSDARG00000102511,5,2
ENSDARG00000102512,1,1
ENSDARG00000102513,5,2
ENSDARG00000102514,2,0
ENSDARG00000102517,2,0
ENSDARG00000102518,1,-1
ENSDARG00000102519,1,1
ENSDARG00000102520,3,2
ENSDARG00000102525,0,1
ENSDARG00000102528,5,2
ENSDARG00000102529,1,1
ENSDARG00000102531,0,0
ENSDARG00000102533,4,1
ENSDARG00000102537,5,0
ENSDARG00000102538,3,1
ENSDARG00000102543,1,1
ENSDARG00000102544,5,1
ENSDARG00000102546,5,2
ENSDARG00000102550,5,2
ENSDARG00000102551,4,0
ENSDARG00000102554,3,1
ENSDARG00000102555,2,1
ENSDARG00000102556,0,2
ENSDARG00000102557,2,1
ENSDARG00000102558,2,1
ENSDARG00000102559,5,0
ENSDARG00000102561,1,1
ENSDARG00000102564,3,2
ENSDARG00000102565,4,0
ENSDARG00000102568,2,1
ENSDARG00000102569,5,1
ENSDARG00000102570,2,-1
ENSDARG00000102571,5,0
ENSDARG00000102572,4,1
ENSDARG00000102575,2,1
ENSDARG00000102578,0,0
ENSDARG00000102579,5,1
ENSDARG00000102580,1,1
ENSDARG00000102581,1,1
ENSDARG00000102583,2,0
ENSDARG00000102584,2,1
ENSDARG00000102585,2,1
ENSDARG00000102586,5,1
ENSDARG00000102587,5,2
ENSDARG00000102590,5,0
ENSDARG00000102593,4,0
ENSDARG00000102594,4,1
ENSDARG00000102595,3,2
ENSDARG00000102599,2,0
ENSDARG00000102600,5,0
ENSDARG00000102601,5,1
ENSDARG00000102602,2,1
ENSDARG00000102604,0,2
ENSDARG00000102605,0,0
ENSDARG00000102606,1,1
ENSDARG00000102607,1,0
ENSDARG00000102610,0,1
ENSDARG00000102611,1,0
ENSDARG00000102612,0,0
ENSDARG00000102614,2,1
ENSDARG00000102615,5,0
ENSDARG00000102616,2,1
ENSDARG00000102624,5,1
ENSDARG00000102625,1,1
ENSDARG00000102626,3,0
ENSDARG00000102631,4,2
ENSDARG00000102632,5,0
ENSDARG00000102634,0,2
ENSDARG00000102635,1,1
ENSDARG00000102636,0,0
ENSDARG00000102638,4,1
ENSDARG00000102639,4,1
ENSDARG00000102640,3,0
ENSDARG00000102643,5,2
ENSDARG00000102644,4,1
ENSDARG00000102645,5,1
ENSDARG00000102650,2,1
ENSDARG00000102651,3,2
ENSDARG00000102655,5,0
ENSDARG00000102657,3,0
ENSDARG00000102658,5,0
ENSDARG00000102659,1,1
ENSDARG00000102665,5,2
ENSDARG00000102669,3,2
ENSDARG00000102671,2,0
ENSDARG00000102673,1,1
ENSDARG00000102675,2,0
ENSDARG00000102679,4,1
ENSDARG00000102680,2,1
ENSDARG00000102684,0,0
ENSDARG00000102687,3,1
ENSDARG00000102689,2,0
ENSDARG00000102690,2,0
ENSDARG00000102693,0,0
ENSDARG00000102694,5,0
ENSDARG00000102696,3,0
ENSDARG00000102701,4,1
ENSDARG00000102702,3,2
ENSDARG00000102706,2,1
ENSDARG00000102710,2,1
ENSDARG00000102712,4,1
ENSDARG00000102715,2,1
ENSDARG00000102716,2,1
ENSDARG00000102717,0,0
ENSDARG00000102719,3,1
ENSDARG00000102720,2,1
ENSDARG00000102724,0,0
ENSDARG00000102725,5,1
ENSDARG00000102727,5,0
ENSDARG00000102728,4,1
ENSDARG00000102729,2,1
ENSDARG00000102730,3,2
ENSDARG00000102731,1,1
ENSDARG00000102734,0,2
ENSDARG00000102736,0,0
ENSDARG00000102744,3,1
ENSDARG00000102746,1,0
ENSDARG00000102748,1,0
ENSDARG00000102750,0,1
ENSDARG00000102751,0,0
ENSDARG00000102753,1,1
ENSDARG00000102755,3,0
ENSDARG00000102757,2,-1
ENSDARG00000102758,0,2
ENSDARG00000102759,2,0
ENSDARG00000102761,5,2
ENSDARG00000102762,0,2
ENSDARG00000102766,5,1
ENSDARG00000102769,2,0
ENSDARG00000102772,3,1
ENSDARG00000102773,2,0
ENSDARG00000102774,0,0
ENSDARG00000102777,3,0
ENSDARG00000102778,1,1
ENSDARG00000102783,4,0
ENSDARG00000102787,1,0
ENSDARG00000102788,5,0
ENSDARG00000102791,1,1
ENSDARG00000102792,4,0
ENSDARG00000102795,0,1
ENSDARG00000102796,5,2
ENSDARG00000102797,0,0
ENSDARG00000102798,4,1
ENSDARG00000102800,5,2
ENSDARG00000102802,0,0
ENSDARG00000102803,3,2
ENSDARG00000102806,5,2
ENSDARG00000102807,0,0
ENSDARG00000102810,0,0
ENSDARG00000102813,2,0
ENSDARG00000102815,3,2
ENSDARG00000102820,3,0
ENSDARG00000102822,4,1
ENSDARG00000102823,2,1
ENSDARG00000102824,4,0
ENSDARG00000102825,3,0
ENSDARG00000102827,0,0
ENSDARG00000102828,5,1
ENSDARG00000102829,5,0
ENSDARG00000102831,5,1
ENSDARG00000102832,1,0
ENSDARG00000102835,3,2
ENSDARG00000102836,3,-1
ENSDARG00000102837,1,1
ENSDARG00000102839,2,1
ENSDARG00000102843,5,2
ENSDARG00000102844,0,2
ENSDARG00000102845,3,2
ENSDARG00000102846,5,2
ENSDARG00000102850,4,1
ENSDARG00000102855,3,0
ENSDARG00000102856,5,0
ENSDARG00000102858,0,0
ENSDARG00000102859,4,2
ENSDARG00000102865,0,0
ENSDARG00000102866,3,2
ENSDARG00000102867,4,0
ENSDARG00000102872,0,0
ENSDARG00000102873,4,1
ENSDARG00000102874,3,1
ENSDARG00000102877,0,1
ENSDARG00000102878,2,0
ENSDARG00000102879,3,0
ENSDARG00000102882,3,2
ENSDARG00000102883,2,1
ENSDARG00000102884,5,0
ENSDARG00000102885,1,0
ENSDARG00000102887,2,0
ENSDARG00000102888,2,1
ENSDARG00000102889,0,1
ENSDARG00000102890,2,1
ENSDARG00000102891,5,2
ENSDARG00000102892,0,1
ENSDARG00000102893,2,0
ENSDARG00000102895,2,1
ENSDARG00000102896,0,0
ENSDARG00000102898,0,2
ENSDARG00000102899,4,0
ENSDARG00000102900,3,2
ENSDARG00000102902,0,1
ENSDARG00000102904,4,1
ENSDARG00000102905,4,-1
ENSDARG00000102906,1,0
ENSDARG00000102908,3,2
ENSDARG00000102911,4,1
ENSDARG00000102912,2,0
ENSDARG00000102914,2,0
ENSDARG00000102923,1,1
ENSDARG00000102924,3,2
ENSDARG00000102926,0,2
ENSDARG00000102929,5,2
ENSDARG00000102930,1,1
ENSDARG00000102931,1,0
ENSDARG00000102933,2,1
ENSDARG00000102934,1,-1
ENSDARG00000102937,1,1
ENSDARG00000102941,3,2
ENSDARG00000102945,2,1
ENSDARG00000102946,1,1
ENSDARG00000102948,2,0
ENSDARG00000102949,4,-1
ENSDARG00000102953,5,2
ENSDARG00000102955,4,1
ENSDARG00000102956,3,2
ENSDARG00000102957,2,1
ENSDARG00000102959,0,0
ENSDARG00000102963,1,0
ENSDARG00000102964,5,1
ENSDARG00000102965,0,0
ENSDARG00000102967,2,1
ENSDARG00000102968,2,1
ENSDARG00000102969,1,0
ENSDARG00000102970,1,1
ENSDARG00000102972,4,1
ENSDARG00000102973,0,0
ENSDARG00000102974,5,1
ENSDARG00000102975,3,1
ENSDARG00000102976,3,2
ENSDARG00000102978,1,1
ENSDARG00000102981,4,0
ENSDARG00000102982,3,2
ENSDARG00000102983,3,2
ENSDARG00000102985,0,0
ENSDARG00000102986,3,2
ENSDARG00000102987,0,2
ENSDARG00000102989,3,2
ENSDARG00000102992,0,2
ENSDARG00000102994,1,1
ENSDARG00000102997,5,2
ENSDARG00000102999,5,0
ENSDARG00000103001,3,0
ENSDARG00000103002,3,0
ENSDARG00000103003,2,1
ENSDARG00000103004,1,0
ENSDARG00000103006,0,1
ENSDARG00000103007,4,1
ENSDARG00000103009,2,-1
ENSDARG00000103011,4,2
ENSDARG00000103013,3,2
ENSDARG00000103015,5,0
ENSDARG00000103017,2,0
ENSDARG00000103019,2,1
ENSDARG00000103020,3,2
ENSDARG00000103021,5,0
ENSDARG00000103024,0,1
ENSDARG00000103025,0,2
ENSDARG00000103026,4,0
ENSDARG00000103031,1,1
ENSDARG00000103032,5,0
ENSDARG00000103034,2,1
ENSDARG00000103037,4,1
ENSDARG00000103039,2,0
ENSDARG00000103042,4,1
ENSDARG00000103044,4,0
ENSDARG00000103045,4,1
ENSDARG00000103046,5,2
ENSDARG00000103048,1,1
ENSDARG00000103049,5,1
ENSDARG00000103050,2,0
ENSDARG00000103052,5,1
ENSDARG00000103053,4,1
ENSDARG00000103054,0,1
ENSDARG00000103056,4,2
ENSDARG00000103057,3,2
ENSDARG00000103060,4,1
ENSDARG00000103066,0,0
ENSDARG00000103067,4,2
ENSDARG00000103069,2,0
ENSDARG00000103071,3,2
ENSDARG00000103074,5,0
ENSDARG00000103078,1,0
ENSDARG00000103081,2,1
ENSDARG00000103087,5,0
ENSDARG00000103091,3,2
ENSDARG00000103092,4,1
ENSDARG00000103093,4,0
ENSDARG00000103095,3,1
ENSDARG00000103098,1,1
ENSDARG00000103099,4,1
ENSDARG00000103100,2,1
ENSDARG00000103101,3,0
ENSDARG00000103102,3,2
ENSDARG00000103103,3,2
ENSDARG00000103105,2,1
ENSDARG00000103106,3,0
ENSDARG00000103108,5,1
ENSDARG00000103109,3,0
ENSDARG00000103112,2,-1
ENSDARG00000103114,3,2
ENSDARG00000103117,0,0
ENSDARG00000103118,4,0
ENSDARG00000103119,3,2
ENSDARG00000103121,5,1
ENSDARG00000103123,2,0
ENSDARG00000103124,3,2
ENSDARG00000103125,0,1
ENSDARG00000103127,1,1
ENSDARG00000103129,4,1
ENSDARG00000103132,4,2
ENSDARG00000103133,4,1
ENSDARG00000103134,5,2
ENSDARG00000103137,1,0
ENSDARG00000103139,2,1
ENSDARG00000103141,0,1
ENSDARG00000103143,2,1
ENSDARG00000103144,5,2
ENSDARG00000103145,1,0
ENSDARG00000103146,5,0
ENSDARG00000103148,0,2
ENSDARG00000103149,5,1
ENSDARG00000103154,4,1
ENSDARG00000103155,5,1
ENSDARG00000103156,2,0
ENSDARG00000103158,0,1
ENSDARG00000103160,3,-1
ENSDARG00000103163,1,1
ENSDARG00000103164,5,1
ENSDARG00000103166,3,0
ENSDARG00000103167,2,1
ENSDARG00000103172,5,0
ENSDARG00000103173,5,1
ENSDARG00000103176,3,1
ENSDARG00000103180,5,1
ENSDARG00000103181,3,2
ENSDARG00000103183,2,1
ENSDARG00000103184,0,2
ENSDARG00000103186,0,0
ENSDARG00000103187,5,2
ENSDARG00000103190,4,1
ENSDARG00000103193,4,0
ENSDARG00000103195,3,0
ENSDARG00000103196,5,2
ENSDARG00000103197,2,1
ENSDARG00000103199,3,2
ENSDARG00000103200,0,0
ENSDARG00000103202,2,1
ENSDARG00000103203,5,1
ENSDARG00000103205,0,2
ENSDARG00000103207,0,2
ENSDARG00000103208,2,1
ENSDARG00000103211,0,0
ENSDARG00000103215,2,1
ENSDARG00000103218,2,1
ENSDARG00000103220,5,0
ENSDARG00000103224,0,0
ENSDARG00000103225,5,1
ENSDARG00000103226,2,0
ENSDARG00000103227,1,0
ENSDARG00000103229,2,1
ENSDARG00000103230,0,2
ENSDARG00000103231,3,2
ENSDARG00000103234,1,0
ENSDARG00000103235,0,1
ENSDARG00000103237,5,1
ENSDARG00000103239,5,0
ENSDARG00000103241,5,0
ENSDARG00000103243,4,0
ENSDARG00000103245,5,0
ENSDARG00000103247,5,0
ENSDARG00000103248,2,0
ENSDARG00000103252,2,-1
ENSDARG00000103253,3,0
ENSDARG00000103254,3,2
ENSDARG00000103259,2,0
ENSDARG00000103261,4,0
ENSDARG00000103264,2,1
ENSDARG00000103265,2,1
ENSDARG00000103266,0,0
ENSDARG00000103268,0,2
ENSDARG00000103270,4,2
ENSDARG00000103271,2,0
ENSDARG00000103273,2,1
ENSDARG00000103274,2,0
ENSDARG00000103276,2,1
ENSDARG00000103278,3,2
ENSDARG00000103281,2,1
ENSDARG00000103283,5,2
ENSDARG00000103285,5,1
ENSDARG00000103286,2,0
ENSDARG00000103288,3,0
ENSDARG00000103290,2,0
ENSDARG00000103293,4,0
ENSDARG00000103294,4,0
ENSDARG00000103296,5,1
ENSDARG00000103298,5,2
ENSDARG00000103304,1,1
ENSDARG00000103305,2,0
ENSDARG00000103308,4,1
ENSDARG00000103309,3,2
ENSDARG00000103310,1,1
ENSDARG00000103311,4,0
ENSDARG00000103312,2,0
ENSDARG00000103313,3,0
ENSDARG00000103315,3,2
ENSDARG00000103316,1,1
ENSDARG00000103317,0,1
ENSDARG00000103320,0,2
ENSDARG00000103321,1,0
ENSDARG00000103323,0,0
ENSDARG00000103324,2,1
ENSDARG00000103330,3,2
ENSDARG00000103333,3,2
ENSDARG00000103336,0,0
ENSDARG00000103337,5,0
ENSDARG00000103340,3,0
ENSDARG00000103341,1,1
ENSDARG00000103343,5,0
ENSDARG00000103345,2,0
ENSDARG00000103346,5,0
ENSDARG00000103347,4,1
ENSDARG00000103348,1,1
ENSDARG00000103351,3,2
ENSDARG00000103352,1,-1
ENSDARG00000103359,2,1
ENSDARG00000103360,5,2
ENSDARG00000103361,3,1
ENSDARG00000103362,1,0
ENSDARG00000103365,1,1
ENSDARG00000103367,5,2
ENSDARG00000103369,4,1
ENSDARG00000103370,4,0
ENSDARG00000103371,4,0
ENSDARG00000103379,4,0
ENSDARG00000103380,2,0
ENSDARG00000103381,3,2
ENSDARG00000103382,1,0
ENSDARG00000103383,4,0
ENSDARG00000103384,3,1
ENSDARG00000103386,1,0
ENSDARG00000103388,0,0
ENSDARG00000103390,0,2
ENSDARG00000103391,3,0
ENSDARG00000103394,3,0
ENSDARG00000103395,4,1
ENSDARG00000103396,2,0
ENSDARG00000103398,3,2
ENSDARG00000103399,0,1
ENSDARG00000103400,1,1
ENSDARG00000103404,4,1
ENSDARG00000103405,5,0
ENSDARG00000103409,5,1
ENSDARG00000103413,3,1
ENSDARG00000103415,1,1
ENSDARG00000103417,1,1
ENSDARG00000103418,2,0
ENSDARG00000103420,5,2
ENSDARG00000103422,5,2
ENSDARG00000103424,1,1
ENSDARG00000103425,2,1
ENSDARG00000103428,4,1
ENSDARG00000103429,4,-1
ENSDARG00000103431,1,1
ENSDARG00000103432,1,1
ENSDARG00000103433,4,1
ENSDARG00000103434,1,1
ENSDARG00000103435,4,1
ENSDARG00000103436,4,1
ENSDARG00000103439,1,1
ENSDARG00000103441,5,0
ENSDARG00000103443,4,1
ENSDARG00000103450,1,1
ENSDARG00000103451,3,-1
ENSDARG00000103453,5,1
ENSDARG00000103454,2,0
ENSDARG00000103456,4,0
ENSDARG00000103457,0,0
ENSDARG00000103458,1,0
ENSDARG00000103459,4,0
ENSDARG00000103462,3,0
ENSDARG00000103466,2,0
ENSDARG00000103467,3,1
ENSDARG00000103469,0,1
ENSDARG00000103470,0,1
ENSDARG00000103471,1,1
ENSDARG00000103472,1,0
ENSDARG00000103473,1,1
ENSDARG00000103474,5,0
ENSDARG00000103476,4,1
ENSDARG00000103477,0,2
ENSDARG00000103478,0,2
ENSDARG00000103479,3,1
ENSDARG00000103480,3,0
ENSDARG00000103483,2,0
ENSDARG00000103484,0,2
ENSDARG00000103485,2,1
ENSDARG00000103486,2,-1
ENSDARG00000103487,5,0
ENSDARG00000103488,4,1
ENSDARG00000103490,3,2
ENSDARG00000103492,1,1
ENSDARG00000103494,0,2
ENSDARG00000103495,1,1
ENSDARG00000103497,5,0
ENSDARG00000103498,2,1
ENSDARG00000103500,4,1
ENSDARG00000103502,1,1
ENSDARG00000103503,2,1
ENSDARG00000103504,2,1
ENSDARG00000103505,2,0
ENSDARG00000103506,5,1
ENSDARG00000103507,1,1
ENSDARG00000103508,1,1
ENSDARG00000103509,2,1
ENSDARG00000103510,5,0
ENSDARG00000103511,0,0
ENSDARG00000103515,4,1
ENSDARG00000103517,3,2
ENSDARG00000103518,2,0
ENSDARG00000103519,3,0
ENSDARG00000103520,2,1
ENSDARG00000103521,4,1
ENSDARG00000103522,5,2
ENSDARG00000103523,5,1
ENSDARG00000103525,0,1
ENSDARG00000103527,1,1
ENSDARG00000103529,2,0
ENSDARG00000103533,4,1
ENSDARG00000103534,4,1
ENSDARG00000103535,0,1
ENSDARG00000103536,5,0
ENSDARG00000103537,0,1
ENSDARG00000103538,4,1
ENSDARG00000103540,0,2
ENSDARG00000103542,4,2
ENSDARG00000103543,2,1
ENSDARG00000103545,4,1
ENSDARG00000103546,1,1
ENSDARG00000103549,5,1
ENSDARG00000103551,5,1
ENSDARG00000103552,2,0
ENSDARG00000103553,1,1
ENSDARG00000103554,1,1
ENSDARG00000103555,2,1
ENSDARG00000103556,3,2
ENSDARG00000103564,2,1
ENSDARG00000103566,4,0
ENSDARG00000103569,5,0
ENSDARG00000103572,2,1
ENSDARG00000103574,3,2
ENSDARG00000103576,4,0
ENSDARG00000103577,0,1
ENSDARG00000103578,5,2
ENSDARG00000103580,5,0
ENSDARG00000103583,1,1
ENSDARG00000103584,2,1
ENSDARG00000103586,4,2
ENSDARG00000103588,3,2
ENSDARG00000103590,4,1
ENSDARG00000103591,2,1
ENSDARG00000103594,5,0
ENSDARG00000103595,0,2
ENSDARG00000103597,5,0
ENSDARG00000103600,3,2
ENSDARG00000103602,3,2
ENSDARG00000103603,0,0
ENSDARG00000103606,5,1
ENSDARG00000103607,4,0
ENSDARG00000103608,0,2
ENSDARG00000103609,0,2
ENSDARG00000103610,1,0
ENSDARG00000103612,2,0
ENSDARG00000103614,1,0
ENSDARG00000103615,4,1
ENSDARG00000103616,5,1
ENSDARG00000103618,5,2
ENSDARG00000103619,1,1
ENSDARG00000103625,5,1
ENSDARG00000103634,2,1
ENSDARG00000103635,3,2
ENSDARG00000103636,1,1
ENSDARG00000103638,5,1
ENSDARG00000103639,2,1
ENSDARG00000103644,4,0
ENSDARG00000103647,3,0
ENSDARG00000103648,3,2
ENSDARG00000103650,2,1
ENSDARG00000103651,3,2
ENSDARG00000103653,5,0
ENSDARG00000103658,0,2
ENSDARG00000103662,3,2
ENSDARG00000103663,4,1
ENSDARG00000103665,5,1
ENSDARG00000103666,0,0
ENSDARG00000103668,2,1
ENSDARG00000103670,4,1
ENSDARG00000103672,1,1
ENSDARG00000103674,2,1
ENSDARG00000103676,3,1
ENSDARG00000103677,0,2
ENSDARG00000103678,2,0
ENSDARG00000103679,2,1
ENSDARG00000103681,0,0
ENSDARG00000103683,5,2
ENSDARG00000103684,0,2
ENSDARG00000103685,2,1
ENSDARG00000103687,2,1
ENSDARG00000103689,1,1
ENSDARG00000103690,2,0
ENSDARG00000103692,3,2
ENSDARG00000103697,2,0
ENSDARG00000103699,0,0
ENSDARG00000103700,5,2
ENSDARG00000103702,2,1
ENSDARG00000103703,5,0
ENSDARG00000103704,0,1
ENSDARG00000103709,3,2
ENSDARG00000103712,4,2
ENSDARG00000103713,3,2
ENSDARG00000103715,2,1
ENSDARG00000103716,2,1
ENSDARG00000103717,1,1
ENSDARG00000103719,1,1
ENSDARG00000103720,4,1
ENSDARG00000103721,1,1
ENSDARG00000103725,4,1
ENSDARG00000103727,4,0
ENSDARG00000103728,1,0
ENSDARG00000103730,4,1
ENSDARG00000103732,4,2
ENSDARG00000103734,5,1
ENSDARG00000103735,0,2
ENSDARG00000103736,3,1
ENSDARG00000103737,0,2
ENSDARG00000103738,5,1
ENSDARG00000103739,4,0
ENSDARG00000103740,4,1
ENSDARG00000103743,2,1
ENSDARG00000103744,4,1
ENSDARG00000103745,2,1
ENSDARG00000103746,0,2
ENSDARG00000103747,4,0
ENSDARG00000103748,4,2
ENSDARG00000103749,1,1
ENSDARG00000103750,4,0
ENSDARG00000103752,2,0
ENSDARG00000103754,1,1
ENSDARG00000103755,4,1
ENSDARG00000103756,4,1
ENSDARG00000103759,4,0
ENSDARG00000103760,3,2
ENSDARG00000103761,5,0
ENSDARG00000103762,2,1
ENSDARG00000103764,2,1
ENSDARG00000103765,4,1
ENSDARG00000103766,4,0
ENSDARG00000103767,4,1
ENSDARG00000103770,1,0
ENSDARG00000103771,1,0
ENSDARG00000103772,1,1
ENSDARG00000103773,2,1
ENSDARG00000103774,3,1
ENSDARG00000103775,3,2
ENSDARG00000103776,1,1
ENSDARG00000103783,4,1
ENSDARG00000103784,5,2
ENSDARG00000103785,3,2
ENSDARG00000103786,2,0
ENSDARG00000103787,5,1
ENSDARG00000103788,4,1
ENSDARG00000103789,3,2
ENSDARG00000103792,0,2
ENSDARG00000103799,4,1
ENSDARG00000103800,0,1
ENSDARG00000103802,3,0
ENSDARG00000103806,2,1
ENSDARG00000103807,5,2
ENSDARG00000103809,4,1
ENSDARG00000103810,2,1
ENSDARG00000103811,3,1
ENSDARG00000103813,0,0
ENSDARG00000103815,5,2
ENSDARG00000103817,2,0
ENSDARG00000103818,2,1
ENSDARG00000103819,5,0
ENSDARG00000103823,0,1
ENSDARG00000103824,4,1
ENSDARG00000103825,2,1
ENSDARG00000103826,3,2
ENSDARG00000103827,5,2
ENSDARG00000103829,2,1
ENSDARG00000103830,0,0
ENSDARG00000103834,5,1
ENSDARG00000103835,1,0
ENSDARG00000103838,3,2
ENSDARG00000103840,2,0
ENSDARG00000103843,4,1
ENSDARG00000103844,3,2
ENSDARG00000103845,0,0
ENSDARG00000103847,0,2
ENSDARG00000103848,0,0
ENSDARG00000103849,3,0
ENSDARG00000103851,3,0
ENSDARG00000103853,5,2
ENSDARG00000103854,3,0
ENSDARG00000103856,4,2
ENSDARG00000103858,1,1
ENSDARG00000103860,3,2
ENSDARG00000103861,2,-1
ENSDARG00000103862,4,0
ENSDARG00000103865,4,1
ENSDARG00000103866,1,1
ENSDARG00000103867,4,1
ENSDARG00000103868,4,1
ENSDARG00000103871,5,1
ENSDARG00000103872,2,1
ENSDARG00000103873,0,1
ENSDARG00000103875,4,0
ENSDARG00000103876,1,0
ENSDARG00000103878,2,1
ENSDARG00000103883,4,1
ENSDARG00000103887,4,0
ENSDARG00000103889,1,1
ENSDARG00000103892,3,2
ENSDARG00000103898,3,0
ENSDARG00000103900,4,1
ENSDARG00000103902,5,1
ENSDARG00000103903,2,1
ENSDARG00000103906,3,0
ENSDARG00000103907,1,0
ENSDARG00000103910,2,1
ENSDARG00000103914,3,2
ENSDARG00000103915,0,0
ENSDARG00000103919,4,1
ENSDARG00000103922,1,1
ENSDARG00000103923,1,1
ENSDARG00000103924,3,2
ENSDARG00000103926,3,1
ENSDARG00000103927,2,1
ENSDARG00000103928,1,1
ENSDARG00000103929,5,1
ENSDARG00000103933,0,0
ENSDARG00000103934,3,1
ENSDARG00000103936,1,0
ENSDARG00000103937,3,2
ENSDARG00000103940,3,2
ENSDARG00000103941,1,-1
ENSDARG00000103946,4,1
ENSDARG00000103947,5,2
ENSDARG00000103950,3,2
ENSDARG00000103951,2,1
ENSDARG00000103953,1,1
ENSDARG00000103954,5,2
ENSDARG00000103955,4,0
ENSDARG00000103956,4,2
ENSDARG00000103957,3,1
ENSDARG00000103959,0,0
ENSDARG00000103960,5,0
ENSDARG00000103961,0,1
ENSDARG00000103962,5,1
ENSDARG00000103967,0,0
ENSDARG00000103969,4,1
ENSDARG00000103971,2,1
ENSDARG00000103972,5,0
ENSDARG00000103973,2,1
ENSDARG00000103977,5,1
ENSDARG00000103978,0,2
ENSDARG00000103979,3,0
ENSDARG00000103980,0,1
ENSDARG00000103981,4,1
ENSDARG00000103983,2,0
ENSDARG00000103984,4,0
ENSDARG00000103988,4,1
ENSDARG00000103991,0,1
ENSDARG00000103992,3,2
ENSDARG00000103994,4,1
ENSDARG00000103996,1,1
ENSDARG00000103998,4,1
ENSDARG00000103999,1,1
ENSDARG00000104002,1,1
ENSDARG00000104004,4,1
ENSDARG00000104005,2,0
ENSDARG00000104006,1,1
ENSDARG00000104007,3,2
ENSDARG00000104008,2,1
ENSDARG00000104009,5,0
ENSDARG00000104011,4,0
ENSDARG00000104012,4,1
ENSDARG00000104013,5,0
ENSDARG00000104015,4,1
ENSDARG00000104016,2,0
ENSDARG00000104020,1,1
ENSDARG00000104022,4,0
ENSDARG00000104023,2,0
ENSDARG00000104024,5,0
ENSDARG00000104026,3,2
ENSDARG00000104028,4,0
ENSDARG00000104030,3,1
ENSDARG00000104031,4,1
ENSDARG00000104034,1,1
ENSDARG00000104035,5,0
ENSDARG00000104037,1,1
ENSDARG00000104038,5,0
ENSDARG00000104039,2,0
ENSDARG00000104040,5,1
ENSDARG00000104042,4,1
ENSDARG00000104043,2,0
ENSDARG00000104045,2,1
ENSDARG00000104047,3,0
ENSDARG00000104049,2,1
ENSDARG00000104052,5,0
ENSDARG00000104054,5,1
ENSDARG00000104057,3,2
ENSDARG00000104058,1,1
ENSDARG00000104064,4,1
ENSDARG00000104065,5,2
ENSDARG00000104066,5,0
ENSDARG00000104068,3,0
ENSDARG00000104070,4,1
ENSDARG00000104072,3,2
ENSDARG00000104073,3,2
ENSDARG00000104074,5,0
ENSDARG00000104076,0,0
ENSDARG00000104077,3,2
ENSDARG00000104078,2,0
ENSDARG00000104079,5,0
ENSDARG00000104080,3,2
ENSDARG00000104083,3,2
ENSDARG00000104084,2,1
ENSDARG00000104085,3,0
ENSDARG00000104089,4,0
ENSDARG00000104090,0,2
ENSDARG00000104093,2,0
ENSDARG00000104094,0,2
ENSDARG00000104096,1,1
ENSDARG00000104097,0,0
ENSDARG00000104099,4,0
ENSDARG00000104100,1,0
ENSDARG00000104101,4,0
ENSDARG00000104103,0,2
ENSDARG00000104105,1,0
ENSDARG00000104106,5,2
ENSDARG00000104107,4,0
ENSDARG00000104110,3,0
ENSDARG00000104113,2,1
ENSDARG00000104114,5,1
ENSDARG00000104115,5,1
ENSDARG00000104118,2,0
ENSDARG00000104119,0,0
ENSDARG00000104120,3,2
ENSDARG00000104125,4,0
ENSDARG00000104126,2,0
ENSDARG00000104129,4,1
ENSDARG00000104130,5,1
ENSDARG00000104132,1,0
ENSDARG00000104133,1,-1
ENSDARG00000104134,4,1
ENSDARG00000104138,3,2
ENSDARG00000104139,3,2
ENSDARG00000104141,3,2
ENSDARG00000104142,5,0
ENSDARG00000104144,4,1
ENSDARG00000104148,1,0
ENSDARG00000104149,1,0
ENSDARG00000104153,0,1
ENSDARG00000104154,2,1
ENSDARG00000104155,4,-1
ENSDARG00000104162,4,0
ENSDARG00000104169,5,0
ENSDARG00000104170,0,1
ENSDARG00000104175,0,0
ENSDARG00000104176,0,1
ENSDARG00000104177,5,2
ENSDARG00000104178,1,1
ENSDARG00000104179,0,2
ENSDARG00000104181,4,1
ENSDARG00000104182,0,0
ENSDARG00000104185,2,1
ENSDARG00000104186,0,0
ENSDARG00000104188,2,1
ENSDARG00000104190,2,-1
ENSDARG00000104193,2,1
ENSDARG00000104195,2,1
ENSDARG00000104197,4,0
ENSDARG00000104199,0,0
ENSDARG00000104200,3,2
ENSDARG00000104203,2,1
ENSDARG00000104204,2,0
ENSDARG00000104207,4,0
ENSDARG00000104208,1,-1
ENSDARG00000104210,2,1
ENSDARG00000104211,3,2
ENSDARG00000104213,2,1
ENSDARG00000104214,4,1
ENSDARG00000104217,3,0
ENSDARG00000104219,0,1
ENSDARG00000104221,3,2
ENSDARG00000104222,5,1
ENSDARG00000104223,0,0
ENSDARG00000104224,1,1
ENSDARG00000104225,0,2
ENSDARG00000104227,5,0
ENSDARG00000104231,2,1
ENSDARG00000104233,0,1
ENSDARG00000104235,0,1
ENSDARG00000104239,4,0
ENSDARG00000104241,2,1
ENSDARG00000104242,5,0
ENSDARG00000104243,2,1
ENSDARG00000104244,2,0
ENSDARG00000104246,1,1
ENSDARG00000104251,0,1
ENSDARG00000104254,2,1
ENSDARG00000104255,4,0
ENSDARG00000104256,2,0
ENSDARG00000104258,2,1
ENSDARG00000104259,2,0
ENSDARG00000104260,2,1
ENSDARG00000104262,5,0
ENSDARG00000104263,0,2
ENSDARG00000104264,3,2
ENSDARG00000104267,3,0
ENSDARG00000104269,2,1
ENSDARG00000104270,1,0
ENSDARG00000104273,4,1
ENSDARG00000104274,0,2
ENSDARG00000104275,5,1
ENSDARG00000104276,4,2
ENSDARG00000104277,0,1
ENSDARG00000104278,5,0
ENSDARG00000104279,4,1
ENSDARG00000104280,0,0
ENSDARG00000104282,3,0
ENSDARG00000104283,4,0
ENSDARG00000104284,3,2
ENSDARG00000104285,5,2
ENSDARG00000104286,4,1
ENSDARG00000104287,5,1
ENSDARG00000104288,3,2
ENSDARG00000104290,0,2
ENSDARG00000104291,2,1
ENSDARG00000104292,2,1
ENSDARG00000104293,5,2
ENSDARG00000104294,5,0
ENSDARG00000104295,3,2
ENSDARG00000104296,0,2
ENSDARG00000104297,4,2
ENSDARG00000104298,2,1
ENSDARG00000104300,4,0
ENSDARG00000104301,3,2
ENSDARG00000104302,5,0
ENSDARG00000104303,2,1
ENSDARG00000104306,0,2
ENSDARG00000104307,4,0
ENSDARG00000104309,5,0
ENSDARG00000104311,4,1
ENSDARG00000104314,0,1
ENSDARG00000104315,3,2
ENSDARG00000104316,1,1
ENSDARG00000104324,2,0
ENSDARG00000104325,3,2
ENSDARG00000104326,2,1
ENSDARG00000104329,2,1
ENSDARG00000104332,2,1
ENSDARG00000104335,1,1
ENSDARG00000104339,2,1
ENSDARG00000104340,0,2
ENSDARG00000104343,3,2
ENSDARG00000104344,2,0
ENSDARG00000104347,2,0
ENSDARG00000104348,4,1
ENSDARG00000104350,1,1
ENSDARG00000104351,5,0
ENSDARG00000104353,1,1
ENSDARG00000104358,2,0
ENSDARG00000104359,4,1
ENSDARG00000104361,3,2
ENSDARG00000104362,5,0
ENSDARG00000104363,2,1
ENSDARG00000104364,0,0
ENSDARG00000104365,2,1
ENSDARG00000104366,1,1
ENSDARG00000104367,4,0
ENSDARG00000104370,4,0
ENSDARG00000104372,5,0
ENSDARG00000104374,0,2
ENSDARG00000104375,5,-1
ENSDARG00000104376,4,1
ENSDARG00000104380,3,2
ENSDARG00000104384,1,0
ENSDARG00000104387,2,0
ENSDARG00000104388,0,1
ENSDARG00000104389,2,1
ENSDARG00000104390,0,0
ENSDARG00000104392,1,1
ENSDARG00000104393,4,0
ENSDARG00000104394,1,1
ENSDARG00000104396,0,2
ENSDARG00000104398,2,0
ENSDARG00000104399,5,0
ENSDARG00000104401,0,2
ENSDARG00000104403,2,1
ENSDARG00000104404,5,0
ENSDARG00000104408,0,0
ENSDARG00000104409,0,0
ENSDARG00000104413,0,0
ENSDARG00000104414,0,0
ENSDARG00000104415,2,1
ENSDARG00000104417,0,1
ENSDARG00000104418,4,0
ENSDARG00000104420,4,1
ENSDARG00000104422,2,0
ENSDARG00000104423,5,0
ENSDARG00000104424,3,2
ENSDARG00000104425,2,1
ENSDARG00000104428,1,1
ENSDARG00000104430,2,1
ENSDARG00000104431,4,1
ENSDARG00000104434,1,1
ENSDARG00000104435,0,2
ENSDARG00000104436,3,2
ENSDARG00000104439,2,0
ENSDARG00000104440,2,1
ENSDARG00000104441,4,1
ENSDARG00000104442,3,0
ENSDARG00000104445,4,1
ENSDARG00000104446,2,1
ENSDARG00000104449,1,0
ENSDARG00000104450,2,1
ENSDARG00000104453,4,1
ENSDARG00000104457,3,0
ENSDARG00000104458,3,2
ENSDARG00000104466,2,1
ENSDARG00000104467,2,0
ENSDARG00000104470,0,1
ENSDARG00000104472,0,0
ENSDARG00000104474,4,0
ENSDARG00000104476,2,1
ENSDARG00000104478,3,0
ENSDARG00000104479,1,1
ENSDARG00000104480,2,1
ENSDARG00000104483,5,2
ENSDARG00000104484,5,0
ENSDARG00000104485,5,2
ENSDARG00000104486,0,0
ENSDARG00000104488,1,0
ENSDARG00000104489,1,1
ENSDARG00000104490,1,0
ENSDARG00000104491,3,2
ENSDARG00000104493,5,2
ENSDARG00000104495,4,0
ENSDARG00000104497,3,2
ENSDARG00000104500,0,0
ENSDARG00000104501,1,1
ENSDARG00000104502,3,2
ENSDARG00000104505,1,0
ENSDARG00000104508,0,2
ENSDARG00000104511,5,0
ENSDARG00000104512,2,1
ENSDARG00000104515,0,0
ENSDARG00000104516,5,2
ENSDARG00000104517,3,0
ENSDARG00000104518,4,1
ENSDARG00000104523,1,1
ENSDARG00000104524,3,2
ENSDARG00000104528,4,1
ENSDARG00000104529,2,1
ENSDARG00000104530,1,1
ENSDARG00000104531,0,2
ENSDARG00000104532,3,2
ENSDARG00000104535,0,0
ENSDARG00000104537,4,1
ENSDARG00000104538,0,0
ENSDARG00000104540,4,1
ENSDARG00000104541,5,1
ENSDARG00000104542,4,1
ENSDARG00000104543,0,0
ENSDARG00000104544,1,1
ENSDARG00000104547,4,1
ENSDARG00000104548,4,-1
ENSDARG00000104549,2,0
ENSDARG00000104550,0,0
ENSDARG00000104553,5,1
ENSDARG00000104555,0,0
ENSDARG00000104557,5,1
ENSDARG00000104558,1,0
ENSDARG00000104559,5,2
ENSDARG00000104560,1,1
ENSDARG00000104561,1,1
ENSDARG00000104562,3,2
ENSDARG00000104563,2,0
ENSDARG00000104566,1,1
ENSDARG00000104568,3,0
ENSDARG00000104569,2,0
ENSDARG00000104571,3,2
ENSDARG00000104572,3,2
ENSDARG00000104573,0,0
ENSDARG00000104574,0,2
ENSDARG00000104577,1,1
ENSDARG00000104581,0,2
ENSDARG00000104584,5,0
ENSDARG00000104587,4,1
ENSDARG00000104588,5,0
ENSDARG00000104589,1,1
ENSDARG00000104590,4,1
ENSDARG00000104592,2,0
ENSDARG00000104593,2,1
ENSDARG00000104596,4,2
ENSDARG00000104597,3,2
ENSDARG00000104598,3,2
ENSDARG00000104600,4,1
ENSDARG00000104605,0,1
ENSDARG00000104613,4,1
ENSDARG00000104616,1,1
ENSDARG00000104618,3,2
ENSDARG00000104619,3,2
ENSDARG00000104624,2,1
ENSDARG00000104625,1,1
ENSDARG00000104626,2,0
ENSDARG00000104632,4,0
ENSDARG00000104634,2,-1
ENSDARG00000104635,3,1
ENSDARG00000104636,0,1
ENSDARG00000104637,5,0
ENSDARG00000104639,5,1
ENSDARG00000104640,4,1
ENSDARG00000104641,0,2
ENSDARG00000104642,2,1
ENSDARG00000104643,2,1
ENSDARG00000104644,0,2
ENSDARG00000104647,4,2
ENSDARG00000104649,0,1
ENSDARG00000104650,1,1
ENSDARG00000104651,4,1
ENSDARG00000104653,0,1
ENSDARG00000104654,2,1
ENSDARG00000104656,5,0
ENSDARG00000104657,4,1
ENSDARG00000104659,4,1
ENSDARG00000104660,3,0
ENSDARG00000104662,1,1
ENSDARG00000104663,0,2
ENSDARG00000104664,3,2
ENSDARG00000104665,4,1
ENSDARG00000104669,5,0
ENSDARG00000104672,2,1
ENSDARG00000104674,4,1
ENSDARG00000104676,1,1
ENSDARG00000104677,5,2
ENSDARG00000104678,3,2
ENSDARG00000104679,1,1
ENSDARG00000104681,5,2
ENSDARG00000104682,3,0
ENSDARG00000104683,2,-1
ENSDARG00000104685,2,1
ENSDARG00000104686,0,1
ENSDARG00000104691,2,1
ENSDARG00000104692,4,1
ENSDARG00000104693,2,0
ENSDARG00000104695,2,1
ENSDARG00000104696,3,1
ENSDARG00000104697,1,1
ENSDARG00000104700,0,2
ENSDARG00000104701,4,1
ENSDARG00000104702,0,1
ENSDARG00000104704,4,0
ENSDARG00000104707,5,0
ENSDARG00000104708,5,0
ENSDARG00000104709,0,0
ENSDARG00000104713,2,1
ENSDARG00000104715,0,2
ENSDARG00000104717,2,0
ENSDARG00000104718,2,1
ENSDARG00000104719,2,0
ENSDARG00000104721,2,1
ENSDARG00000104722,2,1
ENSDARG00000104724,2,1
ENSDARG00000104726,4,1
ENSDARG00000104727,0,2
ENSDARG00000104730,1,1
ENSDARG00000104732,0,2
ENSDARG00000104733,3,0
ENSDARG00000104734,5,2
ENSDARG00000104735,4,0
ENSDARG00000104737,5,0
ENSDARG00000104739,2,1
ENSDARG00000104742,5,0
ENSDARG00000104746,2,1
ENSDARG00000104752,3,2
ENSDARG00000104755,0,0
ENSDARG00000104756,3,1
ENSDARG00000104758,2,0
ENSDARG00000104760,5,0
ENSDARG00000104765,1,0
ENSDARG00000104767,2,1
ENSDARG00000104768,0,2
ENSDARG00000104771,5,2
ENSDARG00000104773,3,2
ENSDARG00000104775,2,1
ENSDARG00000104776,4,-1
ENSDARG00000104782,4,1
ENSDARG00000104783,5,0
ENSDARG00000104784,4,1
ENSDARG00000104786,3,1
ENSDARG00000104787,2,1
ENSDARG00000104791,0,0
ENSDARG00000104792,0,1
ENSDARG00000104793,0,2
ENSDARG00000104795,2,1
ENSDARG00000104800,4,0
ENSDARG00000104801,3,2
ENSDARG00000104802,2,1
ENSDARG00000104807,1,-1
ENSDARG00000104809,1,1
ENSDARG00000104810,0,2
ENSDARG00000104812,3,2
ENSDARG00000104815,3,0
ENSDARG00000104817,2,0
ENSDARG00000104820,3,0
ENSDARG00000104822,5,0
ENSDARG00000104823,3,2
ENSDARG00000104824,3,0
ENSDARG00000104825,5,2
ENSDARG00000104826,3,2
ENSDARG00000104829,0,1
ENSDARG00000104831,5,1
ENSDARG00000104832,2,1
ENSDARG00000104833,3,2
ENSDARG00000104834,3,2
ENSDARG00000104835,1,0
ENSDARG00000104836,3,2
ENSDARG00000104837,1,0
ENSDARG00000104838,3,-1
ENSDARG00000104839,3,2
ENSDARG00000104840,2,0
ENSDARG00000104841,3,2
ENSDARG00000104845,0,0
ENSDARG00000104846,0,1
ENSDARG00000104847,3,2
ENSDARG00000104848,1,0
ENSDARG00000104849,1,0
ENSDARG00000104850,4,1
ENSDARG00000104852,1,1
ENSDARG00000104853,2,1
ENSDARG00000104854,2,1
ENSDARG00000104858,0,1
ENSDARG00000104859,2,1
ENSDARG00000104860,0,2
ENSDARG00000104861,1,1
ENSDARG00000104864,2,0
ENSDARG00000104865,3,0
ENSDARG00000104867,1,-1
ENSDARG00000104868,2,0
ENSDARG00000104869,5,2
ENSDARG00000104870,4,1
ENSDARG00000104871,5,0
ENSDARG00000104873,1,0
ENSDARG00000104874,4,1
ENSDARG00000104875,4,1
ENSDARG00000104881,3,-1
ENSDARG00000104883,5,2
ENSDARG00000104884,1,1
ENSDARG00000104885,5,2
ENSDARG00000104886,5,1
ENSDARG00000104887,5,0
ENSDARG00000104888,5,0
ENSDARG00000104889,1,0
ENSDARG00000104891,3,0
ENSDARG00000104892,5,0
ENSDARG00000104894,3,2
ENSDARG00000104897,2,1
ENSDARG00000104899,0,0
ENSDARG00000104900,2,-1
ENSDARG00000104901,4,1
ENSDARG00000104903,1,1
ENSDARG00000104904,5,2
ENSDARG00000104906,0,0
ENSDARG00000104907,5,2
ENSDARG00000104910,1,1
ENSDARG00000104911,1,1
ENSDARG00000104914,2,0
ENSDARG00000104916,2,1
ENSDARG00000104919,2,1
ENSDARG00000104922,3,2
ENSDARG00000104924,2,1
ENSDARG00000104925,4,1
ENSDARG00000104926,5,2
ENSDARG00000104927,2,-1
ENSDARG00000104928,0,2
ENSDARG00000104929,4,1
ENSDARG00000104930,2,1
ENSDARG00000104932,1,1
ENSDARG00000104934,1,0
ENSDARG00000104936,0,1
ENSDARG00000104937,3,2
ENSDARG00000104938,5,0
ENSDARG00000104940,4,1
ENSDARG00000104943,5,2
ENSDARG00000104945,3,0
ENSDARG00000104947,2,0
ENSDARG00000104948,5,2
ENSDARG00000104949,3,0
ENSDARG00000104952,4,1
ENSDARG00000104955,0,1
ENSDARG00000104956,3,2
ENSDARG00000104958,2,0
ENSDARG00000104959,5,1
ENSDARG00000104960,1,1
ENSDARG00000104961,3,1
ENSDARG00000104963,5,0
ENSDARG00000104965,2,1
ENSDARG00000104967,2,1
ENSDARG00000104968,4,0
ENSDARG00000104972,5,0
ENSDARG00000104973,4,2
ENSDARG00000104974,2,1
ENSDARG00000104976,2,1
ENSDARG00000104980,2,1
ENSDARG00000104981,0,2
ENSDARG00000104985,1,1
ENSDARG00000104986,4,1
ENSDARG00000104989,3,1
ENSDARG00000104992,3,2
ENSDARG00000104993,5,1
ENSDARG00000104995,2,1
ENSDARG00000104999,2,1
ENSDARG00000105000,5,2
ENSDARG00000105001,3,2
ENSDARG00000105003,3,0
ENSDARG00000105004,1,1
ENSDARG00000105005,2,-1
ENSDARG00000105007,1,0
ENSDARG00000105008,2,1
ENSDARG00000105009,4,2
ENSDARG00000105010,4,2
ENSDARG00000105011,0,0
ENSDARG00000105012,1,1
ENSDARG00000105013,4,0
ENSDARG00000105014,0,0
ENSDARG00000105015,2,0
ENSDARG00000105018,4,0
ENSDARG00000105019,5,0
ENSDARG00000105022,2,1
ENSDARG00000105023,4,1
ENSDARG00000105028,1,1
ENSDARG00000105029,2,0
ENSDARG00000105034,0,0
ENSDARG00000105035,1,1
ENSDARG00000105036,1,1
ENSDARG00000105037,4,1
ENSDARG00000105038,5,0
ENSDARG00000105039,2,1
ENSDARG00000105040,3,2
ENSDARG00000105041,2,1
ENSDARG00000105042,2,1
ENSDARG00000105043,0,2
ENSDARG00000105044,2,1
ENSDARG00000105046,1,1
ENSDARG00000105048,2,0
ENSDARG00000105053,4,0
ENSDARG00000105055,3,2
ENSDARG00000105056,5,2
ENSDARG00000105057,2,1
ENSDARG00000105058,5,0
ENSDARG00000105059,2,1
ENSDARG00000105060,2,1
ENSDARG00000105061,2,1
ENSDARG00000105063,2,1
ENSDARG00000105067,5,0
ENSDARG00000105068,4,1
ENSDARG00000105069,5,0
ENSDARG00000105071,0,2
ENSDARG00000105073,3,0
ENSDARG00000105074,5,2
ENSDARG00000105075,2,0
ENSDARG00000105076,4,0
ENSDARG00000105077,2,1
ENSDARG00000105079,3,2
ENSDARG00000105080,4,1
ENSDARG00000105081,1,0
ENSDARG00000105083,2,1
ENSDARG00000105085,5,0
ENSDARG00000105086,2,1
ENSDARG00000105088,4,2
ENSDARG00000105089,4,1
ENSDARG00000105093,5,2
ENSDARG00000105095,4,1
ENSDARG00000105096,1,1
ENSDARG00000105097,1,1
ENSDARG00000105098,5,1
ENSDARG00000105099,2,1
ENSDARG00000105102,5,2
ENSDARG00000105104,2,1
ENSDARG00000105108,5,0
ENSDARG00000105109,3,2
ENSDARG00000105111,5,2
ENSDARG00000105112,4,0
ENSDARG00000105113,3,2
ENSDARG00000105114,0,2
ENSDARG00000105115,0,2
ENSDARG00000105116,5,2
ENSDARG00000105117,5,0
ENSDARG00000105118,0,1
ENSDARG00000105119,4,0
ENSDARG00000105120,0,2
ENSDARG00000105121,2,0
ENSDARG00000105123,5,2
ENSDARG00000105124,5,0
ENSDARG00000105131,5,2
ENSDARG00000105136,0,1
ENSDARG00000105137,1,1
ENSDARG00000105141,3,2
ENSDARG00000105142,0,2
ENSDARG00000105143,4,1
ENSDARG00000105144,5,0
ENSDARG00000105147,5,2
ENSDARG00000105148,5,1
ENSDARG00000105150,5,0
ENSDARG00000105151,2,1
ENSDARG00000105153,2,1
ENSDARG00000105154,2,0
ENSDARG00000105156,0,2
ENSDARG00000105157,4,1
ENSDARG00000105162,3,2
ENSDARG00000105164,1,1
ENSDARG00000105169,5,0
ENSDARG00000105171,2,-1
ENSDARG00000105173,5,0
ENSDARG00000105176,5,2
ENSDARG00000105177,1,1
ENSDARG00000105178,3,0
ENSDARG00000105179,3,1
ENSDARG00000105181,5,1
ENSDARG00000105184,5,2
ENSDARG00000105185,1,0
ENSDARG00000105187,4,1
ENSDARG00000105188,3,2
ENSDARG00000105189,2,1
ENSDARG00000105190,4,0
ENSDARG00000105194,5,1
ENSDARG00000105195,1,0
ENSDARG00000105197,4,0
ENSDARG00000105201,2,1
ENSDARG00000105206,1,0
ENSDARG00000105210,3,2
ENSDARG00000105212,3,2
ENSDARG00000105214,3,0
ENSDARG00000105215,3,0
ENSDARG00000105218,2,1
ENSDARG00000105219,5,2
ENSDARG00000105223,4,1
ENSDARG00000105225,2,0
ENSDARG00000105228,1,0
ENSDARG00000105230,4,1
ENSDARG00000105231,5,1
ENSDARG00000105232,5,0
ENSDARG00000105234,0,2
ENSDARG00000105237,0,2
ENSDARG00000105239,2,0
ENSDARG00000105241,0,0
ENSDARG00000105242,5,2
ENSDARG00000105243,3,1
ENSDARG00000105244,5,0
ENSDARG00000105245,5,0
ENSDARG00000105246,1,1
ENSDARG00000105247,4,0
ENSDARG00000105248,2,1
ENSDARG00000105254,2,0
ENSDARG00000105255,2,0
ENSDARG00000105258,1,0
ENSDARG00000105261,0,2
ENSDARG00000105265,2,1
ENSDARG00000105266,4,1
ENSDARG00000105269,1,0
ENSDARG00000105271,2,1
ENSDARG00000105274,3,2
ENSDARG00000105276,5,1
ENSDARG00000105277,4,1
ENSDARG00000105278,0,0
ENSDARG00000105279,0,0
ENSDARG00000105281,3,2
ENSDARG00000105282,5,2
ENSDARG00000105283,5,1
ENSDARG00000105285,4,0
ENSDARG00000105286,1,1
ENSDARG00000105287,4,1
ENSDARG00000105288,5,1
ENSDARG00000105292,1,1
ENSDARG00000105293,1,1
ENSDARG00000105295,0,2
ENSDARG00000105296,3,2
ENSDARG00000105300,4,1
ENSDARG00000105301,2,1
ENSDARG00000105304,4,1
ENSDARG00000105305,5,2
ENSDARG00000105306,1,1
ENSDARG00000105308,0,2
ENSDARG00000105310,1,1
ENSDARG00000105311,5,0
ENSDARG00000105313,0,1
ENSDARG00000105314,5,2
ENSDARG00000105317,0,2
ENSDARG00000105318,5,0
ENSDARG00000105319,2,1
ENSDARG00000105321,1,0
ENSDARG00000105322,2,1
ENSDARG00000105324,2,1
ENSDARG00000105326,4,1
ENSDARG00000105327,0,2
ENSDARG00000105328,1,1
ENSDARG00000105329,4,1
ENSDARG00000105330,5,0
ENSDARG00000105331,3,1
ENSDARG00000105334,2,1
ENSDARG00000105335,5,2
ENSDARG00000105336,5,1
ENSDARG00000105337,0,0
ENSDARG00000105338,0,1
ENSDARG00000105339,1,1
ENSDARG00000105340,5,0
ENSDARG00000105341,3,2
ENSDARG00000105342,5,1
ENSDARG00000105343,2,1
ENSDARG00000105344,3,1
ENSDARG00000105345,5,0
ENSDARG00000105346,5,1
ENSDARG00000105348,5,0
ENSDARG00000105349,2,-1
ENSDARG00000105350,5,0
ENSDARG00000105351,2,1
ENSDARG00000105352,5,0
ENSDARG00000105353,5,0
ENSDARG00000105354,5,2
ENSDARG00000105355,5,0
ENSDARG00000105356,0,2
ENSDARG00000105358,5,0
ENSDARG00000105359,5,0
ENSDARG00000105361,1,1
ENSDARG00000105362,2,0
ENSDARG00000105363,5,0
ENSDARG00000105364,0,1
ENSDARG00000105366,5,0
ENSDARG00000105367,4,0
ENSDARG00000105368,3,0
ENSDARG00000105369,2,0
ENSDARG00000105372,1,1
ENSDARG00000105373,3,2
ENSDARG00000105374,5,0
ENSDARG00000105375,3,2
ENSDARG00000105376,5,0
ENSDARG00000105377,3,2
ENSDARG00000105378,3,2
ENSDARG00000105379,5,0
ENSDARG00000105380,3,2
ENSDARG00000105381,0,0
ENSDARG00000105382,5,0
ENSDARG00000105383,3,0
ENSDARG00000105384,5,0
ENSDARG00000105386,5,0
ENSDARG00000105387,2,0
ENSDARG00000105391,3,0
ENSDARG00000105392,2,1
ENSDARG00000105393,5,0
ENSDARG00000105394,0,0
ENSDARG00000105395,5,-1
ENSDARG00000105397,5,0
ENSDARG00000105398,5,2
ENSDARG00000105400,5,0
ENSDARG00000105402,2,1
ENSDARG00000105403,2,0
ENSDARG00000105405,3,2
ENSDARG00000105406,5,1
ENSDARG00000105408,2,1
ENSDARG00000105409,5,0
ENSDARG00000105411,3,2
ENSDARG00000105412,1,1
ENSDARG00000105414,5,0
ENSDARG00000105415,5,0
ENSDARG00000105416,2,1
ENSDARG00000105417,5,2
ENSDARG00000105418,5,0
ENSDARG00000105419,2,1
ENSDARG00000105420,2,1
ENSDARG00000105424,0,0
ENSDARG00000105428,3,1
ENSDARG00000105430,5,0
ENSDARG00000105431,5,0
ENSDARG00000105432,2,1
ENSDARG00000105433,2,1
ENSDARG00000105434,3,2
ENSDARG00000105435,3,0
ENSDARG00000105437,3,2
ENSDARG00000105439,5,0
ENSDARG00000105440,1,1
ENSDARG00000105441,2,0
ENSDARG00000105442,3,0
ENSDARG00000105443,2,1
ENSDARG00000105444,5,0
ENSDARG00000105447,2,1
ENSDARG00000105448,4,1
ENSDARG00000105450,2,1
ENSDARG00000105453,2,1
ENSDARG00000105455,4,1
ENSDARG00000105457,2,1
ENSDARG00000105458,4,0
ENSDARG00000105459,5,0
ENSDARG00000105460,3,2
ENSDARG00000105461,2,1
ENSDARG00000105462,2,0
ENSDARG00000105463,3,2
ENSDARG00000105464,0,0
ENSDARG00000105465,4,1
ENSDARG00000105467,2,0
ENSDARG00000105468,5,0
ENSDARG00000105469,2,1
ENSDARG00000105470,3,1
ENSDARG00000105471,5,0
ENSDARG00000105473,5,0
ENSDARG00000105476,3,1
ENSDARG00000105477,2,1
ENSDARG00000105478,5,0
ENSDARG00000105479,1,0
ENSDARG00000105480,2,1
ENSDARG00000105481,4,1
ENSDARG00000105482,5,2
ENSDARG00000105483,5,0
ENSDARG00000105484,5,0
ENSDARG00000105485,0,1
ENSDARG00000105486,2,0
ENSDARG00000105487,3,2
ENSDARG00000105488,2,1
ENSDARG00000105489,3,1
ENSDARG00000105490,2,0
ENSDARG00000105492,3,2
ENSDARG00000105493,3,2
ENSDARG00000105494,2,1
ENSDARG00000105495,2,0
ENSDARG00000105496,5,0
ENSDARG00000105497,4,1
ENSDARG00000105498,3,2
ENSDARG00000105499,0,1
ENSDARG00000105500,3,2
ENSDARG00000105502,5,0
ENSDARG00000105503,3,0
ENSDARG00000105504,1,1
ENSDARG00000105505,1,1
ENSDARG00000105506,1,1
ENSDARG00000105507,5,0
ENSDARG00000105508,5,0
ENSDARG00000105510,4,1
ENSDARG00000105511,5,1
ENSDARG00000105512,5,1
ENSDARG00000105513,4,1
ENSDARG00000105514,5,1
ENSDARG00000105517,4,1
ENSDARG00000105519,1,1
ENSDARG00000105521,3,0
ENSDARG00000105522,2,1
ENSDARG00000105524,2,0
ENSDARG00000105525,4,1
ENSDARG00000105526,4,1
ENSDARG00000105527,2,1
ENSDARG00000105528,2,1
ENSDARG00000105529,3,2
ENSDARG00000105530,3,2
ENSDARG00000105532,5,0
ENSDARG00000105534,4,-1
ENSDARG00000105536,1,1
ENSDARG00000105537,1,1
ENSDARG00000105538,1,1
ENSDARG00000105539,2,1
ENSDARG00000105541,2,1
ENSDARG00000105542,0,2
ENSDARG00000105544,4,1
ENSDARG00000105546,1,1
ENSDARG00000105547,5,2
ENSDARG00000105549,0,1
ENSDARG00000105550,2,-1
ENSDARG00000105551,0,1
ENSDARG00000105552,2,1
ENSDARG00000105553,2,0
ENSDARG00000105555,1,0
ENSDARG00000105557,4,1
ENSDARG00000105558,0,0
ENSDARG00000105561,1,1
ENSDARG00000105562,5,2
ENSDARG00000105563,5,0
ENSDARG00000105564,5,0
ENSDARG00000105566,0,0
ENSDARG00000105567,1,0
ENSDARG00000105570,4,1
ENSDARG00000105572,0,2
ENSDARG00000105573,5,0
ENSDARG00000105574,5,0
ENSDARG00000105576,1,0
ENSDARG00000105578,2,0
ENSDARG00000105580,0,1
ENSDARG00000105581,2,1
ENSDARG00000105582,4,0
ENSDARG00000105583,5,2
ENSDARG00000105584,5,0
ENSDARG00000105585,3,1
ENSDARG00000105588,4,1
ENSDARG00000105590,4,0
ENSDARG00000105592,2,1
ENSDARG00000105594,5,2
ENSDARG00000105598,1,1
ENSDARG00000105600,1,0
ENSDARG00000105601,5,2
ENSDARG00000105602,1,1
ENSDARG00000105603,0,1
ENSDARG00000105604,0,2
ENSDARG00000105606,0,2
ENSDARG00000105607,2,1
ENSDARG00000105608,4,1
ENSDARG00000105612,0,1
ENSDARG00000105613,1,1
ENSDARG00000105614,2,1
ENSDARG00000105616,2,1
ENSDARG00000105617,3,2
ENSDARG00000105620,3,2
ENSDARG00000105625,5,0
ENSDARG00000105626,0,0
ENSDARG00000105627,0,0
ENSDARG00000105628,1,1
ENSDARG00000105630,4,1
ENSDARG00000105631,2,0
ENSDARG00000105636,2,0
ENSDARG00000105638,5,2
ENSDARG00000105642,0,2
ENSDARG00000105644,2,1
ENSDARG00000105648,0,0
ENSDARG00000105651,4,1
ENSDARG00000105653,3,2
ENSDARG00000105657,0,1
ENSDARG00000105659,2,1
ENSDARG00000105662,1,1
ENSDARG00000105665,4,0
ENSDARG00000105666,1,1
ENSDARG00000105667,2,1
ENSDARG00000105669,5,2
ENSDARG00000105670,2,1
ENSDARG00000105674,2,1
ENSDARG00000105677,1,1
ENSDARG00000105681,2,1
ENSDARG00000105682,1,1
ENSDARG00000105687,0,0
ENSDARG00000105688,2,1
ENSDARG00000105689,5,2
ENSDARG00000105690,5,2
ENSDARG00000105691,2,1
ENSDARG00000105692,0,2
ENSDARG00000105693,0,2
ENSDARG00000105696,1,0
ENSDARG00000105704,3,-1
ENSDARG00000105705,3,2
ENSDARG00000105706,2,-1
ENSDARG00000105707,2,1
ENSDARG00000105711,2,-1
ENSDARG00000105712,5,1
ENSDARG00000105713,5,2
ENSDARG00000105714,0,0
ENSDARG00000105716,3,2
ENSDARG00000105717,4,1
ENSDARG00000105718,0,1
ENSDARG00000105719,2,-1
ENSDARG00000105721,3,1
ENSDARG00000105722,2,1
ENSDARG00000105724,5,1
ENSDARG00000105727,5,0
ENSDARG00000105728,1,0
ENSDARG00000105729,2,1
ENSDARG00000105730,2,1
ENSDARG00000105731,2,1
ENSDARG00000105735,2,1
ENSDARG00000105736,3,2
ENSDARG00000105739,3,2
ENSDARG00000105740,3,2
ENSDARG00000105743,5,0
ENSDARG00000105744,2,0
ENSDARG00000105746,4,1
ENSDARG00000105748,5,1
ENSDARG00000105749,2,1
ENSDARG00000105751,2,1
ENSDARG00000105754,2,0
ENSDARG00000105755,5,1
ENSDARG00000105756,5,2
ENSDARG00000105757,2,0
ENSDARG00000105758,1,-1
ENSDARG00000105760,2,0
ENSDARG00000105761,2,-1
ENSDARG00000105762,3,2
ENSDARG00000105764,0,2
ENSDARG00000105768,2,1
ENSDARG00000105777,2,-1
ENSDARG00000105779,2,1
ENSDARG00000105780,2,1
ENSDARG00000105781,1,1
ENSDARG00000105782,0,0
ENSDARG00000105784,5,2
ENSDARG00000105787,2,1
ENSDARG00000105788,2,1
ENSDARG00000105789,2,1
ENSDARG00000105791,2,1
ENSDARG00000105792,4,0
ENSDARG00000105793,2,-1
ENSDARG00000105796,2,1
ENSDARG00000105797,2,1
ENSDARG00000105798,2,1
ENSDARG00000105799,2,1
ENSDARG00000105800,5,0
ENSDARG00000105803,2,1
ENSDARG00000105807,5,1
ENSDARG00000105808,3,-1
ENSDARG00000105809,2,1
ENSDARG00000105810,0,0
ENSDARG00000105813,2,-1
ENSDARG00000105815,5,1
ENSDARG00000105816,5,0
ENSDARG00000105817,2,1
ENSDARG00000105822,2,1
ENSDARG00000105827,4,1
ENSDARG00000105828,3,-1
ENSDARG00000105829,2,1
ENSDARG00000105833,2,0
ENSDARG00000105834,1,1
ENSDARG00000105838,2,1
ENSDARG00000105860,1,0
ENSDARG00000105863,5,2
ENSDARG00000105873,2,-1
ENSDARG00000105882,2,1
ENSDARG00000105923,2,-1
ENSDARG00000105924,2,0
ENSDARG00000105937,1,1
ENSDARG00000105972,2,0
ENSDARG00000105974,5,0
ENSDARG00000105976,2,1
ENSDARG00000106000,2,-1
ENSDARG00000106013,2,-1
ENSDARG00000106018,2,0
ENSDARG00000106047,3,-1
ENSDARG00000106062,4,1
ENSDARG00000106112,2,1
ENSDARG00000106113,2,-1
ENSDARG00000106121,1,-1
ENSDARG00000106131,1,1
ENSDARG00000106135,4,-1
ENSDARG00000106138,2,1
ENSDARG00000106145,2,1
ENSDARG00000106158,3,2
ENSDARG00000106165,1,0
ENSDARG00000106184,4,-1
ENSDARG00000106212,4,1
ENSDARG00000106223,2,-1
ENSDARG00000106245,2,0
ENSDARG00000106248,2,1
ENSDARG00000106258,2,0
ENSDARG00000106267,4,0
ENSDARG00000106283,3,-1
ENSDARG00000106298,3,2
ENSDARG00000106314,4,-1
ENSDARG00000106315,3,-1
ENSDARG00000106318,1,1
ENSDARG00000106327,1,1
ENSDARG00000106340,2,-1
ENSDARG00000106343,3,0
ENSDARG00000106350,4,-1
ENSDARG00000106357,1,0
ENSDARG00000106393,3,1
ENSDARG00000106397,4,-1
ENSDARG00000106398,1,0
ENSDARG00000106401,2,-1
ENSDARG00000106411,3,-1
ENSDARG00000106434,3,-1
ENSDARG00000106456,2,-1
ENSDARG00000106457,3,-1
ENSDARG00000106473,2,0
ENSDARG00000106491,2,0
ENSDARG00000106503,2,-1
ENSDARG00000106508,3,-1
ENSDARG00000106515,5,2
ENSDARG00000106522,0,2
ENSDARG00000106529,1,0
ENSDARG00000106560,0,0
ENSDARG00000106564,0,1
ENSDARG00000106565,5,0
ENSDARG00000106579,5,0
ENSDARG00000106601,3,2
ENSDARG00000106606,2,0
ENSDARG00000106630,2,0
ENSDARG00000106631,0,2
ENSDARG00000106667,1,1
ENSDARG00000106669,3,2
ENSDARG00000106670,2,-1
ENSDARG00000106671,2,1
ENSDARG00000106684,0,0
ENSDARG00000106724,0,0
ENSDARG00000106745,2,1
ENSDARG00000106749,5,0
ENSDARG00000106760,0,0
ENSDARG00000106786,1,0
ENSDARG00000106791,2,1
ENSDARG00000106841,2,1
ENSDARG00000106866,1,-1
ENSDARG00000106867,4,-1
ENSDARG00000106873,3,0
ENSDARG00000106914,3,2
ENSDARG00000106928,2,1
ENSDARG00000106963,2,1
ENSDARG00000106966,3,-1
ENSDARG00000106989,1,1
ENSDARG00000106991,2,0
ENSDARG00000106996,4,-1
ENSDARG00000107029,2,-1
ENSDARG00000107053,4,0
ENSDARG00000107059,2,-1
ENSDARG00000107065,0,1
ENSDARG00000107066,3,1
ENSDARG00000107077,3,2
ENSDARG00000107086,0,2
ENSDARG00000107096,0,0
ENSDARG00000107106,5,0
ENSDARG00000107130,3,0
ENSDARG00000107150,3,-1
ENSDARG00000107157,3,2
ENSDARG00000107169,2,-1
ENSDARG00000107177,5,0
ENSDARG00000107182,2,1
ENSDARG00000107215,2,-1
ENSDARG00000107226,0,1
ENSDARG00000107236,1,1
ENSDARG00000107246,3,-1
ENSDARG00000107261,2,-1
ENSDARG00000107267,2,-1
ENSDARG00000107280,0,1
ENSDARG00000107283,5,2
ENSDARG00000107292,1,-1
ENSDARG00000107296,2,1
ENSDARG00000107345,1,1
ENSDARG00000107353,2,0
ENSDARG00000107379,3,-1
ENSDARG00000107385,5,0
ENSDARG00000107397,4,1
ENSDARG00000107408,3,0
ENSDARG00000107425,1,1
ENSDARG00000107431,4,1
ENSDARG00000107441,0,2
ENSDARG00000107442,3,1
ENSDARG00000107444,2,1
ENSDARG00000107486,2,0
ENSDARG00000107502,2,-1
ENSDARG00000107506,5,2
ENSDARG00000107526,4,1
ENSDARG00000107527,3,2
ENSDARG00000107534,1,1
ENSDARG00000107576,2,1
ENSDARG00000107642,3,-1
ENSDARG00000107663,1,0
ENSDARG00000107678,1,1
ENSDARG00000107680,1,0
ENSDARG00000107682,1,-1
ENSDARG00000107707,1,1
ENSDARG00000107724,2,-1
ENSDARG00000107748,4,1
ENSDARG00000107753,1,-1
ENSDARG00000107760,4,1
ENSDARG00000107769,2,-1
ENSDARG00000107785,1,0
ENSDARG00000107807,1,-1
ENSDARG00000107820,3,-1
ENSDARG00000107858,2,1
ENSDARG00000107860,2,-1
ENSDARG00000107888,2,-1
ENSDARG00000107892,1,0
ENSDARG00000107912,5,2
ENSDARG00000107923,1,1
ENSDARG00000107947,0,0
ENSDARG00000107952,1,1
ENSDARG00000107989,2,0
ENSDARG00000108005,2,1
ENSDARG00000108006,2,1
ENSDARG00000108016,4,-1
ENSDARG00000108028,4,-1
ENSDARG00000108038,3,0
ENSDARG00000108055,3,-1
ENSDARG00000108060,4,2
ENSDARG00000108087,1,-1
ENSDARG00000108115,1,0
ENSDARG00000108118,2,0
ENSDARG00000108136,5,2
ENSDARG00000108162,4,-1
ENSDARG00000108175,5,0
ENSDARG00000108223,2,-1
ENSDARG00000108250,2,-1
ENSDARG00000108287,1,-1
ENSDARG00000108290,1,1
ENSDARG00000108294,2,-1
ENSDARG00000108298,0,0
ENSDARG00000108302,2,-1
ENSDARG00000108319,3,-1
ENSDARG00000108326,2,1
ENSDARG00000108327,3,-1
ENSDARG00000108339,2,-1
ENSDARG00000108340,4,1
ENSDARG00000108349,1,1
ENSDARG00000108372,2,0
ENSDARG00000108373,4,-1
ENSDARG00000108395,1,1
ENSDARG00000108401,3,0
ENSDARG00000108421,2,-1
ENSDARG00000108432,4,1
ENSDARG00000108441,5,0
ENSDARG00000108447,1,1
ENSDARG00000108454,2,-1
ENSDARG00000108475,2,1
ENSDARG00000108481,3,-1
ENSDARG00000108486,1,0
ENSDARG00000108502,1,-1
ENSDARG00000108505,2,0
ENSDARG00000108506,2,-1
ENSDARG00000108515,2,-1
ENSDARG00000108526,1,-1
ENSDARG00000108530,2,1
ENSDARG00000108535,2,1
ENSDARG00000108556,1,1
ENSDARG00000108569,2,0
ENSDARG00000108578,2,1
ENSDARG00000108649,0,1
ENSDARG00000108672,2,-1
ENSDARG00000108678,1,1
ENSDARG00000108683,4,0
ENSDARG00000108715,1,-1
ENSDARG00000108739,2,-1
ENSDARG00000108776,3,-1
ENSDARG00000108781,2,1
ENSDARG00000108787,3,2
ENSDARG00000108788,0,1
ENSDARG00000108812,0,0
ENSDARG00000108843,1,1
ENSDARG00000108935,2,-1
ENSDARG00000108939,3,2
ENSDARG00000108953,4,1
ENSDARG00000108956,1,1
ENSDARG00000108987,5,0
ENSDARG00000109022,5,1
ENSDARG00000109033,4,0
ENSDARG00000109042,2,0
ENSDARG00000109054,1,1
ENSDARG00000109055,0,0
ENSDARG00000109068,4,-1
ENSDARG00000109082,2,-1
ENSDARG00000109088,1,-1
ENSDARG00000109109,2,1
ENSDARG00000109129,2,-1
ENSDARG00000109150,1,-1
ENSDARG00000109164,4,1
ENSDARG00000109176,2,1
ENSDARG00000109195,3,-1
ENSDARG00000109198,1,0
ENSDARG00000109202,3,1
ENSDARG00000109211,5,0
ENSDARG00000109215,0,2
ENSDARG00000109218,4,1
ENSDARG00000109219,2,-1
ENSDARG00000109220,1,1
ENSDARG00000109221,1,1
ENSDARG00000109223,1,0
ENSDARG00000109224,5,1
ENSDARG00000109225,5,2
ENSDARG00000109226,1,1
ENSDARG00000109228,2,1
ENSDARG00000109229,2,0
ENSDARG00000109230,5,2
ENSDARG00000109232,2,1
ENSDARG00000109233,2,0
ENSDARG00000109235,4,0
ENSDARG00000109236,4,1
ENSDARG00000109237,2,1
ENSDARG00000109238,3,2
ENSDARG00000109240,2,1
ENSDARG00000109247,3,2
ENSDARG00000109248,2,1
ENSDARG00000109249,4,1
ENSDARG00000109250,0,0
ENSDARG00000109251,1,1
ENSDARG00000109252,1,1
ENSDARG00000109253,4,1
ENSDARG00000109254,5,2
ENSDARG00000109255,5,0
ENSDARG00000109257,2,1
ENSDARG00000109258,4,2
ENSDARG00000109259,2,1
ENSDARG00000109261,4,0
ENSDARG00000109262,3,1
ENSDARG00000109264,3,-1
ENSDARG00000109267,4,1
ENSDARG00000109268,1,0
ENSDARG00000109270,1,1
ENSDARG00000109271,5,0
ENSDARG00000109272,0,2
ENSDARG00000109273,3,2
ENSDARG00000109274,4,1
ENSDARG00000109275,0,1
ENSDARG00000109276,2,1
ENSDARG00000109278,2,1
ENSDARG00000109281,3,0
ENSDARG00000109282,4,0
ENSDARG00000109283,1,1
ENSDARG00000109284,0,1
ENSDARG00000109285,2,-1
ENSDARG00000109286,3,2
ENSDARG00000109287,0,1
ENSDARG00000109289,1,1
ENSDARG00000109290,3,2
ENSDARG00000109291,3,2
ENSDARG00000109292,3,0
ENSDARG00000109293,1,0
ENSDARG00000109294,1,1
ENSDARG00000109295,5,0
ENSDARG00000109297,5,0
ENSDARG00000109298,0,2
ENSDARG00000109299,2,0
ENSDARG00000109300,0,2
ENSDARG00000109301,0,0
ENSDARG00000109302,5,2
ENSDARG00000109303,5,1
ENSDARG00000109306,0,0
ENSDARG00000109308,0,2
ENSDARG00000109310,4,1
ENSDARG00000109311,3,2
ENSDARG00000109312,3,2
ENSDARG00000109315,0,2
ENSDARG00000109316,2,1
ENSDARG00000109317,4,1
ENSDARG00000109319,5,0
ENSDARG00000109320,5,2
ENSDARG00000109322,5,1
ENSDARG00000109323,0,1
ENSDARG00000109324,2,0
ENSDARG00000109326,3,2
ENSDARG00000109327,1,1
ENSDARG00000109328,1,1
ENSDARG00000109329,3,2
ENSDARG00000109330,5,2
ENSDARG00000109331,5,0
ENSDARG00000109332,1,1
ENSDARG00000109333,5,0
ENSDARG00000109334,5,1
ENSDARG00000109335,2,0
ENSDARG00000109336,2,0
ENSDARG00000109337,3,2
ENSDARG00000109338,5,1
ENSDARG00000109339,1,1
ENSDARG00000109340,0,1
ENSDARG00000109342,2,1
ENSDARG00000109344,4,1
ENSDARG00000109345,3,2
ENSDARG00000109347,5,2
ENSDARG00000109348,0,1
ENSDARG00000109349,5,2
ENSDARG00000109351,5,2
ENSDARG00000109352,4,1
ENSDARG00000109353,3,2
ENSDARG00000109354,1,-1
ENSDARG00000109355,0,0
ENSDARG00000109358,2,0
ENSDARG00000109359,0,0
ENSDARG00000109360,0,0
ENSDARG00000109362,1,1
ENSDARG00000109363,2,0
ENSDARG00000109364,2,-1
ENSDARG00000109366,5,2
ENSDARG00000109367,1,1
ENSDARG00000109368,0,2
ENSDARG00000109369,1,1
ENSDARG00000109370,5,2
ENSDARG00000109371,4,0
ENSDARG00000109372,3,0
ENSDARG00000109373,2,0
ENSDARG00000109375,1,0
ENSDARG00000109378,1,1
ENSDARG00000109381,1,1
ENSDARG00000109382,1,1
ENSDARG00000109383,1,0
ENSDARG00000109384,5,2
ENSDARG00000109386,1,1
ENSDARG00000109387,0,0
ENSDARG00000109388,2,0
ENSDARG00000109389,4,0
ENSDARG00000109390,1,0
ENSDARG00000109391,1,1
ENSDARG00000109394,3,1
ENSDARG00000109395,2,1
ENSDARG00000109396,3,0
ENSDARG00000109398,3,-1
ENSDARG00000109399,1,0
ENSDARG00000109401,5,1
ENSDARG00000109402,3,2
ENSDARG00000109403,0,0
ENSDARG00000109404,4,1
ENSDARG00000109405,4,0
ENSDARG00000109406,0,2
ENSDARG00000109408,0,1
ENSDARG00000109409,3,2
ENSDARG00000109410,0,2
ENSDARG00000109411,1,1
ENSDARG00000109412,3,2
ENSDARG00000109413,5,-1
ENSDARG00000109414,5,1
ENSDARG00000109415,1,1
ENSDARG00000109416,1,0
ENSDARG00000109417,1,1
ENSDARG00000109418,2,0
ENSDARG00000109419,4,1
ENSDARG00000109420,0,1
ENSDARG00000109421,1,0
ENSDARG00000109422,5,1
ENSDARG00000109423,1,0
ENSDARG00000109424,3,2
ENSDARG00000109425,5,1
ENSDARG00000109426,2,1
ENSDARG00000109427,3,0
ENSDARG00000109428,5,1
ENSDARG00000109431,5,2
ENSDARG00000109432,5,1
ENSDARG00000109434,0,1
ENSDARG00000109435,2,1
ENSDARG00000109436,0,1
ENSDARG00000109438,2,1
ENSDARG00000109439,2,1
ENSDARG00000109441,2,1
ENSDARG00000109442,0,1
ENSDARG00000109443,0,1
ENSDARG00000109444,0,2
ENSDARG00000109445,5,0
ENSDARG00000109446,0,1
ENSDARG00000109447,2,0
ENSDARG00000109448,2,0
ENSDARG00000109449,1,0
ENSDARG00000109450,3,0
ENSDARG00000109453,2,1
ENSDARG00000109454,4,1
ENSDARG00000109455,1,0
ENSDARG00000109456,3,2
ENSDARG00000109458,5,0
ENSDARG00000109459,5,2
ENSDARG00000109460,3,2
ENSDARG00000109461,1,0
ENSDARG00000109462,3,2
ENSDARG00000109463,5,2
ENSDARG00000109464,1,1
ENSDARG00000109466,5,2
ENSDARG00000109467,3,-1
ENSDARG00000109468,3,2
ENSDARG00000109469,1,1
ENSDARG00000109470,5,1
ENSDARG00000109471,5,2
ENSDARG00000109472,5,0
ENSDARG00000109473,3,0
ENSDARG00000109476,1,0
ENSDARG00000109478,5,0
ENSDARG00000109479,1,1
ENSDARG00000109480,5,1
ENSDARG00000109482,3,2
ENSDARG00000109483,2,1
ENSDARG00000109484,0,2
ENSDARG00000109485,1,0
ENSDARG00000109486,2,1
ENSDARG00000109487,2,1
ENSDARG00000109490,1,1
ENSDARG00000109491,5,2
ENSDARG00000109492,3,-1
ENSDARG00000109493,1,0
ENSDARG00000109494,5,2
ENSDARG00000109495,3,1
ENSDARG00000109496,0,0
ENSDARG00000109497,5,1
ENSDARG00000109498,2,1
ENSDARG00000109500,5,2
ENSDARG00000109502,4,0
ENSDARG00000109503,2,0
ENSDARG00000109504,2,0
ENSDARG00000109509,0,1
ENSDARG00000109510,5,1
ENSDARG00000109512,4,1
ENSDARG00000109514,1,-1
ENSDARG00000109516,0,0
ENSDARG00000109517,1,1
ENSDARG00000109518,5,0
ENSDARG00000109519,3,0
ENSDARG00000109520,4,0
ENSDARG00000109521,4,0
ENSDARG00000109522,5,1
ENSDARG00000109523,2,0
ENSDARG00000109524,3,1
ENSDARG00000109528,5,0
ENSDARG00000109531,0,0
ENSDARG00000109532,0,1
ENSDARG00000109533,1,0
ENSDARG00000109534,1,1
ENSDARG00000109535,2,0
ENSDARG00000109536,3,2
ENSDARG00000109537,2,-1
ENSDARG00000109538,5,2
ENSDARG00000109539,2,0
ENSDARG00000109540,1,0
ENSDARG00000109541,3,2
ENSDARG00000109542,3,1
ENSDARG00000109543,0,1
ENSDARG00000109544,5,2
ENSDARG00000109545,3,2
ENSDARG00000109547,2,1
ENSDARG00000109548,5,0
ENSDARG00000109550,5,0
ENSDARG00000109552,3,0
ENSDARG00000109553,5,1
ENSDARG00000109555,5,2
ENSDARG00000109556,3,2
ENSDARG00000109558,5,0
ENSDARG00000109559,5,1
ENSDARG00000109560,2,1
ENSDARG00000109561,2,1
ENSDARG00000109562,3,2
ENSDARG00000109563,5,0
ENSDARG00000109564,3,2
ENSDARG00000109565,5,0
ENSDARG00000109567,2,1
ENSDARG00000109568,3,0
ENSDARG00000109569,5,0
ENSDARG00000109570,0,0
ENSDARG00000109571,2,-1
ENSDARG00000109573,1,1
ENSDARG00000109574,1,1
ENSDARG00000109576,5,1
ENSDARG00000109577,3,2
ENSDARG00000109580,2,1
ENSDARG00000109581,1,-1
ENSDARG00000109584,3,2
ENSDARG00000109585,5,2
ENSDARG00000109586,1,0
ENSDARG00000109588,2,1
ENSDARG00000109589,2,1
ENSDARG00000109591,3,2
ENSDARG00000109593,2,1
ENSDARG00000109596,2,1
ENSDARG00000109597,5,2
ENSDARG00000109598,1,1
ENSDARG00000109599,2,0
ENSDARG00000109600,1,1
ENSDARG00000109602,5,1
ENSDARG00000109603,0,1
ENSDARG00000109604,5,2
ENSDARG00000109605,5,1
ENSDARG00000109606,0,0
ENSDARG00000109608,1,0
ENSDARG00000109610,3,0
ENSDARG00000109611,2,1
ENSDARG00000109612,5,2
ENSDARG00000109614,4,0
ENSDARG00000109616,3,0
ENSDARG00000109617,1,1
ENSDARG00000109618,5,0
ENSDARG00000109619,1,0
ENSDARG00000109620,5,1
ENSDARG00000109623,1,1
ENSDARG00000109625,0,1
ENSDARG00000109626,2,1
ENSDARG00000109628,5,1
ENSDARG00000109629,5,2
ENSDARG00000109630,5,0
ENSDARG00000109632,2,1
ENSDARG00000109633,1,0
ENSDARG00000109634,5,1
ENSDARG00000109637,4,1
ENSDARG00000109638,0,2
ENSDARG00000109639,3,0
ENSDARG00000109640,4,1
ENSDARG00000109642,1,1
ENSDARG00000109643,5,2
ENSDARG00000109644,4,0
ENSDARG00000109645,1,1
ENSDARG00000109646,1,1
ENSDARG00000109647,0,2
ENSDARG00000109648,2,1
ENSDARG00000109649,4,1
ENSDARG00000109650,2,0
ENSDARG00000109651,0,0
ENSDARG00000109652,1,1
ENSDARG00000109653,1,1
ENSDARG00000109654,2,1
ENSDARG00000109655,5,2
ENSDARG00000109657,3,1
ENSDARG00000109658,2,1
ENSDARG00000109659,4,1
ENSDARG00000109660,3,2
ENSDARG00000109661,4,1
ENSDARG00000109662,5,0
ENSDARG00000109664,5,1
ENSDARG00000109665,2,1
ENSDARG00000109666,2,0
ENSDARG00000109669,4,0
ENSDARG00000109670,2,1
ENSDARG00000109672,5,0
ENSDARG00000109673,1,1
ENSDARG00000109674,4,1
ENSDARG00000109675,1,0
ENSDARG00000109676,1,1
ENSDARG00000109680,3,2
ENSDARG00000109681,4,-1
ENSDARG00000109684,1,1
ENSDARG00000109685,4,0
ENSDARG00000109686,2,1
ENSDARG00000109687,2,0
ENSDARG00000109688,1,0
ENSDARG00000109689,1,1
ENSDARG00000109690,0,2
ENSDARG00000109693,4,2
ENSDARG00000109695,1,1
ENSDARG00000109696,1,1
ENSDARG00000109697,5,0
ENSDARG00000109698,0,0
ENSDARG00000109700,2,-1
ENSDARG00000109701,5,0
ENSDARG00000109702,2,0
ENSDARG00000109703,0,1
ENSDARG00000109705,3,2
ENSDARG00000109706,4,1
ENSDARG00000109708,5,1
ENSDARG00000109710,1,1
ENSDARG00000109712,5,0
ENSDARG00000109713,2,1
ENSDARG00000109714,3,0
ENSDARG00000109715,3,2
ENSDARG00000109716,0,0
ENSDARG00000109717,5,0
ENSDARG00000109719,5,1
ENSDARG00000109720,0,1
ENSDARG00000109723,3,1
ENSDARG00000109724,0,0
ENSDARG00000109725,1,0
ENSDARG00000109726,2,0
ENSDARG00000109728,5,2
ENSDARG00000109729,1,1
ENSDARG00000109731,0,0
ENSDARG00000109732,4,2
ENSDARG00000109733,1,1
ENSDARG00000109734,5,2
ENSDARG00000109737,5,0
ENSDARG00000109738,3,2
ENSDARG00000109739,5,1
ENSDARG00000109741,4,0
ENSDARG00000109742,2,1
ENSDARG00000109744,3,0
ENSDARG00000109745,4,1
ENSDARG00000109746,1,1
ENSDARG00000109750,4,1
ENSDARG00000109751,2,1
ENSDARG00000109754,2,-1
ENSDARG00000109755,5,0
ENSDARG00000109756,4,2
ENSDARG00000109757,5,1
ENSDARG00000109761,5,1
ENSDARG00000109762,3,2
ENSDARG00000109763,3,2
ENSDARG00000109764,1,1
ENSDARG00000109766,3,2
ENSDARG00000109767,5,0
ENSDARG00000109769,3,1
ENSDARG00000109770,3,0
ENSDARG00000109771,0,0
ENSDARG00000109772,4,0
ENSDARG00000109773,2,1
ENSDARG00000109774,3,0
ENSDARG00000109776,5,0
ENSDARG00000109777,2,1
ENSDARG00000109779,1,1
ENSDARG00000109780,1,1
ENSDARG00000109782,0,0
ENSDARG00000109783,0,1
ENSDARG00000109784,3,2
ENSDARG00000109787,0,0
ENSDARG00000109788,4,1
ENSDARG00000109790,2,1
ENSDARG00000109791,2,1
ENSDARG00000109792,3,2
ENSDARG00000109793,2,0
ENSDARG00000109794,2,-1
ENSDARG00000109796,3,2
ENSDARG00000109797,4,1
ENSDARG00000109798,0,2
ENSDARG00000109800,3,2
ENSDARG00000109801,0,1
ENSDARG00000109802,1,1
ENSDARG00000109804,3,1
ENSDARG00000109805,2,1
ENSDARG00000109806,2,1
ENSDARG00000109811,0,0
ENSDARG00000109813,3,1
ENSDARG00000109814,2,0
ENSDARG00000109816,3,2
ENSDARG00000109817,2,0
ENSDARG00000109818,3,2
ENSDARG00000109819,0,2
ENSDARG00000109820,3,0
ENSDARG00000109821,5,0
ENSDARG00000109822,1,0
ENSDARG00000109823,0,2
ENSDARG00000109824,1,0
ENSDARG00000109827,5,0
ENSDARG00000109828,2,1
ENSDARG00000109829,4,1
ENSDARG00000109830,4,2
ENSDARG00000109831,1,0
ENSDARG00000109832,5,0
ENSDARG00000109833,0,0
ENSDARG00000109835,3,0
ENSDARG00000109836,0,0
ENSDARG00000109837,1,0
ENSDARG00000109838,4,0
ENSDARG00000109839,0,0
ENSDARG00000109840,5,0
ENSDARG00000109842,0,0
ENSDARG00000109843,5,0
ENSDARG00000109844,0,0
ENSDARG00000109845,5,1
ENSDARG00000109846,3,0
ENSDARG00000109847,1,0
ENSDARG00000109848,1,1
ENSDARG00000109849,2,1
ENSDARG00000109850,4,2
ENSDARG00000109851,2,1
ENSDARG00000109856,2,0
ENSDARG00000109858,4,1
ENSDARG00000109859,4,1
ENSDARG00000109861,3,2
ENSDARG00000109862,2,1
ENSDARG00000109863,1,0
ENSDARG00000109864,1,1
ENSDARG00000109865,0,0
ENSDARG00000109866,0,0
ENSDARG00000109868,1,0
ENSDARG00000109869,5,0
ENSDARG00000109871,5,1
ENSDARG00000109875,2,0
ENSDARG00000109876,5,1
ENSDARG00000109877,5,1
ENSDARG00000109879,0,2
ENSDARG00000109880,3,0
ENSDARG00000109881,5,1
ENSDARG00000109882,4,1
ENSDARG00000109884,0,0
ENSDARG00000109885,3,2
ENSDARG00000109886,5,1
ENSDARG00000109887,2,0
ENSDARG00000109888,2,1
ENSDARG00000109890,1,1
ENSDARG00000109891,3,2
ENSDARG00000109892,2,1
ENSDARG00000109893,0,1
ENSDARG00000109895,1,1
ENSDARG00000109896,5,1
ENSDARG00000109898,2,0
ENSDARG00000109899,2,1
ENSDARG00000109900,5,1
ENSDARG00000109902,5,1
ENSDARG00000109904,2,1
ENSDARG00000109905,0,2
ENSDARG00000109906,4,1
ENSDARG00000109907,2,0
ENSDARG00000109908,1,0
ENSDARG00000109911,2,1
ENSDARG00000109912,1,-1
ENSDARG00000109915,0,0
ENSDARG00000109916,1,1
ENSDARG00000109919,5,1
ENSDARG00000109920,3,0
ENSDARG00000109921,2,0
ENSDARG00000109922,1,1
ENSDARG00000109924,3,2
ENSDARG00000109925,0,1
ENSDARG00000109926,5,0
ENSDARG00000109928,5,1
ENSDARG00000109929,5,0
ENSDARG00000109930,4,1
ENSDARG00000109931,2,0
ENSDARG00000109932,2,1
ENSDARG00000109934,1,1
ENSDARG00000109935,3,1
ENSDARG00000109939,5,1
ENSDARG00000109940,5,2
ENSDARG00000109942,4,0
ENSDARG00000109944,5,1
ENSDARG00000109945,4,0
ENSDARG00000109946,5,1
ENSDARG00000109947,2,1
ENSDARG00000109948,1,1
ENSDARG00000109949,2,1
ENSDARG00000109950,4,1
ENSDARG00000109952,3,2
ENSDARG00000109954,2,0
ENSDARG00000109955,5,1
ENSDARG00000109956,2,1
ENSDARG00000109957,0,0
ENSDARG00000109958,5,1
ENSDARG00000109959,1,1
ENSDARG00000109960,4,-1
ENSDARG00000109961,1,1
ENSDARG00000109962,1,1
ENSDARG00000109963,2,1
ENSDARG00000109965,5,1
ENSDARG00000109966,4,2
ENSDARG00000109969,5,2
ENSDARG00000109970,0,2
ENSDARG00000109971,3,-1
ENSDARG00000109972,2,1
ENSDARG00000109973,4,1
ENSDARG00000109974,3,0
ENSDARG00000109975,5,1
ENSDARG00000109976,4,1
ENSDARG00000109978,1,1
ENSDARG00000109979,5,1
ENSDARG00000109982,5,1
ENSDARG00000109983,2,1
ENSDARG00000109984,3,0
ENSDARG00000109985,5,2
ENSDARG00000109989,2,1
ENSDARG00000109990,0,2
ENSDARG00000109992,2,1
ENSDARG00000109993,1,1
ENSDARG00000109994,0,0
ENSDARG00000109996,2,1
ENSDARG00000109997,2,-1
ENSDARG00000109998,0,0
ENSDARG00000109999,3,-1
ENSDARG00000110000,0,2
ENSDARG00000110001,0,2
ENSDARG00000110002,3,0
ENSDARG00000110003,1,1
ENSDARG00000110004,5,2
ENSDARG00000110005,2,1
ENSDARG00000110006,1,1
ENSDARG00000110008,1,0
ENSDARG00000110009,3,2
ENSDARG00000110010,2,0
ENSDARG00000110011,5,2
ENSDARG00000110012,2,0
ENSDARG00000110013,1,1
ENSDARG00000110015,0,0
ENSDARG00000110016,2,1
ENSDARG00000110018,0,1
ENSDARG00000110020,0,1
ENSDARG00000110022,5,1
ENSDARG00000110024,5,2
ENSDARG00000110025,0,0
ENSDARG00000110026,2,1
ENSDARG00000110030,5,0
ENSDARG00000110031,1,0
ENSDARG00000110033,3,2
ENSDARG00000110034,3,2
ENSDARG00000110035,5,2
ENSDARG00000110036,3,2
ENSDARG00000110039,2,1
ENSDARG00000110040,3,2
ENSDARG00000110042,2,1
ENSDARG00000110043,2,1
ENSDARG00000110045,1,1
ENSDARG00000110046,5,1
ENSDARG00000110047,5,1
ENSDARG00000110048,1,0
ENSDARG00000110049,0,2
ENSDARG00000110050,3,2
ENSDARG00000110051,1,0
ENSDARG00000110052,0,1
ENSDARG00000110054,2,0
ENSDARG00000110055,1,0
ENSDARG00000110056,1,1
ENSDARG00000110059,0,0
ENSDARG00000110060,0,0
ENSDARG00000110061,3,2
ENSDARG00000110063,0,0
ENSDARG00000110066,4,-1
ENSDARG00000110067,1,1
ENSDARG00000110068,3,1
ENSDARG00000110069,4,0
ENSDARG00000110071,2,0
ENSDARG00000110072,2,1
ENSDARG00000110073,5,1
ENSDARG00000110074,0,1
ENSDARG00000110075,0,2
ENSDARG00000110076,0,0
ENSDARG00000110078,1,0
ENSDARG00000110079,1,1
ENSDARG00000110081,3,-1
ENSDARG00000110082,4,2
ENSDARG00000110085,3,0
ENSDARG00000110086,5,1
ENSDARG00000110087,1,1
ENSDARG00000110090,2,0
ENSDARG00000110094,4,1
ENSDARG00000110095,3,2
ENSDARG00000110096,1,1
ENSDARG00000110098,4,0
ENSDARG00000110099,2,1
ENSDARG00000110100,1,0
ENSDARG00000110103,1,1
ENSDARG00000110104,2,1
ENSDARG00000110105,0,2
ENSDARG00000110106,5,0
ENSDARG00000110108,0,1
ENSDARG00000110109,1,1
ENSDARG00000110110,1,1
ENSDARG00000110111,2,1
ENSDARG00000110113,4,1
ENSDARG00000110114,4,1
ENSDARG00000110115,3,2
ENSDARG00000110117,5,1
ENSDARG00000110118,2,1
ENSDARG00000110119,2,1
ENSDARG00000110120,3,-1
ENSDARG00000110121,5,0
ENSDARG00000110122,1,1
ENSDARG00000110124,5,1
ENSDARG00000110125,3,2
ENSDARG00000110126,3,2
ENSDARG00000110127,4,1
ENSDARG00000110128,3,0
ENSDARG00000110129,0,1
ENSDARG00000110130,5,1
ENSDARG00000110131,1,1
ENSDARG00000110132,5,0
ENSDARG00000110135,4,1
ENSDARG00000110137,0,1
ENSDARG00000110138,1,0
ENSDARG00000110139,2,-1
ENSDARG00000110140,2,1
ENSDARG00000110142,3,2
ENSDARG00000110147,0,0
ENSDARG00000110148,4,1
ENSDARG00000110149,2,0
ENSDARG00000110150,1,0
ENSDARG00000110151,3,2
ENSDARG00000110152,5,0
ENSDARG00000110154,0,2
ENSDARG00000110155,3,2
ENSDARG00000110156,0,1
ENSDARG00000110157,0,0
ENSDARG00000110158,1,0
ENSDARG00000110159,1,0
ENSDARG00000110160,2,1
ENSDARG00000110161,0,0
ENSDARG00000110167,2,0
ENSDARG00000110168,3,2
ENSDARG00000110169,3,2
ENSDARG00000110170,2,1
ENSDARG00000110171,5,0
ENSDARG00000110172,5,1
ENSDARG00000110173,2,1
ENSDARG00000110174,5,1
ENSDARG00000110175,0,1
ENSDARG00000110176,0,0
ENSDARG00000110177,5,1
ENSDARG00000110178,3,2
ENSDARG00000110182,3,2
ENSDARG00000110183,0,2
ENSDARG00000110184,0,2
ENSDARG00000110185,5,1
ENSDARG00000110186,0,0
ENSDARG00000110189,4,1
ENSDARG00000110190,1,0
ENSDARG00000110191,3,-1
ENSDARG00000110192,3,0
ENSDARG00000110193,4,0
ENSDARG00000110194,3,0
ENSDARG00000110198,1,1
ENSDARG00000110200,2,-1
ENSDARG00000110201,5,1
ENSDARG00000110202,5,1
ENSDARG00000110203,2,1
ENSDARG00000110204,0,0
ENSDARG00000110205,1,1
ENSDARG00000110206,0,0
ENSDARG00000110207,1,0
ENSDARG00000110209,1,0
ENSDARG00000110210,0,0
ENSDARG00000110211,3,1
ENSDARG00000110212,4,1
ENSDARG00000110213,5,2
ENSDARG00000110214,0,0
ENSDARG00000110215,1,1
ENSDARG00000110216,4,1
ENSDARG00000110217,3,2
ENSDARG00000110218,0,0
ENSDARG00000110219,2,1
ENSDARG00000110220,2,1
ENSDARG00000110221,1,1
ENSDARG00000110222,0,0
ENSDARG00000110225,3,2
ENSDARG00000110226,0,2
ENSDARG00000110229,1,1
ENSDARG00000110230,4,0
ENSDARG00000110231,2,1
ENSDARG00000110232,1,1
ENSDARG00000110234,1,1
ENSDARG00000110238,3,2
ENSDARG00000110240,3,2
ENSDARG00000110241,3,0
ENSDARG00000110244,4,0
ENSDARG00000110245,2,1
ENSDARG00000110248,4,0
ENSDARG00000110249,1,1
ENSDARG00000110250,4,2
ENSDARG00000110252,3,2
ENSDARG00000110253,5,2
ENSDARG00000110254,5,0
ENSDARG00000110255,3,0
ENSDARG00000110256,5,0
ENSDARG00000110257,0,2
ENSDARG00000110258,5,1
ENSDARG00000110259,5,1
ENSDARG00000110260,0,0
ENSDARG00000110261,2,0
ENSDARG00000110262,0,0
ENSDARG00000110264,3,0
ENSDARG00000110265,2,-1
ENSDARG00000110266,3,2
ENSDARG00000110267,1,0
ENSDARG00000110269,4,0
ENSDARG00000110270,2,1
ENSDARG00000110272,2,1
ENSDARG00000110274,4,1
ENSDARG00000110275,2,0
ENSDARG00000110276,2,0
ENSDARG00000110277,1,0
ENSDARG00000110278,2,0
ENSDARG00000110279,1,0
ENSDARG00000110281,0,0
ENSDARG00000110282,0,0
ENSDARG00000110283,5,0
ENSDARG00000110284,1,1
ENSDARG00000110285,1,0
ENSDARG00000110287,2,0
ENSDARG00000110289,0,0
ENSDARG00000110290,2,1
ENSDARG00000110291,3,1
ENSDARG00000110292,0,0
ENSDARG00000110293,3,0
ENSDARG00000110294,0,0
ENSDARG00000110296,0,0
ENSDARG00000110297,2,1
ENSDARG00000110298,0,0
ENSDARG00000110299,2,0
ENSDARG00000110301,4,2
ENSDARG00000110303,2,1
ENSDARG00000110304,1,1
ENSDARG00000110305,0,2
ENSDARG00000110306,3,0
ENSDARG00000110307,3,0
ENSDARG00000110308,3,0
ENSDARG00000110312,2,1
ENSDARG00000110313,2,0
ENSDARG00000110318,5,1
ENSDARG00000110320,2,1
ENSDARG00000110322,2,-1
ENSDARG00000110323,5,0
ENSDARG00000110324,5,1
ENSDARG00000110325,0,2
ENSDARG00000110326,5,0
ENSDARG00000110327,5,0
ENSDARG00000110328,5,1
ENSDARG00000110332,0,2
ENSDARG00000110333,5,1
ENSDARG00000110334,4,1
ENSDARG00000110335,3,2
ENSDARG00000110336,4,1
ENSDARG00000110339,2,0
ENSDARG00000110340,0,1
ENSDARG00000110341,3,2
ENSDARG00000110342,1,1
ENSDARG00000110343,5,2
ENSDARG00000110344,4,0
ENSDARG00000110345,5,1
ENSDARG00000110346,5,1
ENSDARG00000110347,0,2
ENSDARG00000110348,0,0
ENSDARG00000110350,2,-1
ENSDARG00000110351,4,1
ENSDARG00000110352,3,2
ENSDARG00000110353,3,2
ENSDARG00000110354,2,0
ENSDARG00000110355,1,1
ENSDARG00000110356,1,0
ENSDARG00000110358,3,2
ENSDARG00000110359,5,0
ENSDARG00000110360,1,1
ENSDARG00000110361,5,0
ENSDARG00000110362,2,1
ENSDARG00000110363,3,-1
ENSDARG00000110364,2,1
ENSDARG00000110366,3,2
ENSDARG00000110367,5,1
ENSDARG00000110368,0,0
ENSDARG00000110369,2,1
ENSDARG00000110370,4,1
ENSDARG00000110371,5,1
ENSDARG00000110372,5,2
ENSDARG00000110374,5,2
ENSDARG00000110376,2,0
ENSDARG00000110377,1,-1
ENSDARG00000110378,2,1
ENSDARG00000110379,2,1
ENSDARG00000110381,1,0
ENSDARG00000110382,3,2
ENSDARG00000110383,4,1
ENSDARG00000110385,1,0
ENSDARG00000110387,5,1
ENSDARG00000110388,0,2
ENSDARG00000110392,4,-1
ENSDARG00000110393,3,1
ENSDARG00000110394,2,1
ENSDARG00000110395,4,0
ENSDARG00000110396,0,0
ENSDARG00000110397,3,0
ENSDARG00000110399,3,1
ENSDARG00000110400,2,1
ENSDARG00000110402,3,2
ENSDARG00000110403,1,1
ENSDARG00000110405,5,1
ENSDARG00000110406,5,1
ENSDARG00000110407,0,0
ENSDARG00000110408,1,1
ENSDARG00000110411,2,1
ENSDARG00000110413,3,2
ENSDARG00000110414,5,1
ENSDARG00000110417,0,2
ENSDARG00000110419,4,2
ENSDARG00000110420,2,1
ENSDARG00000110421,0,2
ENSDARG00000110422,3,2
ENSDARG00000110423,0,0
ENSDARG00000110425,2,1
ENSDARG00000110426,2,0
ENSDARG00000110427,5,0
ENSDARG00000110429,5,0
ENSDARG00000110430,1,1
ENSDARG00000110431,2,0
ENSDARG00000110433,5,0
ENSDARG00000110434,1,1
ENSDARG00000110435,1,1
ENSDARG00000110436,1,1
ENSDARG00000110437,5,1
ENSDARG00000110438,2,1
ENSDARG00000110439,2,0
ENSDARG00000110440,1,-1
ENSDARG00000110444,1,0
ENSDARG00000110446,5,2
ENSDARG00000110447,4,2
ENSDARG00000110448,2,0
ENSDARG00000110449,0,1
ENSDARG00000110450,1,0
ENSDARG00000110452,4,1
ENSDARG00000110454,5,0
ENSDARG00000110455,2,0
ENSDARG00000110456,5,2
ENSDARG00000110457,2,1
ENSDARG00000110458,0,0
ENSDARG00000110459,5,0
ENSDARG00000110461,2,1
ENSDARG00000110462,3,0
ENSDARG00000110463,4,1
ENSDARG00000110464,0,0
ENSDARG00000110465,2,0
ENSDARG00000110466,5,2
ENSDARG00000110468,0,2
ENSDARG00000110469,1,0
ENSDARG00000110470,4,0
ENSDARG00000110473,4,0
ENSDARG00000110474,0,1
ENSDARG00000110475,0,2
ENSDARG00000110478,5,2
ENSDARG00000110479,4,1
ENSDARG00000110481,1,1
ENSDARG00000110482,1,1
ENSDARG00000110483,1,1
ENSDARG00000110484,2,1
ENSDARG00000110485,3,2
ENSDARG00000110486,3,2
ENSDARG00000110487,1,1
ENSDARG00000110488,4,1
ENSDARG00000110489,3,2
ENSDARG00000110493,2,1
ENSDARG00000110495,1,0
ENSDARG00000110496,3,0
ENSDARG00000110497,4,1
ENSDARG00000110499,5,2
ENSDARG00000110500,3,1
ENSDARG00000110502,0,2
ENSDARG00000110503,2,1
ENSDARG00000110505,2,-1
ENSDARG00000110506,5,1
ENSDARG00000110511,4,1
ENSDARG00000110513,3,2
ENSDARG00000110514,5,0
ENSDARG00000110515,2,1
ENSDARG00000110516,2,1
ENSDARG00000110517,2,1
ENSDARG00000110518,2,-1
ENSDARG00000110519,4,1
ENSDARG00000110521,5,1
ENSDARG00000110522,2,1
ENSDARG00000110525,2,0
ENSDARG00000110527,3,0
ENSDARG00000110528,3,2
ENSDARG00000110529,5,0
ENSDARG00000110532,2,1
ENSDARG00000110534,4,1
ENSDARG00000110535,2,0
ENSDARG00000110536,1,1
ENSDARG00000110537,2,1
ENSDARG00000110539,2,0
ENSDARG00000110540,5,1
ENSDARG00000110542,4,1
ENSDARG00000110545,3,2
ENSDARG00000110547,4,2
ENSDARG00000110548,1,1
ENSDARG00000110549,2,1
ENSDARG00000110550,2,1
ENSDARG00000110551,0,2
ENSDARG00000110552,2,0
ENSDARG00000110553,5,0
ENSDARG00000110555,1,1
ENSDARG00000110556,1,1
ENSDARG00000110557,0,0
ENSDARG00000110560,4,1
ENSDARG00000110561,2,-1
ENSDARG00000110564,1,0
ENSDARG00000110565,1,0
ENSDARG00000110567,4,1
ENSDARG00000110568,5,1
ENSDARG00000110569,0,1
ENSDARG00000110570,2,1
ENSDARG00000110571,2,0
ENSDARG00000110572,5,1
ENSDARG00000110573,1,1
ENSDARG00000110574,4,2
ENSDARG00000110576,5,2
ENSDARG00000110578,3,2
ENSDARG00000110580,3,0
ENSDARG00000110586,0,2
ENSDARG00000110588,4,1
ENSDARG00000110589,3,1
ENSDARG00000110590,5,0
ENSDARG00000110592,3,2
ENSDARG00000110593,2,0
ENSDARG00000110595,4,2
ENSDARG00000110596,2,1
ENSDARG00000110598,3,0
ENSDARG00000110599,2,1
ENSDARG00000110600,1,1
ENSDARG00000110601,2,1
ENSDARG00000110602,2,1
ENSDARG00000110604,1,1
ENSDARG00000110605,5,2
ENSDARG00000110608,1,0
ENSDARG00000110610,2,1
ENSDARG00000110611,2,1
ENSDARG00000110612,2,0
ENSDARG00000110613,5,1
ENSDARG00000110614,2,1
ENSDARG00000110616,4,0
ENSDARG00000110617,2,-1
ENSDARG00000110618,2,1
ENSDARG00000110619,2,1
ENSDARG00000110620,4,1
ENSDARG00000110621,5,0
ENSDARG00000110623,5,2
ENSDARG00000110624,2,1
ENSDARG00000110625,5,1
ENSDARG00000110626,0,2
ENSDARG00000110627,5,0
ENSDARG00000110629,1,1
ENSDARG00000110630,3,2
ENSDARG00000110631,2,1
ENSDARG00000110632,0,2
ENSDARG00000110634,0,0
ENSDARG00000110635,3,2
ENSDARG00000110636,2,0
ENSDARG00000110637,5,0
ENSDARG00000110638,2,1
ENSDARG00000110639,5,1
ENSDARG00000110641,2,0
ENSDARG00000110642,0,1
ENSDARG00000110643,3,2
ENSDARG00000110644,3,2
ENSDARG00000110645,2,1
ENSDARG00000110646,2,0
ENSDARG00000110647,0,2
ENSDARG00000110648,1,1
ENSDARG00000110650,2,-1
ENSDARG00000110651,1,-1
ENSDARG00000110653,0,1
ENSDARG00000110654,5,2
ENSDARG00000110656,5,0
ENSDARG00000110657,2,1
ENSDARG00000110658,1,1
ENSDARG00000110659,5,1
ENSDARG00000110661,0,2
ENSDARG00000110664,2,0
ENSDARG00000110666,5,1
ENSDARG00000110667,5,2
ENSDARG00000110668,0,2
ENSDARG00000110669,5,1
ENSDARG00000110670,1,1
ENSDARG00000110671,2,1
ENSDARG00000110672,0,2
ENSDARG00000110673,1,0
ENSDARG00000110674,4,1
ENSDARG00000110676,0,2
ENSDARG00000110677,2,1
ENSDARG00000110678,0,2
ENSDARG00000110679,2,1
ENSDARG00000110680,2,1
ENSDARG00000110682,3,2
ENSDARG00000110685,2,1
ENSDARG00000110686,2,1
ENSDARG00000110687,5,0
ENSDARG00000110688,4,2
ENSDARG00000110689,3,2
ENSDARG00000110690,3,0
ENSDARG00000110693,0,2
ENSDARG00000110694,0,1
ENSDARG00000110695,2,1
ENSDARG00000110696,1,1
ENSDARG00000110698,3,1
ENSDARG00000110699,5,2
ENSDARG00000110700,1,0
ENSDARG00000110701,2,0
ENSDARG00000110702,2,0
ENSDARG00000110703,4,0
ENSDARG00000110704,3,2
ENSDARG00000110705,4,1
ENSDARG00000110706,1,0
ENSDARG00000110707,2,1
ENSDARG00000110708,5,2
ENSDARG00000110709,0,2
ENSDARG00000110710,1,0
ENSDARG00000110711,5,1
ENSDARG00000110712,0,2
ENSDARG00000110713,0,0
ENSDARG00000110714,0,2
ENSDARG00000110715,2,1
ENSDARG00000110717,2,0
ENSDARG00000110718,5,1
ENSDARG00000110719,2,0
ENSDARG00000110720,0,0
ENSDARG00000110721,4,1
ENSDARG00000110722,4,1
ENSDARG00000110723,2,0
ENSDARG00000110725,5,0
ENSDARG00000110726,0,0
ENSDARG00000110727,0,0
ENSDARG00000110729,3,1
ENSDARG00000110730,3,0
ENSDARG00000110731,2,1
ENSDARG00000110733,5,1
ENSDARG00000110734,0,0
ENSDARG00000110735,1,-1
ENSDARG00000110737,4,0
ENSDARG00000110738,3,1
ENSDARG00000110739,3,2
ENSDARG00000110740,2,1
ENSDARG00000110743,5,2
ENSDARG00000110744,2,1
ENSDARG00000110745,5,0
ENSDARG00000110746,1,0
ENSDARG00000110747,0,2
ENSDARG00000110748,4,0
ENSDARG00000110750,0,2
ENSDARG00000110753,5,0
ENSDARG00000110754,3,2
ENSDARG00000110755,0,0
ENSDARG00000110756,2,1
ENSDARG00000110758,2,-1
ENSDARG00000110759,5,2
ENSDARG00000110760,1,1
ENSDARG00000110761,1,-1
ENSDARG00000110762,2,1
ENSDARG00000110763,4,2
ENSDARG00000110764,4,1
ENSDARG00000110765,5,1
ENSDARG00000110766,0,1
ENSDARG00000110767,2,1
ENSDARG00000110768,0,0
ENSDARG00000110769,5,0
ENSDARG00000110771,2,0
ENSDARG00000110772,5,1
ENSDARG00000110775,5,0
ENSDARG00000110778,5,1
ENSDARG00000110780,3,2
ENSDARG00000110782,3,2
ENSDARG00000110783,2,-1
ENSDARG00000110786,4,1
ENSDARG00000110787,5,0
ENSDARG00000110788,5,1
ENSDARG00000110790,1,1
ENSDARG00000110791,0,2
ENSDARG00000110792,0,1
ENSDARG00000110794,2,0
ENSDARG00000110799,1,1
ENSDARG00000110801,4,2
ENSDARG00000110802,5,0
ENSDARG00000110804,0,2
ENSDARG00000110806,2,1
ENSDARG00000110807,2,1
ENSDARG00000110808,3,-1
ENSDARG00000110809,5,0
ENSDARG00000110810,3,2
ENSDARG00000110811,3,0
ENSDARG00000110812,5,0
ENSDARG00000110814,0,1
ENSDARG00000110815,3,0
ENSDARG00000110816,2,0
ENSDARG00000110817,0,0
ENSDARG00000110819,5,2
ENSDARG00000110821,1,1
ENSDARG00000110822,1,0
ENSDARG00000110828,5,2
ENSDARG00000110829,4,2
ENSDARG00000110830,5,2
ENSDARG00000110831,3,2
ENSDARG00000110832,2,1
ENSDARG00000110833,1,0
ENSDARG00000110834,1,1
ENSDARG00000110835,5,0
ENSDARG00000110836,3,1
ENSDARG00000110838,3,0
ENSDARG00000110839,2,1
ENSDARG00000110840,3,-1
ENSDARG00000110841,1,1
ENSDARG00000110843,4,0
ENSDARG00000110844,4,1
ENSDARG00000110845,3,2
ENSDARG00000110848,1,0
ENSDARG00000110849,1,1
ENSDARG00000110852,1,1
ENSDARG00000110853,3,0
ENSDARG00000110854,4,1
ENSDARG00000110855,4,2
ENSDARG00000110857,1,0
ENSDARG00000110858,4,1
ENSDARG00000110859,3,0
ENSDARG00000110860,4,1
ENSDARG00000110861,1,1
ENSDARG00000110862,0,0
ENSDARG00000110864,0,0
ENSDARG00000110866,0,0
ENSDARG00000110867,2,0
ENSDARG00000110868,5,1
ENSDARG00000110869,3,0
ENSDARG00000110870,1,0
ENSDARG00000110871,2,1
ENSDARG00000110872,1,1
ENSDARG00000110873,5,1
ENSDARG00000110874,2,0
ENSDARG00000110875,1,1
ENSDARG00000110876,0,0
ENSDARG00000110877,2,1
ENSDARG00000110878,2,1
ENSDARG00000110879,2,1
ENSDARG00000110880,4,2
ENSDARG00000110881,2,0
ENSDARG00000110882,2,1
ENSDARG00000110883,2,1
ENSDARG00000110886,5,1
ENSDARG00000110887,5,2
ENSDARG00000110888,0,0
ENSDARG00000110889,3,2
ENSDARG00000110890,2,0
ENSDARG00000110891,5,1
ENSDARG00000110892,3,2
ENSDARG00000110893,0,2
ENSDARG00000110895,2,0
ENSDARG00000110897,1,0
ENSDARG00000110900,2,1
ENSDARG00000110902,0,2
ENSDARG00000110903,5,1
ENSDARG00000110904,2,-1
ENSDARG00000110905,2,1
ENSDARG00000110907,3,0
ENSDARG00000110908,1,1
ENSDARG00000110909,5,0
ENSDARG00000110910,3,2
ENSDARG00000110911,5,2
ENSDARG00000110912,1,1
ENSDARG00000110914,0,2
ENSDARG00000110915,1,1
ENSDARG00000110917,5,0
ENSDARG00000110918,0,0
ENSDARG00000110919,0,2
ENSDARG00000110921,1,1
ENSDARG00000110922,5,2
ENSDARG00000110923,1,0
ENSDARG00000110925,4,2
ENSDARG00000110926,5,2
ENSDARG00000110927,1,0
ENSDARG00000110928,0,0
ENSDARG00000110933,0,2
ENSDARG00000110934,1,0
ENSDARG00000110935,5,2
ENSDARG00000110937,1,0
ENSDARG00000110939,1,1
ENSDARG00000110940,3,2
ENSDARG00000110941,3,2
ENSDARG00000110942,3,2
ENSDARG00000110943,1,1
ENSDARG00000110944,1,1
ENSDARG00000110945,5,1
ENSDARG00000110946,1,1
ENSDARG00000110949,3,2
ENSDARG00000110950,2,1
ENSDARG00000110953,4,0
ENSDARG00000110954,3,0
ENSDARG00000110957,1,0
ENSDARG00000110959,5,1
ENSDARG00000110960,4,0
ENSDARG00000110961,3,2
ENSDARG00000110962,2,1
ENSDARG00000110963,4,0
ENSDARG00000110964,2,-1
ENSDARG00000110965,2,1
ENSDARG00000110966,1,0
ENSDARG00000110967,5,0
ENSDARG00000110969,2,1
ENSDARG00000110970,1,0
ENSDARG00000110971,5,1
ENSDARG00000110973,0,1
ENSDARG00000110974,5,1
ENSDARG00000110975,5,0
ENSDARG00000110976,2,0
ENSDARG00000110977,3,0
ENSDARG00000110978,4,1
ENSDARG00000110980,1,1
ENSDARG00000110981,1,1
ENSDARG00000110982,1,0
ENSDARG00000110983,1,1
ENSDARG00000110984,3,0
ENSDARG00000110985,3,2
ENSDARG00000110986,1,1
ENSDARG00000110988,0,1
ENSDARG00000110990,3,2
ENSDARG00000110991,5,0
ENSDARG00000110992,0,0
ENSDARG00000110993,2,1
ENSDARG00000110994,1,0
ENSDARG00000110995,5,1
ENSDARG00000110996,1,0
ENSDARG00000110997,1,0
ENSDARG00000110998,0,0
ENSDARG00000111000,2,1
ENSDARG00000111001,5,0
ENSDARG00000111002,1,0
ENSDARG00000111003,1,1
ENSDARG00000111004,5,1
ENSDARG00000111005,5,1
ENSDARG00000111007,5,2
ENSDARG00000111008,4,1
ENSDARG00000111009,5,1
ENSDARG00000111011,3,2
ENSDARG00000111013,0,0
ENSDARG00000111014,3,0
ENSDARG00000111016,5,1
ENSDARG00000111017,1,1
ENSDARG00000111019,1,1
ENSDARG00000111020,0,2
ENSDARG00000111021,3,2
ENSDARG00000111023,1,1
ENSDARG00000111024,1,1
ENSDARG00000111025,0,2
ENSDARG00000111026,5,0
ENSDARG00000111027,5,2
ENSDARG00000111028,2,1
ENSDARG00000111029,4,0
ENSDARG00000111031,1,1
ENSDARG00000111033,4,0
ENSDARG00000111034,1,0
ENSDARG00000111035,0,2
ENSDARG00000111037,2,0
ENSDARG00000111038,1,0
ENSDARG00000111040,4,1
ENSDARG00000111042,3,2
ENSDARG00000111043,3,0
ENSDARG00000111044,1,1
ENSDARG00000111045,1,1
ENSDARG00000111046,5,0
ENSDARG00000111047,2,0
ENSDARG00000111049,3,2
ENSDARG00000111050,0,0
ENSDARG00000111054,1,1
ENSDARG00000111055,1,0
ENSDARG00000111056,4,1
ENSDARG00000111059,4,0
ENSDARG00000111060,2,1
ENSDARG00000111061,3,2
ENSDARG00000111062,2,1
ENSDARG00000111063,0,0
ENSDARG00000111064,5,2
ENSDARG00000111065,0,2
ENSDARG00000111066,2,1
ENSDARG00000111067,3,2
ENSDARG00000111068,2,0
ENSDARG00000111069,3,2
ENSDARG00000111070,2,1
ENSDARG00000111071,5,1
ENSDARG00000111072,1,1
ENSDARG00000111073,5,1
ENSDARG00000111075,0,0
ENSDARG00000111076,0,1
ENSDARG00000111077,2,1
ENSDARG00000111079,2,1
ENSDARG00000111080,5,1
ENSDARG00000111081,1,1
ENSDARG00000111082,5,1
ENSDARG00000111083,2,0
ENSDARG00000111084,2,0
ENSDARG00000111085,2,1
ENSDARG00000111086,3,2
ENSDARG00000111087,5,0
ENSDARG00000111091,0,2
ENSDARG00000111092,3,2
ENSDARG00000111093,5,1
ENSDARG00000111094,2,-1
ENSDARG00000111095,5,1
ENSDARG00000111096,4,1
ENSDARG00000111097,5,1
ENSDARG00000111098,5,1
ENSDARG00000111099,4,1
ENSDARG00000111100,5,0
ENSDARG00000111101,0,2
ENSDARG00000111102,2,1
ENSDARG00000111103,1,0
ENSDARG00000111105,3,2
ENSDARG00000111106,2,1
ENSDARG00000111107,1,-1
ENSDARG00000111108,2,1
ENSDARG00000111110,2,1
ENSDARG00000111111,5,1
ENSDARG00000111116,5,2
ENSDARG00000111118,1,0
ENSDARG00000111119,3,2
ENSDARG00000111120,3,-1
ENSDARG00000111121,1,0
ENSDARG00000111123,3,1
ENSDARG00000111125,0,0
ENSDARG00000111126,2,0
ENSDARG00000111128,3,2
ENSDARG00000111129,4,1
ENSDARG00000111130,2,-1
ENSDARG00000111131,3,2
ENSDARG00000111132,1,0
ENSDARG00000111133,3,2
ENSDARG00000111134,2,1
ENSDARG00000111135,1,-1
ENSDARG00000111138,2,0
ENSDARG00000111140,0,0
ENSDARG00000111141,5,2
ENSDARG00000111143,3,0
ENSDARG00000111146,1,1
ENSDARG00000111147,5,1
ENSDARG00000111148,1,1
ENSDARG00000111150,4,1
ENSDARG00000111151,0,2
ENSDARG00000111152,5,2
ENSDARG00000111153,4,2
ENSDARG00000111154,4,1
ENSDARG00000111155,3,2
ENSDARG00000111156,3,2
ENSDARG00000111158,0,0
ENSDARG00000111159,5,0
ENSDARG00000111160,1,0
ENSDARG00000111161,5,2
ENSDARG00000111162,2,1
ENSDARG00000111163,5,1
ENSDARG00000111164,1,0
ENSDARG00000111165,5,0
ENSDARG00000111166,0,2
ENSDARG00000111167,2,1
ENSDARG00000111169,3,2
ENSDARG00000111170,0,2
ENSDARG00000111172,3,2
ENSDARG00000111173,4,0
ENSDARG00000111174,1,1
ENSDARG00000111175,5,2
ENSDARG00000111177,1,0
ENSDARG00000111179,3,-1
ENSDARG00000111180,5,2
ENSDARG00000111181,5,0
ENSDARG00000111182,2,0
ENSDARG00000111183,3,1
ENSDARG00000111184,5,0
ENSDARG00000111185,2,0
ENSDARG00000111186,1,1
ENSDARG00000111188,3,2
ENSDARG00000111189,1,1
ENSDARG00000111190,5,0
ENSDARG00000111191,3,-1
ENSDARG00000111192,0,2
ENSDARG00000111194,5,2
ENSDARG00000111196,4,1
ENSDARG00000111197,0,2
ENSDARG00000111199,3,2
ENSDARG00000111200,2,1
ENSDARG00000111202,2,1
ENSDARG00000111203,2,1
ENSDARG00000111204,4,1
ENSDARG00000111206,0,0
ENSDARG00000111207,0,0
ENSDARG00000111208,0,2
ENSDARG00000111209,3,0
ENSDARG00000111210,5,1
ENSDARG00000111211,0,1
ENSDARG00000111212,3,-1
ENSDARG00000111213,0,1
ENSDARG00000111214,3,2
ENSDARG00000111216,2,1
ENSDARG00000111218,2,1
ENSDARG00000111219,0,0
ENSDARG00000111221,2,0
ENSDARG00000111222,1,1
ENSDARG00000111225,5,1
ENSDARG00000111226,0,1
ENSDARG00000111228,4,0
ENSDARG00000111230,1,1
ENSDARG00000111231,2,0
ENSDARG00000111232,0,2
ENSDARG00000111233,3,0
ENSDARG00000111234,5,1
ENSDARG00000111235,3,2
ENSDARG00000111237,5,2
ENSDARG00000111238,1,0
ENSDARG00000111239,3,0
ENSDARG00000111240,0,1
ENSDARG00000111242,1,0
ENSDARG00000111244,1,0
ENSDARG00000111245,1,1
ENSDARG00000111246,3,0
ENSDARG00000111247,5,0
ENSDARG00000111249,3,0
ENSDARG00000111252,3,2
ENSDARG00000111253,3,2
ENSDARG00000111254,1,0
ENSDARG00000111260,3,2
ENSDARG00000111262,2,1
ENSDARG00000111263,5,1
ENSDARG00000111264,1,1
ENSDARG00000111265,5,-1
ENSDARG00000111266,0,1
ENSDARG00000111268,3,2
ENSDARG00000111269,1,0
ENSDARG00000111270,0,1
ENSDARG00000111271,2,1
ENSDARG00000111272,1,0
ENSDARG00000111273,2,0
ENSDARG00000111275,3,2
ENSDARG00000111276,2,1
ENSDARG00000111277,4,1
ENSDARG00000111282,2,0
ENSDARG00000111284,0,0
ENSDARG00000111285,0,0
ENSDARG00000111287,0,0
ENSDARG00000111288,5,2
ENSDARG00000111289,0,0
ENSDARG00000111290,4,0
ENSDARG00000111292,2,0
ENSDARG00000111293,2,1
ENSDARG00000111294,3,2
ENSDARG00000111295,4,0
ENSDARG00000111296,5,1
ENSDARG00000111297,0,0
ENSDARG00000111298,5,2
ENSDARG00000111300,3,2
ENSDARG00000111302,1,1
ENSDARG00000111305,1,0
ENSDARG00000111306,5,1
ENSDARG00000111307,5,2
ENSDARG00000111311,5,1
ENSDARG00000111312,4,1
ENSDARG00000111313,4,1
ENSDARG00000111315,2,0
ENSDARG00000111316,2,0
ENSDARG00000111317,2,1
ENSDARG00000111319,2,0
ENSDARG00000111323,2,1
ENSDARG00000111326,2,1
ENSDARG00000111327,2,0
ENSDARG00000111329,0,1
ENSDARG00000111331,0,0
ENSDARG00000111332,4,1
ENSDARG00000111333,4,1
ENSDARG00000111334,1,1
ENSDARG00000111336,0,0
ENSDARG00000111337,1,0
ENSDARG00000111338,3,2
ENSDARG00000111341,1,1
ENSDARG00000111342,2,1
ENSDARG00000111343,2,0
ENSDARG00000111344,2,1
ENSDARG00000111346,1,-1
ENSDARG00000111347,0,0
ENSDARG00000111348,5,0
ENSDARG00000111350,5,2
ENSDARG00000111351,3,2
ENSDARG00000111352,2,-1
ENSDARG00000111353,5,2
ENSDARG00000111354,5,2
ENSDARG00000111355,1,-1
ENSDARG00000111358,4,1
ENSDARG00000111359,4,1
ENSDARG00000111360,4,1
ENSDARG00000111361,0,0
ENSDARG00000111362,4,1
ENSDARG00000111363,1,0
ENSDARG00000111364,3,0
ENSDARG00000111365,3,2
ENSDARG00000111367,1,1
ENSDARG00000111368,0,1
ENSDARG00000111369,3,2
ENSDARG00000111370,2,1
ENSDARG00000111371,1,0
ENSDARG00000111374,3,2
ENSDARG00000111375,5,2
ENSDARG00000111376,5,1
ENSDARG00000111377,2,-1
ENSDARG00000111378,1,0
ENSDARG00000111379,3,2
ENSDARG00000111380,4,1
ENSDARG00000111381,0,2
ENSDARG00000111382,3,0
ENSDARG00000111384,1,0
ENSDARG00000111386,2,1
ENSDARG00000111387,5,0
ENSDARG00000111389,5,2
ENSDARG00000111390,0,1
ENSDARG00000111391,2,1
ENSDARG00000111393,2,0
ENSDARG00000111394,4,0
ENSDARG00000111395,5,0
ENSDARG00000111396,5,0
ENSDARG00000111399,2,1
ENSDARG00000111400,4,1
ENSDARG00000111401,1,1
ENSDARG00000111402,5,2
ENSDARG00000111404,5,1
ENSDARG00000111405,1,0
ENSDARG00000111407,2,-1
ENSDARG00000111409,5,1
ENSDARG00000111410,0,2
ENSDARG00000111414,2,1
ENSDARG00000111415,0,0
ENSDARG00000111416,5,2
ENSDARG00000111417,4,1
ENSDARG00000111418,2,1
ENSDARG00000111419,5,2
ENSDARG00000111420,0,1
ENSDARG00000111423,2,1
ENSDARG00000111425,5,0
ENSDARG00000111427,5,2
ENSDARG00000111428,2,0
ENSDARG00000111429,2,1
ENSDARG00000111431,1,0
ENSDARG00000111432,1,0
ENSDARG00000111433,1,1
ENSDARG00000111434,1,1
ENSDARG00000111435,3,0
ENSDARG00000111436,2,-1
ENSDARG00000111437,3,0
ENSDARG00000111438,3,2
ENSDARG00000111440,5,0
ENSDARG00000111442,5,2
ENSDARG00000111443,1,0
ENSDARG00000111444,5,1
ENSDARG00000111445,0,0
ENSDARG00000111446,0,0
ENSDARG00000111447,4,0
ENSDARG00000111448,1,-1
ENSDARG00000111449,0,2
ENSDARG00000111450,3,2
ENSDARG00000111451,5,1
ENSDARG00000111455,4,1
ENSDARG00000111456,5,1
ENSDARG00000111457,0,0
ENSDARG00000111458,4,1
ENSDARG00000111459,2,1
ENSDARG00000111460,4,1
ENSDARG00000111461,2,1
ENSDARG00000111462,2,1
ENSDARG00000111463,2,1
ENSDARG00000111464,0,0
ENSDARG00000111466,0,0
ENSDARG00000111468,1,0
ENSDARG00000111470,2,0
ENSDARG00000111471,2,1
ENSDARG00000111472,1,1
ENSDARG00000111473,2,1
ENSDARG00000111474,1,1
ENSDARG00000111475,3,2
ENSDARG00000111477,2,0
ENSDARG00000111478,2,1
ENSDARG00000111479,4,2
ENSDARG00000111480,0,2
ENSDARG00000111482,4,0
ENSDARG00000111483,1,0
ENSDARG00000111484,3,0
ENSDARG00000111485,1,1
ENSDARG00000111486,5,1
ENSDARG00000111487,3,-1
ENSDARG00000111488,1,1
ENSDARG00000111489,0,0
ENSDARG00000111490,4,0
ENSDARG00000111491,3,0
ENSDARG00000111492,0,1
ENSDARG00000111493,3,2
ENSDARG00000111494,5,0
ENSDARG00000111495,2,0
ENSDARG00000111497,1,0
ENSDARG00000111498,1,1
ENSDARG00000111499,3,0
ENSDARG00000111500,1,0
ENSDARG00000111501,5,0
ENSDARG00000111502,2,1
ENSDARG00000111504,0,0
ENSDARG00000111505,1,1
ENSDARG00000111507,5,0
ENSDARG00000111509,0,0
ENSDARG00000111510,2,1
ENSDARG00000111513,4,2
ENSDARG00000111514,2,-1
ENSDARG00000111515,5,-1
ENSDARG00000111516,0,1
ENSDARG00000111517,2,1
ENSDARG00000111518,2,1
ENSDARG00000111520,5,1
ENSDARG00000111521,0,2
ENSDARG00000111522,2,1
ENSDARG00000111525,3,1
ENSDARG00000111526,3,1
ENSDARG00000111528,2,0
ENSDARG00000111529,4,2
ENSDARG00000111530,4,1
ENSDARG00000111534,4,2
ENSDARG00000111535,0,2
ENSDARG00000111536,1,1
ENSDARG00000111537,1,1
ENSDARG00000111538,5,1
ENSDARG00000111539,0,2
ENSDARG00000111543,3,2
ENSDARG00000111544,0,1
ENSDARG00000111545,1,0
ENSDARG00000111546,5,1
ENSDARG00000111547,4,1
ENSDARG00000111548,3,-1
ENSDARG00000111549,0,2
ENSDARG00000111551,4,0
ENSDARG00000111552,1,1
ENSDARG00000111553,0,0
ENSDARG00000111554,2,0
ENSDARG00000111555,1,0
ENSDARG00000111556,3,0
ENSDARG00000111557,4,1
ENSDARG00000111559,1,-1
ENSDARG00000111560,0,2
ENSDARG00000111562,1,-1
ENSDARG00000111567,2,0
ENSDARG00000111568,1,0
ENSDARG00000111569,2,0
ENSDARG00000111570,0,1
ENSDARG00000111571,3,0
ENSDARG00000111573,5,0
ENSDARG00000111574,3,1
ENSDARG00000111576,2,1
ENSDARG00000111578,5,1
ENSDARG00000111579,0,0
ENSDARG00000111580,2,1
ENSDARG00000111581,0,2
ENSDARG00000111582,3,2
ENSDARG00000111585,4,0
ENSDARG00000111586,2,1
ENSDARG00000111587,3,2
ENSDARG00000111588,2,1
ENSDARG00000111589,1,-1
ENSDARG00000111590,1,1
ENSDARG00000111591,2,1
ENSDARG00000111592,1,0
ENSDARG00000111595,5,1
ENSDARG00000111596,1,1
ENSDARG00000111598,5,0
ENSDARG00000111599,2,-1
ENSDARG00000111600,3,2
ENSDARG00000111601,0,2
ENSDARG00000111603,3,2
ENSDARG00000111604,2,0
ENSDARG00000111607,0,1
ENSDARG00000111608,2,1
ENSDARG00000111610,5,1
ENSDARG00000111611,0,0
ENSDARG00000111613,3,2
ENSDARG00000111616,5,1
ENSDARG00000111618,2,0
ENSDARG00000111619,5,0
ENSDARG00000111620,3,0
ENSDARG00000111622,5,2
ENSDARG00000111624,0,1
ENSDARG00000111627,5,0
ENSDARG00000111629,1,0
ENSDARG00000111631,5,0
ENSDARG00000111633,5,1
ENSDARG00000111635,3,1
ENSDARG00000111636,0,0
ENSDARG00000111637,5,0
ENSDARG00000111638,3,1
ENSDARG00000111640,1,1
ENSDARG00000111641,2,0
ENSDARG00000111642,5,1
ENSDARG00000111643,4,1
ENSDARG00000111645,5,1
ENSDARG00000111646,2,1
ENSDARG00000111647,1,0
ENSDARG00000111648,5,0
ENSDARG00000111650,2,1
ENSDARG00000111651,2,1
ENSDARG00000111652,1,1
ENSDARG00000111653,2,1
ENSDARG00000111654,2,-1
ENSDARG00000111655,0,0
ENSDARG00000111657,3,2
ENSDARG00000111658,2,1
ENSDARG00000111659,1,1
ENSDARG00000111662,0,0
ENSDARG00000111667,2,1
ENSDARG00000111668,3,2
ENSDARG00000111669,0,0
ENSDARG00000111670,1,1
ENSDARG00000111672,0,2
ENSDARG00000111673,0,0
ENSDARG00000111675,2,0
ENSDARG00000111676,4,0
ENSDARG00000111677,1,0
ENSDARG00000111678,3,0
ENSDARG00000111679,5,2
ENSDARG00000111680,4,1
ENSDARG00000111681,2,1
ENSDARG00000111682,0,0
ENSDARG00000111683,5,1
ENSDARG00000111684,1,1
ENSDARG00000111685,1,0
ENSDARG00000111686,0,2
ENSDARG00000111687,5,1
ENSDARG00000111689,2,0
ENSDARG00000111691,5,0
ENSDARG00000111692,1,0
ENSDARG00000111693,2,0
ENSDARG00000111694,5,-1
ENSDARG00000111695,5,1
ENSDARG00000111696,4,1
ENSDARG00000111697,5,2
ENSDARG00000111698,1,1
ENSDARG00000111699,5,1
ENSDARG00000111700,4,1
ENSDARG00000111701,5,2
ENSDARG00000111704,2,1
ENSDARG00000111705,2,0
ENSDARG00000111707,2,1
ENSDARG00000111712,1,1
ENSDARG00000111713,5,0
ENSDARG00000111714,4,0
ENSDARG00000111715,3,2
ENSDARG00000111716,5,0
ENSDARG00000111718,5,1
ENSDARG00000111719,0,2
ENSDARG00000111724,0,0
ENSDARG00000111725,2,0
ENSDARG00000111727,0,1
ENSDARG00000111728,0,0
ENSDARG00000111729,2,0
ENSDARG00000111730,3,0
ENSDARG00000111731,5,0
ENSDARG00000111733,5,2
ENSDARG00000111734,5,1
ENSDARG00000111735,5,1
ENSDARG00000111736,3,2
ENSDARG00000111737,1,0
ENSDARG00000111738,0,1
ENSDARG00000111740,3,2
ENSDARG00000111742,2,1
ENSDARG00000111743,3,0
ENSDARG00000111744,0,0
ENSDARG00000111745,1,0
ENSDARG00000111746,5,0
ENSDARG00000111747,4,1
ENSDARG00000111748,4,0
ENSDARG00000111749,5,2
ENSDARG00000111750,1,-1
ENSDARG00000111752,5,1
ENSDARG00000111753,5,2
ENSDARG00000111754,2,-1
ENSDARG00000111756,2,0
ENSDARG00000111757,5,1
ENSDARG00000111758,1,1
ENSDARG00000111759,5,2
ENSDARG00000111760,2,1
ENSDARG00000111761,5,2
ENSDARG00000111762,0,0
ENSDARG00000111765,4,1
ENSDARG00000111766,3,2
ENSDARG00000111768,2,1
ENSDARG00000111770,0,2
ENSDARG00000111771,1,1
ENSDARG00000111773,4,0
ENSDARG00000111777,1,0
ENSDARG00000111778,0,1
ENSDARG00000111779,1,1
ENSDARG00000111780,1,0
ENSDARG00000111782,0,2
ENSDARG00000111783,2,0
ENSDARG00000111785,4,0
ENSDARG00000111786,4,1
ENSDARG00000111787,1,1
ENSDARG00000111788,0,1
ENSDARG00000111789,4,1
ENSDARG00000111790,1,1
ENSDARG00000111792,2,1
ENSDARG00000111794,5,1
ENSDARG00000111795,2,1
ENSDARG00000111798,4,2
ENSDARG00000111799,5,2
ENSDARG00000111801,0,0
ENSDARG00000111802,3,2
ENSDARG00000111804,4,-1
ENSDARG00000111805,4,0
ENSDARG00000111808,0,0
ENSDARG00000111810,3,2
ENSDARG00000111811,3,2
ENSDARG00000111812,3,2
ENSDARG00000111814,3,1
ENSDARG00000111815,1,1
ENSDARG00000111816,1,1
ENSDARG00000111817,5,2
ENSDARG00000111818,3,2
ENSDARG00000111819,5,1
ENSDARG00000111820,2,1
ENSDARG00000111821,1,1
ENSDARG00000111822,3,0
ENSDARG00000111823,4,1
ENSDARG00000111824,5,2
ENSDARG00000111825,0,2
ENSDARG00000111826,2,1
ENSDARG00000111827,3,0
ENSDARG00000111828,5,1
ENSDARG00000111829,3,0
ENSDARG00000111831,5,0
ENSDARG00000111832,2,1
ENSDARG00000111833,2,1
ENSDARG00000111836,5,2
ENSDARG00000111837,2,0
ENSDARG00000111838,0,0
ENSDARG00000111840,2,1
ENSDARG00000111842,1,1
ENSDARG00000111845,5,1
ENSDARG00000111846,0,2
ENSDARG00000111847,0,1
ENSDARG00000111848,2,1
ENSDARG00000111849,2,-1
ENSDARG00000111850,5,1
ENSDARG00000111851,1,1
ENSDARG00000111852,0,0
ENSDARG00000111855,0,0
ENSDARG00000111856,2,1
ENSDARG00000111858,4,1
ENSDARG00000111859,1,1
ENSDARG00000111860,3,2
ENSDARG00000111862,1,1
ENSDARG00000111864,2,1
ENSDARG00000111865,3,2
ENSDARG00000111866,0,0
ENSDARG00000111867,1,0
ENSDARG00000111868,4,1
ENSDARG00000111869,0,1
ENSDARG00000111870,2,1
ENSDARG00000111873,5,0
ENSDARG00000111874,1,0
ENSDARG00000111875,1,1
ENSDARG00000111876,5,1
ENSDARG00000111877,0,1
ENSDARG00000111880,1,1
ENSDARG00000111881,2,1
ENSDARG00000111882,2,0
ENSDARG00000111884,1,0
ENSDARG00000111886,3,2
ENSDARG00000111887,5,1
ENSDARG00000111889,1,1
ENSDARG00000111891,5,2
ENSDARG00000111892,0,0
ENSDARG00000111893,1,1
ENSDARG00000111894,3,2
ENSDARG00000111895,2,1
ENSDARG00000111897,5,2
ENSDARG00000111899,5,2
ENSDARG00000111900,4,1
ENSDARG00000111901,5,0
ENSDARG00000111903,5,1
ENSDARG00000111906,5,0
ENSDARG00000111907,5,1
ENSDARG00000111909,0,2
ENSDARG00000111910,5,2
ENSDARG00000111913,2,1
ENSDARG00000111914,1,1
ENSDARG00000111915,5,1
ENSDARG00000111916,4,1
ENSDARG00000111917,0,0
ENSDARG00000111918,1,1
ENSDARG00000111919,3,2
ENSDARG00000111920,3,2
ENSDARG00000111923,1,1
ENSDARG00000111924,5,1
ENSDARG00000111925,0,0
ENSDARG00000111926,1,0
ENSDARG00000111927,5,1
ENSDARG00000111928,2,0
ENSDARG00000111929,2,0
ENSDARG00000111930,5,2
ENSDARG00000111932,2,1
ENSDARG00000111933,1,0
ENSDARG00000111934,5,0
ENSDARG00000111935,2,1
ENSDARG00000111936,1,1
ENSDARG00000111937,3,1
ENSDARG00000111938,5,1
ENSDARG00000111939,4,1
ENSDARG00000111941,5,1
ENSDARG00000111942,3,0
ENSDARG00000111945,4,1
ENSDARG00000111946,1,0
ENSDARG00000111947,0,2
ENSDARG00000111948,1,1
ENSDARG00000111949,0,1
ENSDARG00000111950,0,2
ENSDARG00000111953,1,-1
ENSDARG00000111955,1,1
ENSDARG00000111956,1,0
ENSDARG00000111957,3,0
ENSDARG00000111959,4,1
ENSDARG00000111960,2,1
ENSDARG00000111961,5,1
ENSDARG00000111962,5,1
ENSDARG00000111963,5,2
ENSDARG00000111964,5,0
ENSDARG00000111965,4,0
ENSDARG00000111966,1,-1
ENSDARG00000111968,1,1
ENSDARG00000111969,5,2
ENSDARG00000111972,5,1
ENSDARG00000111973,2,0
ENSDARG00000111974,5,2
ENSDARG00000111977,3,2
ENSDARG00000111978,0,2
ENSDARG00000111979,5,0
ENSDARG00000111980,0,0
ENSDARG00000111981,1,0
ENSDARG00000111982,1,0
ENSDARG00000111983,4,1
ENSDARG00000111984,1,0
ENSDARG00000111985,0,1
ENSDARG00000111987,4,1
ENSDARG00000111988,2,1
ENSDARG00000111990,1,1
ENSDARG00000111991,5,1
ENSDARG00000111992,5,1
ENSDARG00000111995,2,0
ENSDARG00000111996,1,0
ENSDARG00000111997,2,1
ENSDARG00000111998,5,0
ENSDARG00000111999,0,1
ENSDARG00000112000,3,0
ENSDARG00000112001,2,1
ENSDARG00000112002,1,1
ENSDARG00000112003,3,2
ENSDARG00000112005,0,2
ENSDARG00000112006,3,1
ENSDARG00000112007,2,0
ENSDARG00000112009,4,0
ENSDARG00000112011,3,2
ENSDARG00000112012,5,2
ENSDARG00000112013,5,0
ENSDARG00000112015,2,1
ENSDARG00000112016,2,1
ENSDARG00000112017,4,1
ENSDARG00000112018,2,1
ENSDARG00000112019,2,1
ENSDARG00000112020,4,1
ENSDARG00000112021,2,0
ENSDARG00000112023,0,2
ENSDARG00000112024,3,2
ENSDARG00000112025,5,2
ENSDARG00000112026,1,1
ENSDARG00000112027,2,1
ENSDARG00000112028,2,1
ENSDARG00000112030,0,0
ENSDARG00000112031,5,2
ENSDARG00000112032,2,1
ENSDARG00000112034,2,0
ENSDARG00000112035,0,0
ENSDARG00000112036,5,0
ENSDARG00000112039,1,1
ENSDARG00000112041,3,0
ENSDARG00000112043,5,2
ENSDARG00000112044,1,1
ENSDARG00000112045,4,1
ENSDARG00000112046,3,0
ENSDARG00000112049,2,1
ENSDARG00000112051,4,0
ENSDARG00000112052,3,2
ENSDARG00000112053,0,0
ENSDARG00000112054,5,2
ENSDARG00000112055,0,1
ENSDARG00000112056,3,2
ENSDARG00000112057,2,1
ENSDARG00000112059,1,0
ENSDARG00000112060,3,2
ENSDARG00000112061,1,1
ENSDARG00000112062,0,0
ENSDARG00000112063,5,0
ENSDARG00000112064,5,1
ENSDARG00000112065,4,1
ENSDARG00000112069,0,0
ENSDARG00000112071,3,2
ENSDARG00000112072,2,-1
ENSDARG00000112073,3,0
ENSDARG00000112076,1,1
ENSDARG00000112077,1,0
ENSDARG00000112079,5,1
ENSDARG00000112080,3,1
ENSDARG00000112081,5,0
ENSDARG00000112082,2,-1
ENSDARG00000112083,2,1
ENSDARG00000112084,0,0
ENSDARG00000112085,5,1
ENSDARG00000112086,2,-1
ENSDARG00000112087,1,1
ENSDARG00000112088,2,1
ENSDARG00000112090,3,0
ENSDARG00000112091,1,-1
ENSDARG00000112092,1,0
ENSDARG00000112093,1,-1
ENSDARG00000112094,3,2
ENSDARG00000112095,0,0
ENSDARG00000112096,0,0
ENSDARG00000112097,3,0
ENSDARG00000112098,1,1
ENSDARG00000112099,0,0
ENSDARG00000112100,2,1
ENSDARG00000112101,1,1
ENSDARG00000112102,4,1
ENSDARG00000112103,1,1
ENSDARG00000112104,3,2
ENSDARG00000112105,5,0
ENSDARG00000112107,5,1
ENSDARG00000112109,2,0
ENSDARG00000112110,3,0
ENSDARG00000112111,0,1
ENSDARG00000112112,2,1
ENSDARG00000112113,1,1
ENSDARG00000112114,1,-1
ENSDARG00000112115,3,0
ENSDARG00000112116,3,2
ENSDARG00000112117,2,-1
ENSDARG00000112119,3,2
ENSDARG00000112121,1,0
ENSDARG00000112122,4,0
ENSDARG00000112124,3,0
ENSDARG00000112126,1,1
ENSDARG00000112127,5,1
ENSDARG00000112128,1,0
ENSDARG00000112129,2,-1
ENSDARG00000112130,3,2
ENSDARG00000112131,5,0
ENSDARG00000112132,4,1
ENSDARG00000112133,0,2
ENSDARG00000112134,3,2
ENSDARG00000112135,5,0
ENSDARG00000112136,5,1
ENSDARG00000112138,3,2
ENSDARG00000112140,5,0
ENSDARG00000112142,3,2
ENSDARG00000112143,0,1
ENSDARG00000112144,1,1
ENSDARG00000112145,1,0
ENSDARG00000112146,5,1
ENSDARG00000112150,3,2
ENSDARG00000112151,2,0
ENSDARG00000112152,1,1
ENSDARG00000112154,1,1
ENSDARG00000112157,0,0
ENSDARG00000112159,2,1
ENSDARG00000112160,3,2
ENSDARG00000112161,3,1
ENSDARG00000112162,5,0
ENSDARG00000112163,2,1
ENSDARG00000112165,4,0
ENSDARG00000112168,4,2
ENSDARG00000112169,2,-1
ENSDARG00000112170,1,1
ENSDARG00000112171,3,0
ENSDARG00000112173,2,1
ENSDARG00000112174,4,1
ENSDARG00000112175,5,0
ENSDARG00000112176,5,0
ENSDARG00000112177,4,1
ENSDARG00000112179,1,0
ENSDARG00000112180,5,0
ENSDARG00000112181,2,1
ENSDARG00000112182,5,1
ENSDARG00000112183,1,1
ENSDARG00000112186,2,-1
ENSDARG00000112187,0,0
ENSDARG00000112188,3,0
ENSDARG00000112190,1,1
ENSDARG00000112191,4,2
ENSDARG00000112192,3,2
ENSDARG00000112193,5,1
ENSDARG00000112194,1,-1
ENSDARG00000112196,2,1
ENSDARG00000112198,1,1
ENSDARG00000112199,1,1
ENSDARG00000112200,2,1
ENSDARG00000112201,1,1
ENSDARG00000112202,4,1
ENSDARG00000112203,1,0
ENSDARG00000112204,1,1
ENSDARG00000112207,1,0
ENSDARG00000112208,4,1
ENSDARG00000112210,5,1
ENSDARG00000112212,5,1
ENSDARG00000112213,5,0
ENSDARG00000112216,3,0
ENSDARG00000112217,2,1
ENSDARG00000112218,4,1
ENSDARG00000112219,1,0
ENSDARG00000112222,2,1
ENSDARG00000112223,5,2
ENSDARG00000112225,1,1
ENSDARG00000112226,2,0
ENSDARG00000112227,2,0
ENSDARG00000112228,2,1
ENSDARG00000112229,0,0
ENSDARG00000112231,4,0
ENSDARG00000112232,3,-1
ENSDARG00000112234,4,1
ENSDARG00000112236,2,1
ENSDARG00000112237,0,2
ENSDARG00000112238,3,2
ENSDARG00000112239,3,1
ENSDARG00000112241,0,2
ENSDARG00000112242,4,1
ENSDARG00000112243,0,2
ENSDARG00000112244,1,1
ENSDARG00000112245,2,0
ENSDARG00000112246,0,1
ENSDARG00000112247,1,0
ENSDARG00000112248,5,1
ENSDARG00000112251,2,0
ENSDARG00000112252,1,1
ENSDARG00000112253,1,0
ENSDARG00000112254,1,0
ENSDARG00000112255,5,1
ENSDARG00000112256,3,0
ENSDARG00000112257,5,0
ENSDARG00000112259,2,0
ENSDARG00000112260,1,1
ENSDARG00000112261,5,0
ENSDARG00000112262,4,0
ENSDARG00000112263,3,2
ENSDARG00000112264,0,0
ENSDARG00000112266,5,0
ENSDARG00000112267,0,2
ENSDARG00000112268,3,0
ENSDARG00000112269,5,2
ENSDARG00000112270,3,2
ENSDARG00000112271,0,0
ENSDARG00000112272,3,0
ENSDARG00000112276,1,1
ENSDARG00000112279,1,0
ENSDARG00000112281,5,2
ENSDARG00000112282,2,0
ENSDARG00000112284,1,0
ENSDARG00000112285,2,1
ENSDARG00000112287,2,1
ENSDARG00000112288,5,0
ENSDARG00000112290,0,2
ENSDARG00000112291,4,0
ENSDARG00000112292,3,1
ENSDARG00000112293,1,1
ENSDARG00000112294,4,1
ENSDARG00000112297,0,2
ENSDARG00000112298,2,0
ENSDARG00000112299,1,0
ENSDARG00000112300,1,0
ENSDARG00000112301,4,1
ENSDARG00000112302,4,1
ENSDARG00000112303,1,0
ENSDARG00000112305,4,0
ENSDARG00000112309,5,1
ENSDARG00000112310,2,1
ENSDARG00000112311,2,1
ENSDARG00000112313,1,1
ENSDARG00000112314,2,0
ENSDARG00000112315,1,0
ENSDARG00000112316,0,2
ENSDARG00000112317,0,0
ENSDARG00000112318,3,2
ENSDARG00000112320,2,0
ENSDARG00000112321,2,1
ENSDARG00000112324,4,1
ENSDARG00000112325,2,0
ENSDARG00000112326,5,1
ENSDARG00000112328,3,2
ENSDARG00000112329,2,0
ENSDARG00000112334,4,1
ENSDARG00000112335,5,1
ENSDARG00000112336,5,0
ENSDARG00000112337,0,2
ENSDARG00000112338,3,2
ENSDARG00000112339,5,1
ENSDARG00000112340,3,2
ENSDARG00000112341,3,2
ENSDARG00000112342,0,1
ENSDARG00000112343,2,0
ENSDARG00000112344,2,0
ENSDARG00000112348,3,2
ENSDARG00000112349,2,1
ENSDARG00000112351,0,0
ENSDARG00000112352,3,2
ENSDARG00000112354,1,1
ENSDARG00000112355,3,2
ENSDARG00000112356,0,2
ENSDARG00000112357,3,1
ENSDARG00000112358,5,2
ENSDARG00000112359,5,2
ENSDARG00000112360,1,1
ENSDARG00000112361,3,2
ENSDARG00000112362,0,0
ENSDARG00000112364,2,1
ENSDARG00000112365,1,1
ENSDARG00000112366,1,0
ENSDARG00000112367,2,1
ENSDARG00000112368,2,1
ENSDARG00000112369,1,1
ENSDARG00000112370,3,1
ENSDARG00000112371,0,0
ENSDARG00000112372,1,1
ENSDARG00000112373,5,0
ENSDARG00000112374,5,0
ENSDARG00000112375,5,0
ENSDARG00000112377,0,1
ENSDARG00000112380,2,-1
ENSDARG00000112383,5,2
ENSDARG00000112384,4,1
ENSDARG00000112385,2,0
ENSDARG00000112386,3,2
ENSDARG00000112388,1,0
ENSDARG00000112389,5,1
ENSDARG00000112390,3,-1
ENSDARG00000112391,0,2
ENSDARG00000112394,5,1
ENSDARG00000112396,5,1
ENSDARG00000112397,5,0
ENSDARG00000112399,3,0
ENSDARG00000112400,5,0
ENSDARG00000112403,5,0
ENSDARG00000112404,4,1
ENSDARG00000112407,1,1
ENSDARG00000112408,5,1
ENSDARG00000112411,1,1
ENSDARG00000112413,5,2
ENSDARG00000112414,1,1
ENSDARG00000112415,1,1
ENSDARG00000112416,5,1
ENSDARG00000112417,1,1
ENSDARG00000112418,2,-1
ENSDARG00000112419,2,1
ENSDARG00000112422,3,2
ENSDARG00000112423,5,1
ENSDARG00000112425,2,0
ENSDARG00000112427,2,1
ENSDARG00000112428,2,0
ENSDARG00000112429,0,0
ENSDARG00000112431,3,2
ENSDARG00000112432,1,1
ENSDARG00000112433,4,1
ENSDARG00000112434,2,1
ENSDARG00000112435,2,0
ENSDARG00000112436,5,0
ENSDARG00000112437,3,1
ENSDARG00000112439,2,0
ENSDARG00000112442,0,2
ENSDARG00000112443,3,2
ENSDARG00000112444,3,2
ENSDARG00000112445,1,1
ENSDARG00000112446,2,1
ENSDARG00000112448,3,2
ENSDARG00000112449,5,2
ENSDARG00000112450,2,1
ENSDARG00000112451,1,0
ENSDARG00000112452,5,2
ENSDARG00000112453,2,1
ENSDARG00000112454,0,1
ENSDARG00000112455,1,-1
ENSDARG00000112459,0,2
ENSDARG00000112460,2,1
ENSDARG00000112464,1,1
ENSDARG00000112465,4,2
ENSDARG00000112466,4,0
ENSDARG00000112467,2,1
ENSDARG00000112469,4,2
ENSDARG00000112470,2,1
ENSDARG00000112472,2,1
ENSDARG00000112473,5,0
ENSDARG00000112474,0,0
ENSDARG00000112475,2,1
ENSDARG00000112476,5,0
ENSDARG00000112477,2,1
ENSDARG00000112478,0,2
ENSDARG00000112479,2,1
ENSDARG00000112480,3,1
ENSDARG00000112483,1,0
ENSDARG00000112484,1,0
ENSDARG00000112485,4,1
ENSDARG00000112486,0,1
ENSDARG00000112488,2,-1
ENSDARG00000112491,5,0
ENSDARG00000112492,0,0
ENSDARG00000112493,4,1
ENSDARG00000112494,1,0
ENSDARG00000112495,1,0
ENSDARG00000112497,0,0
ENSDARG00000112499,5,1
ENSDARG00000112501,4,1
ENSDARG00000112502,3,2
ENSDARG00000112503,4,0
ENSDARG00000112504,1,1
ENSDARG00000112505,2,0
ENSDARG00000112506,5,1
ENSDARG00000112507,3,0
ENSDARG00000112508,0,0
ENSDARG00000112509,5,0
ENSDARG00000112510,5,1
ENSDARG00000112511,2,1
ENSDARG00000112513,5,1
ENSDARG00000112516,5,2
ENSDARG00000112517,5,1
ENSDARG00000112518,3,2
ENSDARG00000112519,0,0
ENSDARG00000112520,3,2
ENSDARG00000112521,5,1
ENSDARG00000112522,1,1
ENSDARG00000112523,5,2
ENSDARG00000112524,0,0
ENSDARG00000112525,2,1
ENSDARG00000112526,2,1
ENSDARG00000112528,5,0
ENSDARG00000112529,3,2
ENSDARG00000112531,4,0
ENSDARG00000112532,3,2
ENSDARG00000112533,0,0
ENSDARG00000112534,5,1
ENSDARG00000112535,3,1
ENSDARG00000112537,0,2
ENSDARG00000112540,4,0
ENSDARG00000112541,5,0
ENSDARG00000112542,5,1
ENSDARG00000112543,2,0
ENSDARG00000112544,1,1
ENSDARG00000112545,5,2
ENSDARG00000112548,2,1
ENSDARG00000112550,2,0
ENSDARG00000112551,5,2
ENSDARG00000112552,4,1
ENSDARG00000112554,1,-1
ENSDARG00000112555,3,0
ENSDARG00000112556,5,1
ENSDARG00000112557,3,2
ENSDARG00000112558,2,1
ENSDARG00000112560,4,1
ENSDARG00000112561,5,2
ENSDARG00000112563,2,1
ENSDARG00000112564,2,1
ENSDARG00000112567,2,0
ENSDARG00000112569,3,2
ENSDARG00000112571,0,2
ENSDARG00000112572,5,0
ENSDARG00000112573,4,2
ENSDARG00000112574,5,2
ENSDARG00000112575,2,1
ENSDARG00000112576,0,0
ENSDARG00000112578,5,2
ENSDARG00000112579,5,1
ENSDARG00000112581,5,1
ENSDARG00000112583,1,0
ENSDARG00000112584,5,0
ENSDARG00000112586,5,0
ENSDARG00000112587,5,0
ENSDARG00000112589,2,-1
ENSDARG00000112590,1,1
ENSDARG00000112591,1,0
ENSDARG00000112592,1,1
ENSDARG00000112593,5,0
ENSDARG00000112595,2,1
ENSDARG00000112597,0,0
ENSDARG00000112598,5,2
ENSDARG00000112599,1,1
ENSDARG00000112600,1,-1
ENSDARG00000112601,1,1
ENSDARG00000112602,1,1
ENSDARG00000112603,1,0
ENSDARG00000112605,5,2
ENSDARG00000112606,1,1
ENSDARG00000112607,1,1
ENSDARG00000112608,2,-1
ENSDARG00000112609,3,2
ENSDARG00000112611,0,2
ENSDARG00000112613,3,0
ENSDARG00000112616,0,2
ENSDARG00000112620,4,0
ENSDARG00000112621,5,0
ENSDARG00000112622,0,0
ENSDARG00000112623,2,1
ENSDARG00000112624,1,0
ENSDARG00000112625,0,2
ENSDARG00000112627,3,2
ENSDARG00000112629,1,1
ENSDARG00000112630,1,-1
ENSDARG00000112631,1,1
ENSDARG00000112632,3,2
ENSDARG00000112635,4,0
ENSDARG00000112637,4,0
ENSDARG00000112640,5,0
ENSDARG00000112641,2,0
ENSDARG00000112642,2,1
ENSDARG00000112644,4,0
ENSDARG00000112646,5,1
ENSDARG00000112647,5,0
ENSDARG00000112648,4,0
ENSDARG00000112649,2,0
ENSDARG00000112650,2,0
ENSDARG00000112651,4,1
ENSDARG00000112652,0,1
ENSDARG00000112653,1,1
ENSDARG00000112654,1,1
ENSDARG00000112656,4,0
ENSDARG00000112657,1,-1
ENSDARG00000112658,5,2
ENSDARG00000112659,2,1
ENSDARG00000112660,2,0
ENSDARG00000112661,2,0
ENSDARG00000112663,1,1
ENSDARG00000112664,3,2
ENSDARG00000112666,0,2
ENSDARG00000112667,5,2
ENSDARG00000112669,1,0
ENSDARG00000112670,3,0
ENSDARG00000112671,1,1
ENSDARG00000112672,2,0
ENSDARG00000112673,2,1
ENSDARG00000112674,3,2
ENSDARG00000112675,4,0
ENSDARG00000112676,2,0
ENSDARG00000112677,0,0
ENSDARG00000112679,2,-1
ENSDARG00000112681,4,1
ENSDARG00000112682,2,1
ENSDARG00000112683,5,1
ENSDARG00000112685,0,1
ENSDARG00000112686,2,0
ENSDARG00000112687,4,0
ENSDARG00000112688,4,1
ENSDARG00000112689,3,2
ENSDARG00000112690,2,1
ENSDARG00000112691,3,1
ENSDARG00000112692,1,1
ENSDARG00000112695,0,0
ENSDARG00000112699,1,0
ENSDARG00000112701,5,1
ENSDARG00000112702,1,0
ENSDARG00000112704,5,0
ENSDARG00000112705,1,1
ENSDARG00000112706,1,1
ENSDARG00000112707,2,-1
ENSDARG00000112708,1,0
ENSDARG00000112709,4,0
ENSDARG00000112712,2,0
ENSDARG00000112713,4,0
ENSDARG00000112715,0,0
ENSDARG00000112716,5,0
ENSDARG00000112717,5,1
ENSDARG00000112718,2,-1
ENSDARG00000112719,4,1
ENSDARG00000112720,5,2
ENSDARG00000112721,2,0
ENSDARG00000112722,1,0
ENSDARG00000112724,4,1
ENSDARG00000112725,1,1
ENSDARG00000112726,0,1
ENSDARG00000112728,5,2
ENSDARG00000112730,2,0
ENSDARG00000112731,3,2
ENSDARG00000112733,5,1
ENSDARG00000112734,5,0
ENSDARG00000112739,4,0
ENSDARG00000112740,5,1
ENSDARG00000112741,2,0
ENSDARG00000112742,2,1
ENSDARG00000112743,1,1
ENSDARG00000112744,5,2
ENSDARG00000112745,2,1
ENSDARG00000112747,2,0
ENSDARG00000112749,3,2
ENSDARG00000112750,1,1
ENSDARG00000112751,5,2
ENSDARG00000112755,2,1
ENSDARG00000112757,5,2
ENSDARG00000112758,0,0
ENSDARG00000112759,0,1
ENSDARG00000112760,5,1
ENSDARG00000112761,1,1
ENSDARG00000112762,1,1
ENSDARG00000112763,3,0
ENSDARG00000112764,1,1
ENSDARG00000112765,0,0
ENSDARG00000112766,0,1
ENSDARG00000112767,3,0
ENSDARG00000112768,2,0
ENSDARG00000112769,3,0
ENSDARG00000112770,3,2
ENSDARG00000112771,4,2
ENSDARG00000112773,0,0
ENSDARG00000112775,2,0
ENSDARG00000112776,3,1
ENSDARG00000112777,1,1
ENSDARG00000112778,5,1
ENSDARG00000112779,4,0
ENSDARG00000112781,0,0
ENSDARG00000112783,1,0
ENSDARG00000112784,5,2
ENSDARG00000112785,0,2
ENSDARG00000112787,1,0
ENSDARG00000112790,1,1
ENSDARG00000112791,1,0
ENSDARG00000112792,2,1
ENSDARG00000112793,3,1
ENSDARG00000112794,2,-1
ENSDARG00000112795,4,1
ENSDARG00000112797,0,0
ENSDARG00000112798,0,2
ENSDARG00000112799,1,0
ENSDARG00000112800,2,0
ENSDARG00000112801,2,1
ENSDARG00000112802,1,0
ENSDARG00000112803,1,0
ENSDARG00000112804,5,1
ENSDARG00000112805,3,2
ENSDARG00000112807,2,1
ENSDARG00000112808,4,0
ENSDARG00000112809,4,-1
ENSDARG00000112811,1,0
ENSDARG00000112812,4,1
ENSDARG00000112815,4,0
ENSDARG00000112817,3,-1
ENSDARG00000112820,1,0
ENSDARG00000112821,2,1
ENSDARG00000112823,0,0
ENSDARG00000112825,1,0
ENSDARG00000112826,5,0
ENSDARG00000112827,3,2
ENSDARG00000112828,5,1
ENSDARG00000112830,2,-1
ENSDARG00000112831,5,0
ENSDARG00000112832,5,1
ENSDARG00000112834,0,1
ENSDARG00000112836,5,0
ENSDARG00000112839,4,-1
ENSDARG00000112840,5,0
ENSDARG00000112841,0,2
ENSDARG00000112842,5,0
ENSDARG00000112844,1,1
ENSDARG00000112847,5,0
ENSDARG00000112848,5,1
ENSDARG00000112849,1,1
ENSDARG00000112851,2,1
ENSDARG00000112852,5,1
ENSDARG00000112853,1,1
ENSDARG00000112854,0,0
ENSDARG00000112855,1,1
ENSDARG00000112858,3,2
ENSDARG00000112859,4,1
ENSDARG00000112862,2,1
ENSDARG00000112864,5,1
ENSDARG00000112865,2,1
ENSDARG00000112868,2,1
ENSDARG00000112869,2,1
ENSDARG00000112870,0,2
ENSDARG00000112871,5,1
ENSDARG00000112872,5,2
ENSDARG00000112873,3,2
ENSDARG00000112874,1,1
ENSDARG00000112876,5,1
ENSDARG00000112878,5,0
ENSDARG00000112879,1,1
ENSDARG00000112880,0,0
ENSDARG00000112882,5,1
ENSDARG00000112883,0,2
ENSDARG00000112885,1,1
ENSDARG00000112886,3,-1
ENSDARG00000112889,3,1
ENSDARG00000112890,2,0
ENSDARG00000112895,0,1
ENSDARG00000112897,3,-1
ENSDARG00000112899,4,-1
ENSDARG00000112900,3,2
ENSDARG00000112902,1,0
ENSDARG00000112903,2,-1
ENSDARG00000112904,4,1
ENSDARG00000112906,4,-1
ENSDARG00000112907,5,2
ENSDARG00000112908,2,0
ENSDARG00000112909,4,2
ENSDARG00000112910,0,0
ENSDARG00000112912,4,0
ENSDARG00000112915,2,0
ENSDARG00000112916,5,1
ENSDARG00000112919,4,0
ENSDARG00000112920,2,0
ENSDARG00000112921,1,1
ENSDARG00000112922,0,0
ENSDARG00000112923,0,1
ENSDARG00000112924,5,1
ENSDARG00000112925,0,2
ENSDARG00000112926,2,1
ENSDARG00000112928,5,0
ENSDARG00000112929,3,0
ENSDARG00000112930,3,2
ENSDARG00000112931,4,1
ENSDARG00000112933,0,0
ENSDARG00000112934,3,0
ENSDARG00000112935,0,2
ENSDARG00000112936,5,0
ENSDARG00000112937,3,2
ENSDARG00000112938,2,1
ENSDARG00000112939,1,1
ENSDARG00000112940,1,1
ENSDARG00000112941,3,2
ENSDARG00000112943,4,1
ENSDARG00000112944,2,1
ENSDARG00000112945,5,1
ENSDARG00000112946,4,1
ENSDARG00000112947,5,0
ENSDARG00000112949,1,1
ENSDARG00000112950,2,0
ENSDARG00000112952,1,1
ENSDARG00000112953,4,1
ENSDARG00000112954,5,0
ENSDARG00000112955,1,-1
ENSDARG00000112956,3,2
ENSDARG00000112957,3,-1
ENSDARG00000112959,4,1
ENSDARG00000112961,2,0
ENSDARG00000112962,5,0
ENSDARG00000112963,1,1
ENSDARG00000112964,3,2
ENSDARG00000112965,0,1
ENSDARG00000112966,5,1
ENSDARG00000112967,5,0
ENSDARG00000112968,2,-1
ENSDARG00000112969,5,2
ENSDARG00000112971,1,1
ENSDARG00000112972,2,0
ENSDARG00000112973,5,1
ENSDARG00000112976,1,0
ENSDARG00000112977,3,0
ENSDARG00000112978,5,1
ENSDARG00000112981,2,1
ENSDARG00000112982,0,0
ENSDARG00000112983,0,0
ENSDARG00000112984,0,0
ENSDARG00000112985,5,0
ENSDARG00000112987,1,1
ENSDARG00000112988,1,1
ENSDARG00000112992,1,1
ENSDARG00000112993,4,1
ENSDARG00000112994,2,1
ENSDARG00000112995,5,1
ENSDARG00000112998,2,0
ENSDARG00000112999,1,-1
ENSDARG00000113001,1,0
ENSDARG00000113002,0,2
ENSDARG00000113003,5,2
ENSDARG00000113004,2,0
ENSDARG00000113005,5,0
ENSDARG00000113009,5,0
ENSDARG00000113012,3,0
ENSDARG00000113013,1,0
ENSDARG00000113014,2,0
ENSDARG00000113016,5,0
ENSDARG00000113017,3,2
ENSDARG00000113019,5,1
ENSDARG00000113022,5,0
ENSDARG00000113023,2,0
ENSDARG00000113027,4,1
ENSDARG00000113028,5,1
ENSDARG00000113029,2,1
ENSDARG00000113031,2,1
ENSDARG00000113032,1,1
ENSDARG00000113033,4,0
ENSDARG00000113035,1,1
ENSDARG00000113036,4,1
ENSDARG00000113037,0,0
ENSDARG00000113040,3,-1
ENSDARG00000113041,1,1
ENSDARG00000113042,0,0
ENSDARG00000113044,3,1
ENSDARG00000113045,2,1
ENSDARG00000113047,0,0
ENSDARG00000113048,0,0
ENSDARG00000113049,4,0
ENSDARG00000113054,0,2
ENSDARG00000113055,1,1
ENSDARG00000113056,3,2
ENSDARG00000113057,0,0
ENSDARG00000113060,1,-1
ENSDARG00000113061,3,1
ENSDARG00000113062,4,0
ENSDARG00000113063,0,2
ENSDARG00000113064,2,1
ENSDARG00000113065,4,2
ENSDARG00000113066,1,1
ENSDARG00000113067,1,0
ENSDARG00000113068,1,0
ENSDARG00000113069,5,1
ENSDARG00000113071,1,0
ENSDARG00000113074,2,-1
ENSDARG00000113077,4,0
ENSDARG00000113078,1,1
ENSDARG00000113079,2,-1
ENSDARG00000113080,2,-1
ENSDARG00000113082,1,1
ENSDARG00000113084,5,0
ENSDARG00000113086,3,2
ENSDARG00000113087,4,1
ENSDARG00000113088,4,1
ENSDARG00000113090,2,1
ENSDARG00000113091,1,0
ENSDARG00000113092,3,0
ENSDARG00000113094,5,2
ENSDARG00000113096,3,-1
ENSDARG00000113097,0,1
ENSDARG00000113098,2,1
ENSDARG00000113100,5,2
ENSDARG00000113102,1,0
ENSDARG00000113103,4,0
ENSDARG00000113104,1,0
ENSDARG00000113107,0,1
ENSDARG00000113109,0,1
ENSDARG00000113110,0,0
ENSDARG00000113112,2,0
ENSDARG00000113114,0,0
ENSDARG00000113116,2,1
ENSDARG00000113118,5,2
ENSDARG00000113120,0,2
ENSDARG00000113121,0,1
ENSDARG00000113122,4,1
ENSDARG00000113123,3,1
ENSDARG00000113124,4,1
ENSDARG00000113125,3,2
ENSDARG00000113126,5,1
ENSDARG00000113127,4,1
ENSDARG00000113128,1,1
ENSDARG00000113129,1,1
ENSDARG00000113130,5,1
ENSDARG00000113131,5,2
ENSDARG00000113132,4,1
ENSDARG00000113133,2,1
ENSDARG00000113135,0,0
ENSDARG00000113136,0,2
ENSDARG00000113137,2,1
ENSDARG00000113138,1,0
ENSDARG00000113140,5,0
ENSDARG00000113141,5,0
ENSDARG00000113142,1,1
ENSDARG00000113143,4,1
ENSDARG00000113145,3,2
ENSDARG00000113146,0,0
ENSDARG00000113147,5,1
ENSDARG00000113149,5,1
ENSDARG00000113150,2,1
ENSDARG00000113151,2,-1
ENSDARG00000113154,1,0
ENSDARG00000113156,2,1
ENSDARG00000113160,4,0
ENSDARG00000113163,2,1
ENSDARG00000113164,3,0
ENSDARG00000113165,0,2
ENSDARG00000113167,0,0
ENSDARG00000113168,0,1
ENSDARG00000113170,1,0
ENSDARG00000113171,5,0
ENSDARG00000113172,5,0
ENSDARG00000113174,3,2
ENSDARG00000113175,2,0
ENSDARG00000113176,2,1
ENSDARG00000113178,2,1
ENSDARG00000113179,5,2
ENSDARG00000113180,0,2
ENSDARG00000113182,0,2
ENSDARG00000113183,2,1
ENSDARG00000113185,4,0
ENSDARG00000113186,0,0
ENSDARG00000113187,2,-1
ENSDARG00000113190,4,1
ENSDARG00000113191,5,2
ENSDARG00000113192,5,0
ENSDARG00000113193,5,0
ENSDARG00000113194,5,1
ENSDARG00000113196,2,1
ENSDARG00000113197,0,1
ENSDARG00000113198,4,1
ENSDARG00000113199,5,0
ENSDARG00000113200,3,2
ENSDARG00000113201,2,1
ENSDARG00000113203,1,-1
ENSDARG00000113205,5,2
ENSDARG00000113206,1,1
ENSDARG00000113207,3,2
ENSDARG00000113208,4,0
ENSDARG00000113209,5,1
ENSDARG00000113212,4,1
ENSDARG00000113213,0,2
ENSDARG00000113216,5,1
ENSDARG00000113217,2,1
ENSDARG00000113218,2,1
ENSDARG00000113219,2,1
ENSDARG00000113222,2,1
ENSDARG00000113223,1,0
ENSDARG00000113227,2,1
ENSDARG00000113229,0,2
ENSDARG00000113231,1,0
ENSDARG00000113233,4,0
ENSDARG00000113234,3,-1
ENSDARG00000113235,0,1
ENSDARG00000113237,2,-1
ENSDARG00000113241,5,1
ENSDARG00000113242,3,2
ENSDARG00000113243,4,1
ENSDARG00000113244,5,0
ENSDARG00000113246,5,2
ENSDARG00000113248,4,1
ENSDARG00000113249,1,0
ENSDARG00000113250,3,2
ENSDARG00000113252,1,1
ENSDARG00000113253,0,2
ENSDARG00000113254,2,1
ENSDARG00000113255,0,0
ENSDARG00000113259,3,0
ENSDARG00000113261,2,1
ENSDARG00000113262,2,1
ENSDARG00000113263,0,2
ENSDARG00000113264,1,0
ENSDARG00000113265,0,1
ENSDARG00000113266,2,0
ENSDARG00000113267,1,-1
ENSDARG00000113268,0,2
ENSDARG00000113269,2,1
ENSDARG00000113270,1,1
ENSDARG00000113271,3,-1
ENSDARG00000113272,5,1
ENSDARG00000113273,4,1
ENSDARG00000113275,5,1
ENSDARG00000113276,1,0
ENSDARG00000113277,5,2
ENSDARG00000113278,3,2
ENSDARG00000113280,1,1
ENSDARG00000113281,5,2
ENSDARG00000113282,2,1
ENSDARG00000113284,5,1
ENSDARG00000113285,5,0
ENSDARG00000113287,5,2
ENSDARG00000113288,1,0
ENSDARG00000113290,1,0
ENSDARG00000113291,0,0
ENSDARG00000113292,1,0
ENSDARG00000113293,4,1
ENSDARG00000113294,1,1
ENSDARG00000113295,4,1
ENSDARG00000113296,5,2
ENSDARG00000113299,1,0
ENSDARG00000113300,2,1
ENSDARG00000113301,3,2
ENSDARG00000113302,2,1
ENSDARG00000113304,0,2
ENSDARG00000113305,2,1
ENSDARG00000113306,2,-1
ENSDARG00000113308,2,0
ENSDARG00000113311,5,0
ENSDARG00000113312,4,1
ENSDARG00000113314,1,0
ENSDARG00000113315,2,1
ENSDARG00000113316,0,2
ENSDARG00000113317,0,1
ENSDARG00000113318,1,1
ENSDARG00000113319,5,2
ENSDARG00000113321,1,0
ENSDARG00000113323,1,0
ENSDARG00000113324,5,0
ENSDARG00000113325,3,2
ENSDARG00000113326,3,1
ENSDARG00000113327,1,0
ENSDARG00000113328,0,0
ENSDARG00000113329,3,2
ENSDARG00000113330,5,1
ENSDARG00000113331,5,1
ENSDARG00000113332,0,1
ENSDARG00000113334,2,1
ENSDARG00000113335,5,1
ENSDARG00000113336,5,1
ENSDARG00000113338,4,1
ENSDARG00000113340,1,1
ENSDARG00000113341,5,2
ENSDARG00000113342,2,1
ENSDARG00000113344,1,1
ENSDARG00000113345,2,1
ENSDARG00000113346,0,0
ENSDARG00000113347,1,0
ENSDARG00000113348,4,1
ENSDARG00000113350,2,1
ENSDARG00000113352,2,1
ENSDARG00000113353,2,-1
ENSDARG00000113354,2,1
ENSDARG00000113355,2,0
ENSDARG00000113356,3,0
ENSDARG00000113357,1,0
ENSDARG00000113359,5,1
ENSDARG00000113360,1,1
ENSDARG00000113361,1,0
ENSDARG00000113363,5,0
ENSDARG00000113364,4,1
ENSDARG00000113365,3,1
ENSDARG00000113366,2,0
ENSDARG00000113368,2,0
ENSDARG00000113371,2,0
ENSDARG00000113373,1,1
ENSDARG00000113374,2,0
ENSDARG00000113376,0,0
ENSDARG00000113377,1,1
ENSDARG00000113378,4,2
ENSDARG00000113379,2,-1
ENSDARG00000113380,2,1
ENSDARG00000113382,0,0
ENSDARG00000113383,2,1
ENSDARG00000113384,5,0
ENSDARG00000113387,0,0
ENSDARG00000113388,3,2
ENSDARG00000113389,2,1
ENSDARG00000113390,1,0
ENSDARG00000113391,3,2
ENSDARG00000113392,5,0
ENSDARG00000113393,4,1
ENSDARG00000113394,0,2
ENSDARG00000113395,4,2
ENSDARG00000113396,1,-1
ENSDARG00000113397,2,0
ENSDARG00000113399,5,0
ENSDARG00000113400,2,1
ENSDARG00000113403,2,1
ENSDARG00000113404,0,2
ENSDARG00000113405,2,1
ENSDARG00000113406,0,2
ENSDARG00000113407,3,1
ENSDARG00000113408,2,1
ENSDARG00000113409,3,0
ENSDARG00000113411,0,2
ENSDARG00000113412,5,1
ENSDARG00000113413,0,2
ENSDARG00000113414,5,1
ENSDARG00000113415,5,0
ENSDARG00000113416,3,2
ENSDARG00000113417,2,1
ENSDARG00000113418,1,1
ENSDARG00000113420,2,1
ENSDARG00000113422,3,2
ENSDARG00000113423,5,2
ENSDARG00000113424,2,1
ENSDARG00000113425,5,1
ENSDARG00000113427,4,1
ENSDARG00000113430,0,2
ENSDARG00000113431,2,1
ENSDARG00000113433,4,1
ENSDARG00000113436,3,0
ENSDARG00000113437,1,-1
ENSDARG00000113438,2,0
ENSDARG00000113441,3,2
ENSDARG00000113442,4,0
ENSDARG00000113444,3,2
ENSDARG00000113446,2,1
ENSDARG00000113448,0,1
ENSDARG00000113449,2,0
ENSDARG00000113451,2,1
ENSDARG00000113453,1,1
ENSDARG00000113454,0,0
ENSDARG00000113457,4,2
ENSDARG00000113458,2,0
ENSDARG00000113459,2,0
ENSDARG00000113460,2,1
ENSDARG00000113461,4,1
ENSDARG00000113462,0,0
ENSDARG00000113463,1,-1
ENSDARG00000113464,1,1
ENSDARG00000113465,0,1
ENSDARG00000113466,4,1
ENSDARG00000113467,5,2
ENSDARG00000113468,4,0
ENSDARG00000113469,3,2
ENSDARG00000113470,2,1
ENSDARG00000113471,0,0
ENSDARG00000113473,1,0
ENSDARG00000113474,2,1
ENSDARG00000113476,2,1
ENSDARG00000113477,3,2
ENSDARG00000113478,0,0
ENSDARG00000113480,1,0
ENSDARG00000113481,5,0
ENSDARG00000113482,0,1
ENSDARG00000113485,1,1
ENSDARG00000113486,0,1
ENSDARG00000113487,0,0
ENSDARG00000113488,0,2
ENSDARG00000113490,1,0
ENSDARG00000113492,0,1
ENSDARG00000113493,2,0
ENSDARG00000113494,1,0
ENSDARG00000113495,0,1
ENSDARG00000113497,0,0
ENSDARG00000113498,2,-1
ENSDARG00000113499,2,0
ENSDARG00000113501,0,1
ENSDARG00000113502,2,1
ENSDARG00000113503,2,1
ENSDARG00000113504,1,0
ENSDARG00000113505,3,2
ENSDARG00000113506,1,0
ENSDARG00000113507,1,0
ENSDARG00000113508,4,0
ENSDARG00000113510,2,1
ENSDARG00000113511,4,1
ENSDARG00000113512,2,0
ENSDARG00000113513,4,1
ENSDARG00000113515,2,-1
ENSDARG00000113516,5,2
ENSDARG00000113518,3,2
ENSDARG00000113519,4,1
ENSDARG00000113521,2,1
ENSDARG00000113525,2,0
ENSDARG00000113526,1,0
ENSDARG00000113529,5,0
ENSDARG00000113530,4,1
ENSDARG00000113531,1,0
ENSDARG00000113532,5,1
ENSDARG00000113533,4,1
ENSDARG00000113536,3,-1
ENSDARG00000113537,1,1
ENSDARG00000113538,3,0
ENSDARG00000113539,5,1
ENSDARG00000113540,1,0
ENSDARG00000113542,2,-1
ENSDARG00000113544,4,1
ENSDARG00000113546,5,1
ENSDARG00000113547,0,2
ENSDARG00000113548,2,1
ENSDARG00000113549,1,0
ENSDARG00000113551,4,2
ENSDARG00000113552,2,1
ENSDARG00000113553,0,1
ENSDARG00000113554,4,1
ENSDARG00000113556,3,0
ENSDARG00000113558,2,-1
ENSDARG00000113559,3,0
ENSDARG00000113560,4,2
ENSDARG00000113561,0,2
ENSDARG00000113562,1,1
ENSDARG00000113565,0,1
ENSDARG00000113566,2,1
ENSDARG00000113568,2,0
ENSDARG00000113571,4,1
ENSDARG00000113572,3,2
ENSDARG00000113573,2,1
ENSDARG00000113574,3,2
ENSDARG00000113578,2,1
ENSDARG00000113579,5,2
ENSDARG00000113580,1,-1
ENSDARG00000113581,5,1
ENSDARG00000113582,5,0
ENSDARG00000113584,2,0
ENSDARG00000113586,5,1
ENSDARG00000113588,1,0
ENSDARG00000113589,4,0
ENSDARG00000113590,5,0
ENSDARG00000113591,3,0
ENSDARG00000113592,1,0
ENSDARG00000113594,1,0
ENSDARG00000113595,2,1
ENSDARG00000113596,0,2
ENSDARG00000113597,1,0
ENSDARG00000113598,2,1
ENSDARG00000113599,4,1
ENSDARG00000113600,2,1
ENSDARG00000113601,2,0
ENSDARG00000113602,2,1
ENSDARG00000113605,5,0
ENSDARG00000113607,3,2
ENSDARG00000113609,5,2
ENSDARG00000113610,3,2
ENSDARG00000113611,5,1
ENSDARG00000113612,5,1
ENSDARG00000113613,5,2
ENSDARG00000113614,2,0
ENSDARG00000113615,0,1
ENSDARG00000113616,2,0
ENSDARG00000113619,1,-1
ENSDARG00000113621,4,1
ENSDARG00000113623,5,1
ENSDARG00000113624,2,1
ENSDARG00000113625,4,2
ENSDARG00000113626,1,1
ENSDARG00000113627,4,0
ENSDARG00000113628,1,1
ENSDARG00000113629,0,2
ENSDARG00000113630,1,0
ENSDARG00000113631,3,2
ENSDARG00000113632,3,2
ENSDARG00000113633,1,1
ENSDARG00000113634,3,0
ENSDARG00000113636,0,1
ENSDARG00000113639,5,1
ENSDARG00000113640,4,1
ENSDARG00000113641,3,2
ENSDARG00000113642,4,0
ENSDARG00000113643,5,2
ENSDARG00000113644,4,2
ENSDARG00000113645,4,1
ENSDARG00000113648,1,0
ENSDARG00000113649,4,1
ENSDARG00000113650,0,1
ENSDARG00000113653,1,1
ENSDARG00000113657,3,2
ENSDARG00000113659,1,1
ENSDARG00000113660,3,2
ENSDARG00000113661,2,1
ENSDARG00000113662,0,0
ENSDARG00000113663,2,-1
ENSDARG00000113665,5,1
ENSDARG00000113666,5,2
ENSDARG00000113667,0,0
ENSDARG00000113668,2,1
ENSDARG00000113673,3,2
ENSDARG00000113674,1,1
ENSDARG00000113675,1,1
ENSDARG00000113678,4,1
ENSDARG00000113679,0,0
ENSDARG00000113680,2,1
ENSDARG00000113681,3,2
ENSDARG00000113682,5,1
ENSDARG00000113684,3,0
ENSDARG00000113687,3,0
ENSDARG00000113688,0,0
ENSDARG00000113689,2,1
ENSDARG00000113690,4,0
ENSDARG00000113691,0,0
ENSDARG00000113692,2,1
ENSDARG00000113693,4,0
ENSDARG00000113695,5,1
ENSDARG00000113696,5,1
ENSDARG00000113697,4,1
ENSDARG00000113698,5,2
ENSDARG00000113699,3,2
ENSDARG00000113700,4,1
ENSDARG00000113701,1,-1
ENSDARG00000113702,3,2
ENSDARG00000113704,5,1
ENSDARG00000113707,5,0
ENSDARG00000113709,1,0
ENSDARG00000113710,1,1
ENSDARG00000113712,1,1
ENSDARG00000113713,5,0
ENSDARG00000113714,1,1
ENSDARG00000113715,1,1
ENSDARG00000113716,2,0
ENSDARG00000113718,5,2
ENSDARG00000113719,3,2
ENSDARG00000113721,0,0
ENSDARG00000113722,1,1
ENSDARG00000113724,3,2
ENSDARG00000113725,1,1
ENSDARG00000113727,2,1
ENSDARG00000113728,2,0
ENSDARG00000113729,5,1
ENSDARG00000113730,1,1
ENSDARG00000113731,1,1
ENSDARG00000113732,2,1
ENSDARG00000113733,5,1
ENSDARG00000113734,1,-1
ENSDARG00000113735,3,2
ENSDARG00000113736,4,1
ENSDARG00000113737,2,0
ENSDARG00000113738,5,1
ENSDARG00000113739,0,1
ENSDARG00000113740,0,1
ENSDARG00000113741,1,1
ENSDARG00000113742,5,2
ENSDARG00000113743,5,1
ENSDARG00000113744,5,0
ENSDARG00000113745,1,0
ENSDARG00000113749,0,0
ENSDARG00000113750,0,2
ENSDARG00000113751,2,-1
ENSDARG00000113752,1,0
ENSDARG00000113753,1,1
ENSDARG00000113754,0,0
ENSDARG00000113755,2,1
ENSDARG00000113756,1,-1
ENSDARG00000113757,3,0
ENSDARG00000113758,4,0
ENSDARG00000113760,5,1
ENSDARG00000113761,4,2
ENSDARG00000113762,2,1
ENSDARG00000113764,1,1
ENSDARG00000113765,2,0
ENSDARG00000113767,1,0
ENSDARG00000113768,0,2
ENSDARG00000113769,5,0
ENSDARG00000113770,1,1
ENSDARG00000113771,2,0
ENSDARG00000113773,5,1
ENSDARG00000113775,2,1
ENSDARG00000113778,5,1
ENSDARG00000113779,2,-1
ENSDARG00000113780,5,0
ENSDARG00000113782,3,2
ENSDARG00000113783,3,2
ENSDARG00000113784,2,1
ENSDARG00000113785,1,0
ENSDARG00000113786,2,-1
ENSDARG00000113787,2,-1
ENSDARG00000113788,1,0
ENSDARG00000113789,1,1
ENSDARG00000113790,5,1
ENSDARG00000113792,1,0
ENSDARG00000113793,2,1
ENSDARG00000113794,4,0
ENSDARG00000113796,2,-1
ENSDARG00000113797,2,0
ENSDARG00000113798,5,1
ENSDARG00000113799,0,0
ENSDARG00000113800,5,0
ENSDARG00000113801,0,1
ENSDARG00000113802,1,0
ENSDARG00000113803,1,0
ENSDARG00000113804,2,1
ENSDARG00000113805,1,1
ENSDARG00000113807,0,2
ENSDARG00000113808,1,1
ENSDARG00000113811,5,1
ENSDARG00000113812,2,1
ENSDARG00000113815,0,1
ENSDARG00000113816,1,0
ENSDARG00000113817,1,0
ENSDARG00000113819,1,1
ENSDARG00000113820,2,0
ENSDARG00000113825,1,1
ENSDARG00000113827,5,2
ENSDARG00000113828,2,0
ENSDARG00000113831,3,2
ENSDARG00000113833,3,0
ENSDARG00000113834,2,1
ENSDARG00000113835,1,1
ENSDARG00000113836,5,1
ENSDARG00000113837,5,0
ENSDARG00000113840,5,1
ENSDARG00000113841,5,0
ENSDARG00000113843,1,0
ENSDARG00000113845,5,0
ENSDARG00000113847,5,0
ENSDARG00000113848,3,0
ENSDARG00000113849,0,0
ENSDARG00000113850,2,1
ENSDARG00000113851,3,2
ENSDARG00000113853,0,0
ENSDARG00000113854,1,1
ENSDARG00000113855,1,1
ENSDARG00000113856,5,1
ENSDARG00000113857,1,-1
ENSDARG00000113858,3,2
ENSDARG00000113859,2,0
ENSDARG00000113860,1,-1
ENSDARG00000113861,1,-1
ENSDARG00000113862,2,1
ENSDARG00000113866,1,0
ENSDARG00000113868,5,1
ENSDARG00000113869,2,-1
ENSDARG00000113870,5,1
ENSDARG00000113873,1,0
ENSDARG00000113874,1,1
ENSDARG00000113875,5,1
ENSDARG00000113877,4,1
ENSDARG00000113878,1,1
ENSDARG00000113879,5,1
ENSDARG00000113880,1,-1
ENSDARG00000113881,4,2
ENSDARG00000113883,1,1
ENSDARG00000113884,1,0
ENSDARG00000113885,1,1
ENSDARG00000113886,0,0
ENSDARG00000113887,1,1
ENSDARG00000113888,4,0
ENSDARG00000113889,1,1
ENSDARG00000113890,1,1
ENSDARG00000113891,5,0
ENSDARG00000113892,0,2
ENSDARG00000113893,5,1
ENSDARG00000113894,2,0
ENSDARG00000113895,5,0
ENSDARG00000113896,4,1
ENSDARG00000113898,0,2
ENSDARG00000113899,0,0
ENSDARG00000113902,1,1
ENSDARG00000113905,1,1
ENSDARG00000113906,5,2
ENSDARG00000113907,5,2
ENSDARG00000113908,5,0
ENSDARG00000113909,3,2
ENSDARG00000113910,0,2
ENSDARG00000113911,0,0
ENSDARG00000113912,4,1
ENSDARG00000113913,3,2
ENSDARG00000113914,5,0
ENSDARG00000113918,3,0
ENSDARG00000113920,1,1
ENSDARG00000113922,1,1
ENSDARG00000113924,4,1
ENSDARG00000113925,5,1
ENSDARG00000113926,1,0
ENSDARG00000113927,1,1
ENSDARG00000113928,3,0
ENSDARG00000113930,1,1
ENSDARG00000113931,1,1
ENSDARG00000113932,1,1
ENSDARG00000113933,0,2
ENSDARG00000113934,0,0
ENSDARG00000113935,0,1
ENSDARG00000113936,0,2
ENSDARG00000113939,0,0
ENSDARG00000113941,2,1
ENSDARG00000113942,0,0
ENSDARG00000113943,3,0
ENSDARG00000113944,5,1
ENSDARG00000113945,1,1
ENSDARG00000113946,4,0
ENSDARG00000113948,2,1
ENSDARG00000113949,2,1
ENSDARG00000113950,5,1
ENSDARG00000113952,3,2
ENSDARG00000113954,2,0
ENSDARG00000113955,4,1
ENSDARG00000113956,1,1
ENSDARG00000113959,2,0
ENSDARG00000113960,2,0
ENSDARG00000113961,1,1
ENSDARG00000113962,0,0
ENSDARG00000113963,3,2
ENSDARG00000113965,5,1
ENSDARG00000113966,4,0
ENSDARG00000113967,5,1
ENSDARG00000113968,3,-1
ENSDARG00000113969,5,1
ENSDARG00000113970,2,1
ENSDARG00000113971,5,2
ENSDARG00000113972,5,0
ENSDARG00000113975,1,1
ENSDARG00000113976,1,1
ENSDARG00000113977,5,0
ENSDARG00000113979,5,2
ENSDARG00000113983,1,0
ENSDARG00000113984,1,0
ENSDARG00000113987,3,2
ENSDARG00000113988,0,0
ENSDARG00000113989,0,0
ENSDARG00000113990,2,0
ENSDARG00000113991,1,1
ENSDARG00000113992,3,2
ENSDARG00000113993,5,1
ENSDARG00000113995,2,1
ENSDARG00000113998,3,2
ENSDARG00000113999,5,2
ENSDARG00000114001,2,0
ENSDARG00000114002,2,0
ENSDARG00000114004,1,0
ENSDARG00000114005,1,1
ENSDARG00000114006,5,1
ENSDARG00000114009,5,1
ENSDARG00000114010,1,1
ENSDARG00000114012,1,1
ENSDARG00000114013,1,0
ENSDARG00000114015,1,0
ENSDARG00000114016,5,1
ENSDARG00000114017,3,2
ENSDARG00000114018,3,0
ENSDARG00000114019,5,2
ENSDARG00000114021,0,2
ENSDARG00000114024,1,1
ENSDARG00000114025,2,0
ENSDARG00000114026,2,0
ENSDARG00000114027,1,1
ENSDARG00000114032,2,0
ENSDARG00000114035,5,1
ENSDARG00000114037,2,0
ENSDARG00000114038,1,0
ENSDARG00000114039,0,1
ENSDARG00000114040,1,1
ENSDARG00000114043,2,0
ENSDARG00000114044,4,1
ENSDARG00000114046,5,1
ENSDARG00000114047,5,1
ENSDARG00000114049,3,0
ENSDARG00000114051,2,0
ENSDARG00000114054,1,-1
ENSDARG00000114055,1,-1
ENSDARG00000114057,2,0
ENSDARG00000114059,4,0
ENSDARG00000114060,5,1
ENSDARG00000114061,2,1
ENSDARG00000114062,5,1
ENSDARG00000114063,3,2
ENSDARG00000114064,0,2
ENSDARG00000114065,1,1
ENSDARG00000114067,0,0
ENSDARG00000114068,1,0
ENSDARG00000114069,4,0
ENSDARG00000114070,1,0
ENSDARG00000114071,0,2
ENSDARG00000114072,2,1
ENSDARG00000114073,1,0
ENSDARG00000114074,3,2
ENSDARG00000114075,3,2
ENSDARG00000114076,5,1
ENSDARG00000114080,5,2
ENSDARG00000114084,1,0
ENSDARG00000114085,1,1
ENSDARG00000114086,4,0
ENSDARG00000114087,3,1
ENSDARG00000114088,0,2
ENSDARG00000114089,1,1
ENSDARG00000114091,5,1
ENSDARG00000114092,3,2
ENSDARG00000114093,0,2
ENSDARG00000114094,2,1
ENSDARG00000114095,5,1
ENSDARG00000114097,5,1
ENSDARG00000114098,3,2
ENSDARG00000114099,0,1
ENSDARG00000114103,0,0
ENSDARG00000114105,1,1
ENSDARG00000114106,5,1
ENSDARG00000114109,1,1
ENSDARG00000114115,2,0
ENSDARG00000114116,5,1
ENSDARG00000114118,5,0
ENSDARG00000114121,0,1
ENSDARG00000114122,4,0
ENSDARG00000114123,2,1
ENSDARG00000114124,5,0
ENSDARG00000114125,1,1
ENSDARG00000114126,2,0
ENSDARG00000114127,0,2
ENSDARG00000114128,4,0
ENSDARG00000114129,2,0
ENSDARG00000114130,3,0
ENSDARG00000114131,1,0
ENSDARG00000114132,5,1
ENSDARG00000114133,5,0
ENSDARG00000114134,0,0
ENSDARG00000114135,1,-1
ENSDARG00000114136,3,-1
ENSDARG00000114137,0,2
ENSDARG00000114138,2,1
ENSDARG00000114139,3,-1
ENSDARG00000114140,3,2
ENSDARG00000114141,2,1
ENSDARG00000114143,0,1
ENSDARG00000114144,2,1
ENSDARG00000114145,4,0
ENSDARG00000114146,2,0
ENSDARG00000114147,0,1
ENSDARG00000114148,5,1
ENSDARG00000114149,1,0
ENSDARG00000114150,0,0
ENSDARG00000114151,0,2
ENSDARG00000114154,5,1
ENSDARG00000114155,5,1
ENSDARG00000114156,1,-1
ENSDARG00000114157,1,-1
ENSDARG00000114158,5,2
ENSDARG00000114159,3,1
ENSDARG00000114160,4,0
ENSDARG00000114161,1,0
ENSDARG00000114162,5,2
ENSDARG00000114165,3,2
ENSDARG00000114168,2,1
ENSDARG00000114169,5,0
ENSDARG00000114170,0,1
ENSDARG00000114171,2,-1
ENSDARG00000114172,5,0
ENSDARG00000114174,1,0
ENSDARG00000114175,0,0
ENSDARG00000114176,4,1
ENSDARG00000114177,2,0
ENSDARG00000114180,5,0
ENSDARG00000114182,3,2
ENSDARG00000114183,1,0
ENSDARG00000114184,1,1
ENSDARG00000114185,0,0
ENSDARG00000114187,1,0
ENSDARG00000114189,4,0
ENSDARG00000114190,0,1
ENSDARG00000114191,1,0
ENSDARG00000114192,5,1
ENSDARG00000114193,5,1
ENSDARG00000114195,5,0
ENSDARG00000114196,3,0
ENSDARG00000114199,2,1
ENSDARG00000114202,4,1
ENSDARG00000114203,4,1
ENSDARG00000114204,4,0
ENSDARG00000114205,2,0
ENSDARG00000114206,3,0
ENSDARG00000114207,3,0
ENSDARG00000114208,0,0
ENSDARG00000114210,4,1
ENSDARG00000114211,5,2
ENSDARG00000114212,2,0
ENSDARG00000114214,0,1
ENSDARG00000114216,2,0
ENSDARG00000114217,0,1
ENSDARG00000114218,0,2
ENSDARG00000114219,4,2
ENSDARG00000114224,4,0
ENSDARG00000114225,0,0
ENSDARG00000114226,3,2
ENSDARG00000114229,1,0
ENSDARG00000114230,4,1
ENSDARG00000114231,1,1
ENSDARG00000114232,1,0
ENSDARG00000114234,2,1
ENSDARG00000114236,5,0
ENSDARG00000114237,3,2
ENSDARG00000114238,1,0
ENSDARG00000114239,5,2
ENSDARG00000114240,3,0
ENSDARG00000114241,5,0
ENSDARG00000114242,0,0
ENSDARG00000114243,1,-1
ENSDARG00000114244,5,1
ENSDARG00000114246,5,1
ENSDARG00000114247,5,1
ENSDARG00000114248,0,0
ENSDARG00000114251,0,0
ENSDARG00000114252,0,2
ENSDARG00000114253,1,0
ENSDARG00000114254,4,1
ENSDARG00000114256,2,1
ENSDARG00000114257,2,1
ENSDARG00000114258,3,2
ENSDARG00000114259,2,-1
ENSDARG00000114263,5,0
ENSDARG00000114265,1,1
ENSDARG00000114266,2,1
ENSDARG00000114267,0,1
ENSDARG00000114268,0,0
ENSDARG00000114270,3,-1
ENSDARG00000114271,2,0
ENSDARG00000114272,5,2
ENSDARG00000114273,2,1
ENSDARG00000114274,5,0
ENSDARG00000114276,5,2
ENSDARG00000114277,5,1
ENSDARG00000114278,5,0
ENSDARG00000114279,1,0
ENSDARG00000114282,0,0
ENSDARG00000114283,4,1
ENSDARG00000114284,4,1
ENSDARG00000114285,2,0
ENSDARG00000114286,1,0
ENSDARG00000114287,0,2
ENSDARG00000114288,0,0
ENSDARG00000114289,5,0
ENSDARG00000114291,4,1
ENSDARG00000114292,2,-1
ENSDARG00000114293,5,0
ENSDARG00000114294,2,1
ENSDARG00000114295,0,1
ENSDARG00000114297,5,1
ENSDARG00000114298,3,2
ENSDARG00000114299,2,1
ENSDARG00000114300,0,0
ENSDARG00000114302,4,1
ENSDARG00000114304,0,0
ENSDARG00000114305,0,0
ENSDARG00000114306,3,2
ENSDARG00000114307,1,1
ENSDARG00000114309,3,2
ENSDARG00000114313,5,0
ENSDARG00000114314,1,0
ENSDARG00000114315,0,2
ENSDARG00000114316,2,1
ENSDARG00000114317,3,2
ENSDARG00000114319,4,0
ENSDARG00000114321,0,0
ENSDARG00000114323,5,1
ENSDARG00000114324,2,1
ENSDARG00000114325,2,0
ENSDARG00000114326,2,1
ENSDARG00000114327,2,1
ENSDARG00000114328,0,2
ENSDARG00000114330,0,1
ENSDARG00000114332,5,0
ENSDARG00000114333,1,1
ENSDARG00000114334,5,0
ENSDARG00000114335,3,2
ENSDARG00000114336,3,0
ENSDARG00000114338,2,1
ENSDARG00000114339,4,1
ENSDARG00000114340,0,0
ENSDARG00000114341,0,2
ENSDARG00000114342,3,0
ENSDARG00000114346,0,2
ENSDARG00000114348,5,1
ENSDARG00000114350,5,0
ENSDARG00000114351,1,1
ENSDARG00000114352,5,1
ENSDARG00000114353,4,1
ENSDARG00000114356,5,0
ENSDARG00000114357,0,1
ENSDARG00000114358,2,1
ENSDARG00000114361,5,1
ENSDARG00000114362,1,0
ENSDARG00000114363,2,1
ENSDARG00000114364,5,0
ENSDARG00000114365,4,0
ENSDARG00000114366,3,0
ENSDARG00000114367,1,0
ENSDARG00000114369,3,2
ENSDARG00000114370,5,0
ENSDARG00000114372,5,1
ENSDARG00000114374,5,1
ENSDARG00000114375,1,1
ENSDARG00000114378,0,2
ENSDARG00000114379,4,1
ENSDARG00000114381,1,-1
ENSDARG00000114382,5,1
ENSDARG00000114384,1,1
ENSDARG00000114385,5,2
ENSDARG00000114386,4,0
ENSDARG00000114387,2,1
ENSDARG00000114388,2,1
ENSDARG00000114389,2,0
ENSDARG00000114390,3,2
ENSDARG00000114392,5,0
ENSDARG00000114393,2,-1
ENSDARG00000114394,2,1
ENSDARG00000114396,5,0
ENSDARG00000114397,0,1
ENSDARG00000114398,3,2
ENSDARG00000114400,3,-1
ENSDARG00000114401,5,2
ENSDARG00000114402,4,0
ENSDARG00000114404,3,0
ENSDARG00000114405,5,2
ENSDARG00000114407,2,1
ENSDARG00000114409,5,1
ENSDARG00000114410,0,2
ENSDARG00000114411,2,1
ENSDARG00000114412,5,1
ENSDARG00000114413,0,1
ENSDARG00000114415,0,2
ENSDARG00000114416,4,0
ENSDARG00000114417,5,1
ENSDARG00000114419,1,0
ENSDARG00000114424,5,1
ENSDARG00000114425,5,1
ENSDARG00000114426,3,2
ENSDARG00000114427,5,2
ENSDARG00000114428,5,1
ENSDARG00000114431,5,0
ENSDARG00000114433,2,1
ENSDARG00000114435,4,2
ENSDARG00000114437,1,1
ENSDARG00000114439,1,0
ENSDARG00000114442,2,1
ENSDARG00000114444,0,1
ENSDARG00000114446,0,2
ENSDARG00000114447,4,0
ENSDARG00000114448,3,2
ENSDARG00000114449,4,1
ENSDARG00000114451,4,1
ENSDARG00000114452,5,1
ENSDARG00000114453,1,1
ENSDARG00000114454,2,1
ENSDARG00000114455,1,1
ENSDARG00000114456,1,1
ENSDARG00000114457,5,1
ENSDARG00000114458,2,0
ENSDARG00000114459,0,0
ENSDARG00000114461,2,1
ENSDARG00000114463,2,-1
ENSDARG00000114464,2,-1
ENSDARG00000114465,0,0
ENSDARG00000114467,1,0
ENSDARG00000114468,1,0
ENSDARG00000114470,3,2
ENSDARG00000114472,2,0
ENSDARG00000114473,3,0
ENSDARG00000114474,0,0
ENSDARG00000114475,5,0
ENSDARG00000114478,1,0
ENSDARG00000114480,3,2
ENSDARG00000114481,3,0
ENSDARG00000114482,5,1
ENSDARG00000114483,5,2
ENSDARG00000114486,1,1
ENSDARG00000114487,0,0
ENSDARG00000114488,3,1
ENSDARG00000114489,1,1
ENSDARG00000114490,4,2
ENSDARG00000114492,0,0
ENSDARG00000114493,5,0
ENSDARG00000114494,4,1
ENSDARG00000114495,0,2
ENSDARG00000114496,2,1
ENSDARG00000114497,3,-1
ENSDARG00000114500,5,0
ENSDARG00000114501,0,0
ENSDARG00000114502,2,0
ENSDARG00000114503,4,1
ENSDARG00000114504,1,1
ENSDARG00000114505,4,2
ENSDARG00000114506,5,1
ENSDARG00000114507,2,1
ENSDARG00000114508,5,2
ENSDARG00000114510,2,1
ENSDARG00000114511,1,1
ENSDARG00000114512,2,0
ENSDARG00000114514,1,1
ENSDARG00000114515,1,1
ENSDARG00000114516,3,2
ENSDARG00000114517,1,1
ENSDARG00000114518,3,2
ENSDARG00000114521,5,0
ENSDARG00000114523,0,0
ENSDARG00000114524,5,1
ENSDARG00000114525,3,2
ENSDARG00000114526,0,0
ENSDARG00000114527,2,-1
ENSDARG00000114529,4,1
ENSDARG00000114531,0,0
ENSDARG00000114532,2,1
ENSDARG00000114533,4,1
ENSDARG00000114534,5,2
ENSDARG00000114535,1,0
ENSDARG00000114536,1,1
ENSDARG00000114537,5,0
ENSDARG00000114539,5,2
ENSDARG00000114540,5,2
ENSDARG00000114541,4,2
ENSDARG00000114542,4,1
ENSDARG00000114543,0,2
ENSDARG00000114547,2,1
ENSDARG00000114548,1,0
ENSDARG00000114549,0,0
ENSDARG00000114550,0,0
ENSDARG00000114551,1,0
ENSDARG00000114552,0,0
ENSDARG00000114553,5,1
ENSDARG00000114554,5,0
ENSDARG00000114555,4,0
ENSDARG00000114556,5,1
ENSDARG00000114558,5,0
ENSDARG00000114559,2,-1
ENSDARG00000114560,3,2
ENSDARG00000114561,1,0
ENSDARG00000114562,2,0
ENSDARG00000114563,5,1
ENSDARG00000114564,4,0
ENSDARG00000114568,3,1
ENSDARG00000114569,1,1
ENSDARG00000114570,1,0
ENSDARG00000114571,4,0
ENSDARG00000114572,2,0
ENSDARG00000114575,5,2
ENSDARG00000114577,2,1
ENSDARG00000114578,0,0
ENSDARG00000114579,0,0
ENSDARG00000114581,2,1
ENSDARG00000114582,3,0
ENSDARG00000114583,4,1
ENSDARG00000114585,3,2
ENSDARG00000114587,4,0
ENSDARG00000114589,3,0
ENSDARG00000114590,2,1
ENSDARG00000114591,2,1
ENSDARG00000114592,1,0
ENSDARG00000114594,2,0
ENSDARG00000114597,0,0
ENSDARG00000114600,0,0
ENSDARG00000114601,3,2
ENSDARG00000114605,0,2
ENSDARG00000114607,2,1
ENSDARG00000114608,2,0
ENSDARG00000114609,1,0
ENSDARG00000114611,0,1
ENSDARG00000114612,1,0
ENSDARG00000114613,2,0
ENSDARG00000114614,1,0
ENSDARG00000114615,0,1
ENSDARG00000114616,4,1
ENSDARG00000114617,1,1
ENSDARG00000114618,0,0
ENSDARG00000114619,3,-1
ENSDARG00000114620,3,2
ENSDARG00000114621,0,2
ENSDARG00000114623,1,1
ENSDARG00000114625,3,0
ENSDARG00000114626,5,0
ENSDARG00000114628,2,1
ENSDARG00000114629,5,2
ENSDARG00000114630,0,2
ENSDARG00000114631,3,2
ENSDARG00000114632,4,1
ENSDARG00000114633,4,0
ENSDARG00000114636,1,0
ENSDARG00000114638,5,1
ENSDARG00000114639,5,1
ENSDARG00000114640,4,1
ENSDARG00000114642,0,1
ENSDARG00000114643,3,2
ENSDARG00000114645,5,0
ENSDARG00000114646,1,1
ENSDARG00000114647,2,-1
ENSDARG00000114648,2,1
ENSDARG00000114649,2,1
ENSDARG00000114650,0,0
ENSDARG00000114652,0,0
ENSDARG00000114653,1,1
ENSDARG00000114654,1,0
ENSDARG00000114656,0,0
ENSDARG00000114657,1,1
ENSDARG00000114660,3,2
ENSDARG00000114661,0,1
ENSDARG00000114662,5,1
ENSDARG00000114663,2,-1
ENSDARG00000114664,0,2
ENSDARG00000114665,1,1
ENSDARG00000114667,1,0
ENSDARG00000114668,2,1
ENSDARG00000114669,1,1
ENSDARG00000114670,1,1
ENSDARG00000114671,5,1
ENSDARG00000114672,3,2
ENSDARG00000114673,3,2
ENSDARG00000114674,0,0
ENSDARG00000114677,3,1
ENSDARG00000114678,2,1
ENSDARG00000114679,2,1
ENSDARG00000114680,4,0
ENSDARG00000114681,3,2
ENSDARG00000114682,2,1
ENSDARG00000114683,3,2
ENSDARG00000114685,4,1
ENSDARG00000114686,4,-1
ENSDARG00000114687,2,0
ENSDARG00000114688,1,0
ENSDARG00000114689,1,1
ENSDARG00000114691,2,1
ENSDARG00000114692,2,1
ENSDARG00000114694,5,1
ENSDARG00000114696,2,-1
ENSDARG00000114697,3,2
ENSDARG00000114699,5,0
ENSDARG00000114700,1,1
ENSDARG00000114702,1,1
ENSDARG00000114703,0,0
ENSDARG00000114704,2,1
ENSDARG00000114705,3,2
ENSDARG00000114706,0,0
ENSDARG00000114707,2,0
ENSDARG00000114709,0,0
ENSDARG00000114710,5,2
ENSDARG00000114711,1,1
ENSDARG00000114714,5,1
ENSDARG00000114716,5,0
ENSDARG00000114717,2,1
ENSDARG00000114719,0,0
ENSDARG00000114720,0,2
ENSDARG00000114722,2,1
ENSDARG00000114723,5,1
ENSDARG00000114725,2,0
ENSDARG00000114726,1,1
ENSDARG00000114728,2,0
ENSDARG00000114729,3,-1
ENSDARG00000114730,5,2
ENSDARG00000114732,5,1
ENSDARG00000114733,2,-1
ENSDARG00000114734,1,1
ENSDARG00000114735,2,0
ENSDARG00000114737,1,1
ENSDARG00000114741,3,2
ENSDARG00000114742,0,0
ENSDARG00000114743,4,1
ENSDARG00000114744,1,1
ENSDARG00000114745,2,0
ENSDARG00000114746,5,0
ENSDARG00000114749,1,0
ENSDARG00000114750,2,-1
ENSDARG00000114753,2,1
ENSDARG00000114754,1,0
ENSDARG00000114755,1,-1
ENSDARG00000114756,4,0
ENSDARG00000114757,1,1
ENSDARG00000114758,5,1
ENSDARG00000114760,3,2
ENSDARG00000114762,2,0
ENSDARG00000114764,4,1
ENSDARG00000114768,4,1
ENSDARG00000114769,5,2
ENSDARG00000114770,5,1
ENSDARG00000114771,1,0
ENSDARG00000114773,2,-1
ENSDARG00000114774,5,1
ENSDARG00000114776,1,1
ENSDARG00000114777,2,1
ENSDARG00000114778,5,1
ENSDARG00000114781,4,-1
ENSDARG00000114783,5,0
ENSDARG00000114785,2,0
ENSDARG00000114786,0,2
ENSDARG00000114787,0,2
ENSDARG00000114788,0,2
ENSDARG00000114790,0,0
ENSDARG00000114791,0,0
ENSDARG00000114792,5,1
ENSDARG00000114793,5,0
ENSDARG00000114794,0,2
ENSDARG00000114795,2,-1
ENSDARG00000114796,2,0
ENSDARG00000114797,2,1
ENSDARG00000114798,2,1
ENSDARG00000114800,5,0
ENSDARG00000114801,0,0
ENSDARG00000114803,2,1
ENSDARG00000114804,2,1
ENSDARG00000114805,5,2
ENSDARG00000114806,2,-1
ENSDARG00000114807,1,0
ENSDARG00000114808,5,2
ENSDARG00000114809,5,1
ENSDARG00000114810,1,0
ENSDARG00000114811,5,0
ENSDARG00000114812,4,1
ENSDARG00000114813,2,0
ENSDARG00000114814,0,1
ENSDARG00000114816,2,1
ENSDARG00000114818,2,1
ENSDARG00000114819,1,-1
ENSDARG00000114820,5,1
ENSDARG00000114822,2,1
ENSDARG00000114823,1,0
ENSDARG00000114824,1,0
ENSDARG00000114825,3,2
ENSDARG00000114826,0,2
ENSDARG00000114828,1,0
ENSDARG00000114829,3,0
ENSDARG00000114830,1,0
ENSDARG00000114831,4,0
ENSDARG00000114832,2,1
ENSDARG00000114833,5,0
ENSDARG00000114835,2,1
ENSDARG00000114837,5,0
ENSDARG00000114838,0,1
ENSDARG00000114839,1,1
ENSDARG00000114841,0,2
ENSDARG00000114843,5,0
ENSDARG00000114844,4,1
ENSDARG00000114845,2,0
ENSDARG00000114846,5,1
ENSDARG00000114847,4,0
ENSDARG00000114848,3,2
ENSDARG00000114849,1,1
ENSDARG00000114850,2,0
ENSDARG00000114851,1,-1
ENSDARG00000114852,3,2
ENSDARG00000114853,0,1
ENSDARG00000114854,2,-1
ENSDARG00000114856,5,0
ENSDARG00000114857,2,-1
ENSDARG00000114858,2,0
ENSDARG00000114859,1,1
ENSDARG00000114861,1,1
ENSDARG00000114862,0,2
ENSDARG00000114863,2,0
ENSDARG00000114864,0,1
ENSDARG00000114865,3,2
ENSDARG00000114866,5,1
ENSDARG00000114867,0,1
ENSDARG00000114868,5,1
ENSDARG00000114869,3,1
ENSDARG00000114870,4,1
ENSDARG00000114871,3,0
ENSDARG00000114874,3,2
ENSDARG00000114875,5,1
ENSDARG00000114877,1,1
ENSDARG00000114878,5,2
ENSDARG00000114879,1,1
ENSDARG00000114881,1,1
ENSDARG00000114883,0,0
ENSDARG00000114884,4,1
ENSDARG00000114886,3,2
ENSDARG00000114889,1,1
ENSDARG00000114890,5,0
ENSDARG00000114891,5,0
ENSDARG00000114892,5,0
ENSDARG00000114893,5,0
ENSDARG00000114895,5,0
ENSDARG00000114896,1,0
ENSDARG00000114898,1,1
ENSDARG00000114900,1,1
ENSDARG00000114903,1,0
ENSDARG00000114904,1,1
ENSDARG00000114906,1,1
ENSDARG00000114907,1,1
ENSDARG00000114908,1,1
ENSDARG00000114909,4,0
ENSDARG00000114910,4,1
ENSDARG00000114911,0,0
ENSDARG00000114912,0,0
ENSDARG00000114913,5,0
ENSDARG00000114914,5,0
ENSDARG00000114917,0,0
ENSDARG00000114918,0,2
ENSDARG00000114920,3,0
ENSDARG00000114921,2,-1
ENSDARG00000114922,5,2
ENSDARG00000114923,0,2
ENSDARG00000114926,2,-1
ENSDARG00000114927,4,1
ENSDARG00000114928,1,0
ENSDARG00000114929,5,1
ENSDARG00000114934,0,2
ENSDARG00000114935,4,1
ENSDARG00000114937,3,0
ENSDARG00000114938,4,1
ENSDARG00000114940,2,0
ENSDARG00000114942,3,2
ENSDARG00000114943,1,1
ENSDARG00000114945,1,0
ENSDARG00000114947,5,0
ENSDARG00000114948,5,0
ENSDARG00000114951,5,2
ENSDARG00000114952,2,1
ENSDARG00000114955,5,1
ENSDARG00000114958,5,1
ENSDARG00000114959,3,0
ENSDARG00000114961,2,0
ENSDARG00000114962,4,1
ENSDARG00000114964,5,0
ENSDARG00000114965,1,1
ENSDARG00000114966,1,1
ENSDARG00000114967,4,1
ENSDARG00000114968,4,1
ENSDARG00000114970,1,1
ENSDARG00000114971,4,2
ENSDARG00000114974,3,2
ENSDARG00000114975,5,1
ENSDARG00000114976,0,1
ENSDARG00000114977,3,2
ENSDARG00000114978,1,0
ENSDARG00000114979,3,2
ENSDARG00000114980,2,0
ENSDARG00000114981,0,1
ENSDARG00000114982,2,1
ENSDARG00000114983,5,1
ENSDARG00000114985,0,0
ENSDARG00000114986,3,0
ENSDARG00000114987,5,1
ENSDARG00000114988,3,-1
ENSDARG00000114990,5,2
ENSDARG00000114991,2,0
ENSDARG00000114992,2,-1
ENSDARG00000114993,1,1
ENSDARG00000114995,1,-1
ENSDARG00000114996,2,1
ENSDARG00000114997,1,1
ENSDARG00000114999,1,1
ENSDARG00000115000,3,2
ENSDARG00000115001,2,1
ENSDARG00000115002,5,1
ENSDARG00000115004,5,0
ENSDARG00000115005,1,0
ENSDARG00000115006,3,2
ENSDARG00000115008,4,1
ENSDARG00000115009,5,1
ENSDARG00000115010,5,0
ENSDARG00000115011,5,2
ENSDARG00000115012,1,-1
ENSDARG00000115013,0,1
ENSDARG00000115015,1,1
ENSDARG00000115016,0,0
ENSDARG00000115017,1,1
ENSDARG00000115018,5,1
ENSDARG00000115019,5,0
ENSDARG00000115022,5,1
ENSDARG00000115025,5,2
ENSDARG00000115026,2,1
ENSDARG00000115027,3,2
ENSDARG00000115028,5,1
ENSDARG00000115029,4,0
ENSDARG00000115031,2,1
ENSDARG00000115033,5,1
ENSDARG00000115036,5,1
ENSDARG00000115038,3,2
ENSDARG00000115039,0,2
ENSDARG00000115041,2,1
ENSDARG00000115043,3,1
ENSDARG00000115045,4,0
ENSDARG00000115046,1,1
ENSDARG00000115051,3,1
ENSDARG00000115052,1,-1
ENSDARG00000115054,5,0
ENSDARG00000115055,5,0
ENSDARG00000115056,5,0
ENSDARG00000115058,0,0
ENSDARG00000115060,5,2
ENSDARG00000115061,0,2
ENSDARG00000115063,0,0
ENSDARG00000115065,3,2
ENSDARG00000115066,1,1
ENSDARG00000115067,4,0
ENSDARG00000115068,2,1
ENSDARG00000115069,5,2
ENSDARG00000115070,2,1
ENSDARG00000115071,4,-1
ENSDARG00000115072,1,1
ENSDARG00000115073,3,2
ENSDARG00000115074,0,1
ENSDARG00000115075,0,0
ENSDARG00000115076,4,0
ENSDARG00000115078,4,0
ENSDARG00000115081,5,0
ENSDARG00000115082,0,1
ENSDARG00000115083,0,0
ENSDARG00000115084,2,1
ENSDARG00000115085,5,2
ENSDARG00000115086,2,1
ENSDARG00000115087,0,0
ENSDARG00000115090,1,0
ENSDARG00000115091,2,1
ENSDARG00000115093,2,1
ENSDARG00000115094,2,0
ENSDARG00000115095,0,2
ENSDARG00000115096,5,2
ENSDARG00000115097,3,2
ENSDARG00000115098,0,0
ENSDARG00000115099,2,1
ENSDARG00000115100,0,2
ENSDARG00000115101,3,0
ENSDARG00000115103,4,1
ENSDARG00000115105,1,1
ENSDARG00000115106,5,1
ENSDARG00000115108,3,0
ENSDARG00000115109,4,2
ENSDARG00000115111,2,0
ENSDARG00000115115,4,1
ENSDARG00000115116,0,0
ENSDARG00000115117,0,2
ENSDARG00000115118,5,1
ENSDARG00000115119,2,1
ENSDARG00000115120,0,2
ENSDARG00000115121,3,2
ENSDARG00000115124,0,2
ENSDARG00000115126,2,1
ENSDARG00000115127,1,1
ENSDARG00000115128,4,1
ENSDARG00000115130,1,0
ENSDARG00000115132,3,2
ENSDARG00000115133,1,0
ENSDARG00000115134,5,2
ENSDARG00000115135,0,2
ENSDARG00000115136,2,1
ENSDARG00000115141,2,1
ENSDARG00000115143,4,0
ENSDARG00000115144,3,0
ENSDARG00000115145,3,-1
ENSDARG00000115146,5,1
ENSDARG00000115148,1,-1
ENSDARG00000115149,1,1
ENSDARG00000115152,3,0
ENSDARG00000115153,5,0
ENSDARG00000115156,3,-1
ENSDARG00000115158,2,1
ENSDARG00000115159,5,0
ENSDARG00000115160,3,2
ENSDARG00000115161,4,1
ENSDARG00000115163,2,1
ENSDARG00000115167,4,2
ENSDARG00000115169,5,0
ENSDARG00000115171,0,0
ENSDARG00000115173,5,0
ENSDARG00000115175,2,1
ENSDARG00000115176,1,1
ENSDARG00000115177,1,0
ENSDARG00000115178,0,1
ENSDARG00000115179,3,2
ENSDARG00000115180,2,1
ENSDARG00000115181,3,2
ENSDARG00000115182,2,0
ENSDARG00000115183,1,1
ENSDARG00000115185,1,0
ENSDARG00000115186,5,0
ENSDARG00000115187,3,2
ENSDARG00000115188,0,0
ENSDARG00000115189,2,1
ENSDARG00000115190,1,1
ENSDARG00000115191,5,0
ENSDARG00000115193,2,0
ENSDARG00000115194,4,0
ENSDARG00000115195,4,2
ENSDARG00000115196,5,1
ENSDARG00000115197,1,1
ENSDARG00000115198,0,0
ENSDARG00000115199,0,1
ENSDARG00000115202,5,0
ENSDARG00000115203,1,0
ENSDARG00000115204,3,1
ENSDARG00000115205,5,1
ENSDARG00000115206,5,1
ENSDARG00000115207,0,0
ENSDARG00000115208,2,1
ENSDARG00000115213,0,2
ENSDARG00000115214,3,0
ENSDARG00000115215,1,0
ENSDARG00000115216,2,0
ENSDARG00000115217,2,-1
ENSDARG00000115218,0,2
ENSDARG00000115219,2,0
ENSDARG00000115220,1,1
ENSDARG00000115221,5,0
ENSDARG00000115224,2,1
ENSDARG00000115226,1,1
ENSDARG00000115227,5,2
ENSDARG00000115228,0,0
ENSDARG00000115230,3,2
ENSDARG00000115232,5,2
ENSDARG00000115233,4,0
ENSDARG00000115235,2,0
ENSDARG00000115236,0,1
ENSDARG00000115237,4,2
ENSDARG00000115238,3,1
ENSDARG00000115240,1,0
ENSDARG00000115242,1,0
ENSDARG00000115244,1,0
ENSDARG00000115246,5,0
ENSDARG00000115247,5,1
ENSDARG00000115254,1,1
ENSDARG00000115255,5,1
ENSDARG00000115256,1,1
ENSDARG00000115257,5,0
ENSDARG00000115258,5,1
ENSDARG00000115259,2,0
ENSDARG00000115260,3,2
ENSDARG00000115262,4,1
ENSDARG00000115263,2,0
ENSDARG00000115265,5,0
ENSDARG00000115266,1,1
ENSDARG00000115269,0,0
ENSDARG00000115270,4,1
ENSDARG00000115271,4,1
ENSDARG00000115272,5,2
ENSDARG00000115273,3,0
ENSDARG00000115274,5,2
ENSDARG00000115275,5,1
ENSDARG00000115276,0,2
ENSDARG00000115277,2,0
ENSDARG00000115278,1,1
ENSDARG00000115279,5,2
ENSDARG00000115280,0,2
ENSDARG00000115281,5,0
ENSDARG00000115282,5,2
ENSDARG00000115283,1,1
ENSDARG00000115284,3,2
ENSDARG00000115285,2,0
ENSDARG00000115287,2,-1
ENSDARG00000115289,0,1
ENSDARG00000115290,2,-1
ENSDARG00000115291,5,1
ENSDARG00000115294,2,1
ENSDARG00000115295,3,2
ENSDARG00000115296,2,-1
ENSDARG00000115297,1,0
ENSDARG00000115299,3,2
ENSDARG00000115300,4,1
ENSDARG00000115301,3,2
ENSDARG00000115302,3,-1
ENSDARG00000115303,0,1
ENSDARG00000115305,5,0
ENSDARG00000115306,2,1
ENSDARG00000115308,4,1
ENSDARG00000115309,5,1
ENSDARG00000115311,1,1
ENSDARG00000115313,1,0
ENSDARG00000115315,3,2
ENSDARG00000115318,4,0
ENSDARG00000115320,5,1
ENSDARG00000115321,3,0
ENSDARG00000115322,4,0
ENSDARG00000115323,1,1
ENSDARG00000115324,0,0
ENSDARG00000115325,4,0
ENSDARG00000115327,3,1
ENSDARG00000115330,2,0
ENSDARG00000115331,1,1
ENSDARG00000115332,3,0
ENSDARG00000115335,0,1
ENSDARG00000115336,2,1
ENSDARG00000115337,0,1
ENSDARG00000115339,5,1
ENSDARG00000115341,3,2
ENSDARG00000115342,3,2
ENSDARG00000115343,5,2
ENSDARG00000115344,1,1
ENSDARG00000115346,5,1
ENSDARG00000115348,5,1
ENSDARG00000115349,4,1
ENSDARG00000115351,5,1
ENSDARG00000115352,5,2
ENSDARG00000115353,1,0
ENSDARG00000115355,4,0
ENSDARG00000115356,3,2
ENSDARG00000115359,0,0
ENSDARG00000115360,0,2
ENSDARG00000115361,0,1
ENSDARG00000115362,2,1
ENSDARG00000115363,0,0
ENSDARG00000115364,3,2
ENSDARG00000115365,1,1
ENSDARG00000115368,2,1
ENSDARG00000115369,4,-1
ENSDARG00000115370,2,0
ENSDARG00000115371,1,1
ENSDARG00000115372,5,1
ENSDARG00000115373,3,2
ENSDARG00000115374,1,-1
ENSDARG00000115375,2,1
ENSDARG00000115378,4,1
ENSDARG00000115380,0,2
ENSDARG00000115381,5,2
ENSDARG00000115382,4,0
ENSDARG00000115383,5,2
ENSDARG00000115384,2,1
ENSDARG00000115385,5,1
ENSDARG00000115387,1,1
ENSDARG00000115389,5,1
ENSDARG00000115390,5,2
ENSDARG00000115391,1,1
ENSDARG00000115393,1,0
ENSDARG00000115394,1,1
ENSDARG00000115396,1,1
ENSDARG00000115397,4,-1
ENSDARG00000115399,4,2
ENSDARG00000115400,0,0
ENSDARG00000115402,2,1
ENSDARG00000115403,3,1
ENSDARG00000115404,3,0
ENSDARG00000115405,4,1
ENSDARG00000115406,0,1
ENSDARG00000115408,1,0
ENSDARG00000115409,3,2
ENSDARG00000115410,2,1
ENSDARG00000115411,2,1
ENSDARG00000115413,0,0
ENSDARG00000115415,5,1
ENSDARG00000115416,5,2
ENSDARG00000115417,4,1
ENSDARG00000115419,0,0
ENSDARG00000115421,5,0
ENSDARG00000115422,3,2
ENSDARG00000115424,2,0
ENSDARG00000115425,3,2
ENSDARG00000115426,4,1
ENSDARG00000115427,5,2
ENSDARG00000115428,3,1
ENSDARG00000115429,1,1
ENSDARG00000115430,1,1
ENSDARG00000115431,3,2
ENSDARG00000115432,2,1
ENSDARG00000115434,5,2
ENSDARG00000115435,4,0
ENSDARG00000115436,3,2
ENSDARG00000115437,0,0
ENSDARG00000115439,4,1
ENSDARG00000115440,4,0
ENSDARG00000115443,5,2
ENSDARG00000115444,0,1
ENSDARG00000115446,2,1
ENSDARG00000115449,3,2
ENSDARG00000115450,1,1
ENSDARG00000115451,5,1
ENSDARG00000115452,1,1
ENSDARG00000115453,4,1
ENSDARG00000115455,3,2
ENSDARG00000115456,5,0
ENSDARG00000115457,5,1
ENSDARG00000115459,2,1
ENSDARG00000115460,0,0
ENSDARG00000115461,1,1
ENSDARG00000115463,4,0
ENSDARG00000115467,3,2
ENSDARG00000115468,1,1
ENSDARG00000115469,4,1
ENSDARG00000115470,2,0
ENSDARG00000115471,2,1
ENSDARG00000115472,4,1
ENSDARG00000115473,1,0
ENSDARG00000115474,1,0
ENSDARG00000115475,2,0
ENSDARG00000115477,0,2
ENSDARG00000115479,1,1
ENSDARG00000115480,1,1
ENSDARG00000115481,2,1
ENSDARG00000115483,4,0
ENSDARG00000115484,5,1
ENSDARG00000115486,2,1
ENSDARG00000115487,3,1
ENSDARG00000115488,3,0
ENSDARG00000115489,5,0
ENSDARG00000115490,2,1
ENSDARG00000115491,0,0
ENSDARG00000115493,2,0
ENSDARG00000115494,5,0
ENSDARG00000115495,1,0
ENSDARG00000115496,5,1
ENSDARG00000115497,5,2
ENSDARG00000115499,5,1
ENSDARG00000115500,5,0
ENSDARG00000115501,3,2
ENSDARG00000115502,2,-1
ENSDARG00000115504,2,1
ENSDARG00000115505,2,0
ENSDARG00000115506,1,1
ENSDARG00000115507,1,1
ENSDARG00000115508,2,0
ENSDARG00000115509,5,1
ENSDARG00000115510,4,0
ENSDARG00000115511,2,1
ENSDARG00000115512,5,1
ENSDARG00000115513,2,1
ENSDARG00000115514,1,0
ENSDARG00000115515,3,2
ENSDARG00000115516,1,1
ENSDARG00000115519,3,2
ENSDARG00000115521,4,1
ENSDARG00000115522,1,0
ENSDARG00000115523,0,2
ENSDARG00000115524,5,0
ENSDARG00000115525,1,0
ENSDARG00000115527,2,1
ENSDARG00000115528,2,1
ENSDARG00000115529,1,0
ENSDARG00000115530,1,0
ENSDARG00000115533,2,1
ENSDARG00000115534,5,1
ENSDARG00000115535,5,2
ENSDARG00000115536,2,1
ENSDARG00000115537,1,0
ENSDARG00000115538,5,0
ENSDARG00000115540,4,1
ENSDARG00000115542,3,2
ENSDARG00000115543,5,0
ENSDARG00000115544,5,1
ENSDARG00000115545,4,2
ENSDARG00000115547,0,2
ENSDARG00000115548,5,1
ENSDARG00000115549,0,0
ENSDARG00000115552,2,0
ENSDARG00000115553,3,2
ENSDARG00000115554,0,2
ENSDARG00000115556,5,2
ENSDARG00000115557,4,1
ENSDARG00000115558,5,2
ENSDARG00000115559,2,0
ENSDARG00000115561,2,1
ENSDARG00000115562,0,0
ENSDARG00000115563,2,1
ENSDARG00000115564,1,1
ENSDARG00000115565,4,1
ENSDARG00000115566,3,2
ENSDARG00000115567,5,2
ENSDARG00000115568,2,1
ENSDARG00000115569,1,0
ENSDARG00000115570,4,0
ENSDARG00000115571,5,0
ENSDARG00000115572,0,0
ENSDARG00000115573,3,2
ENSDARG00000115574,4,0
ENSDARG00000115575,1,1
ENSDARG00000115576,3,2
ENSDARG00000115579,5,1
ENSDARG00000115582,1,1
ENSDARG00000115583,2,1
ENSDARG00000115586,4,0
ENSDARG00000115588,5,0
ENSDARG00000115589,1,0
ENSDARG00000115590,1,1
ENSDARG00000115591,3,0
ENSDARG00000115592,1,0
ENSDARG00000115593,5,0
ENSDARG00000115594,2,0
ENSDARG00000115595,0,2
ENSDARG00000115596,1,0
ENSDARG00000115597,0,0
ENSDARG00000115600,0,0
ENSDARG00000115602,2,0
ENSDARG00000115603,0,1
ENSDARG00000115604,2,1
ENSDARG00000115605,2,0
ENSDARG00000115606,3,2
ENSDARG00000115607,1,1
ENSDARG00000115608,3,2
ENSDARG00000115609,3,0
ENSDARG00000115610,2,1
ENSDARG00000115611,5,0
ENSDARG00000115612,5,1
ENSDARG00000115613,2,1
ENSDARG00000115614,1,1
ENSDARG00000115617,5,0
ENSDARG00000115620,1,1
ENSDARG00000115621,1,1
ENSDARG00000115622,2,1
ENSDARG00000115623,1,-1
ENSDARG00000115624,5,1
ENSDARG00000115625,5,2
ENSDARG00000115626,1,0
ENSDARG00000115628,3,2
ENSDARG00000115629,5,1
ENSDARG00000115630,5,1
ENSDARG00000115631,1,1
ENSDARG00000115633,2,1
ENSDARG00000115634,1,0
ENSDARG00000115635,1,1
ENSDARG00000115636,3,2
ENSDARG00000115637,0,2
ENSDARG00000115639,5,1
ENSDARG00000115640,3,2
ENSDARG00000115641,1,0
ENSDARG00000115642,2,-1
ENSDARG00000115643,3,2
ENSDARG00000115644,5,0
ENSDARG00000115645,5,0
ENSDARG00000115646,5,2
ENSDARG00000115647,0,0
ENSDARG00000115648,0,0
ENSDARG00000115649,1,1
ENSDARG00000115653,5,1
ENSDARG00000115655,1,1
ENSDARG00000115657,3,0
ENSDARG00000115659,2,-1
ENSDARG00000115661,2,0
ENSDARG00000115663,1,0
ENSDARG00000115664,4,1
ENSDARG00000115666,3,2
ENSDARG00000115667,5,0
ENSDARG00000115668,4,-1
ENSDARG00000115669,3,2
ENSDARG00000115670,1,1
ENSDARG00000115671,3,0
ENSDARG00000115674,4,1
ENSDARG00000115675,2,1
ENSDARG00000115677,5,1
ENSDARG00000115681,0,0
ENSDARG00000115682,0,0
ENSDARG00000115683,5,0
ENSDARG00000115684,5,0
ENSDARG00000115685,1,1
ENSDARG00000115687,5,0
ENSDARG00000115688,0,0
ENSDARG00000115689,1,0
ENSDARG00000115690,1,0
ENSDARG00000115691,3,1
ENSDARG00000115692,5,1
ENSDARG00000115696,1,1
ENSDARG00000115697,0,2
ENSDARG00000115698,1,1
ENSDARG00000115699,4,1
ENSDARG00000115700,5,2
ENSDARG00000115701,2,1
ENSDARG00000115703,2,-1
ENSDARG00000115704,4,1
ENSDARG00000115705,1,1
ENSDARG00000115706,1,1
ENSDARG00000115707,4,0
ENSDARG00000115709,2,1
ENSDARG00000115710,2,1
ENSDARG00000115711,2,0
ENSDARG00000115713,4,1
ENSDARG00000115714,5,2
ENSDARG00000115717,4,0
ENSDARG00000115718,2,1
ENSDARG00000115721,5,0
ENSDARG00000115722,2,1
ENSDARG00000115724,1,1
ENSDARG00000115725,5,1
ENSDARG00000115726,1,0
ENSDARG00000115727,2,1
ENSDARG00000115729,5,0
ENSDARG00000115730,0,0
ENSDARG00000115731,0,1
ENSDARG00000115732,4,1
ENSDARG00000115733,4,1
ENSDARG00000115735,5,1
ENSDARG00000115740,2,0
ENSDARG00000115741,0,2
ENSDARG00000115742,0,2
ENSDARG00000115744,1,1
ENSDARG00000115745,1,0
ENSDARG00000115747,0,0
ENSDARG00000115748,4,0
ENSDARG00000115749,1,0
ENSDARG00000115751,5,0
ENSDARG00000115752,2,0
ENSDARG00000115753,2,0
ENSDARG00000115754,2,0
ENSDARG00000115755,3,2
ENSDARG00000115756,2,-1
ENSDARG00000115758,3,2
ENSDARG00000115760,2,1
ENSDARG00000115763,2,1
ENSDARG00000115764,2,0
ENSDARG00000115766,5,0
ENSDARG00000115769,4,1
ENSDARG00000115771,3,0
ENSDARG00000115772,5,0
ENSDARG00000115775,4,0
ENSDARG00000115776,2,1
ENSDARG00000115777,1,1
ENSDARG00000115778,2,1
ENSDARG00000115779,2,-1
ENSDARG00000115780,4,0
ENSDARG00000115781,2,0
ENSDARG00000115783,1,1
ENSDARG00000115785,3,2
ENSDARG00000115786,5,1
ENSDARG00000115787,5,1
ENSDARG00000115789,2,0
ENSDARG00000115790,4,1
ENSDARG00000115791,5,1
ENSDARG00000115792,5,2
ENSDARG00000115793,5,0
ENSDARG00000115795,2,1
ENSDARG00000115796,2,0
ENSDARG00000115797,1,0
ENSDARG00000115798,0,2
ENSDARG00000115799,5,0
ENSDARG00000115800,0,1
ENSDARG00000115802,5,1
ENSDARG00000115803,0,0
ENSDARG00000115804,5,1
ENSDARG00000115805,0,1
ENSDARG00000115806,2,0
ENSDARG00000115807,5,1
ENSDARG00000115809,2,1
ENSDARG00000115812,0,1
ENSDARG00000115813,3,2
ENSDARG00000115816,1,0
ENSDARG00000115817,5,1
ENSDARG00000115818,5,0
ENSDARG00000115819,5,2
ENSDARG00000115820,3,1
ENSDARG00000115821,2,0
ENSDARG00000115823,3,2
ENSDARG00000115824,1,1
ENSDARG00000115825,1,0
ENSDARG00000115826,2,1
ENSDARG00000115827,5,1
ENSDARG00000115829,1,0
ENSDARG00000115830,2,0
ENSDARG00000115831,5,1
ENSDARG00000115832,3,0
ENSDARG00000115833,1,1
ENSDARG00000115834,1,1
ENSDARG00000115835,2,-1
ENSDARG00000115836,2,0
ENSDARG00000115837,0,0
ENSDARG00000115838,5,2
ENSDARG00000115840,2,0
ENSDARG00000115842,4,1
ENSDARG00000115843,3,1
ENSDARG00000115844,1,1
ENSDARG00000115845,3,2
ENSDARG00000115846,5,1
ENSDARG00000115847,2,0
ENSDARG00000115848,5,1
ENSDARG00000115849,1,1
ENSDARG00000115850,3,0
ENSDARG00000115851,1,0
ENSDARG00000115852,1,1
ENSDARG00000115853,0,2
ENSDARG00000115855,5,0
ENSDARG00000115856,5,0
ENSDARG00000115857,5,0
ENSDARG00000115858,2,1
ENSDARG00000115859,0,2
ENSDARG00000115860,0,2
ENSDARG00000115861,2,0
ENSDARG00000115863,0,2
ENSDARG00000115864,4,2
ENSDARG00000115866,5,1
ENSDARG00000115868,1,1
ENSDARG00000115869,0,1
ENSDARG00000115870,0,1
ENSDARG00000115873,2,1
ENSDARG00000115874,5,1
ENSDARG00000115875,1,1
ENSDARG00000115876,0,2
ENSDARG00000115877,1,0
ENSDARG00000115878,1,1
ENSDARG00000115879,5,2
ENSDARG00000115880,5,0
ENSDARG00000115881,1,1
ENSDARG00000115883,1,0
ENSDARG00000115884,2,1
ENSDARG00000115885,3,2
ENSDARG00000115886,3,0
ENSDARG00000115890,0,1
ENSDARG00000115892,0,2
ENSDARG00000115893,0,2
ENSDARG00000115894,4,1
ENSDARG00000115897,1,1
ENSDARG00000115899,1,1
ENSDARG00000115900,0,0
ENSDARG00000115903,3,0
ENSDARG00000115904,2,1
ENSDARG00000115906,2,0
ENSDARG00000115907,3,2
ENSDARG00000115908,1,-1
ENSDARG00000115910,5,2
ENSDARG00000115912,5,1
ENSDARG00000115913,3,2
ENSDARG00000115915,5,1
ENSDARG00000115916,4,1
ENSDARG00000115917,5,1
ENSDARG00000115919,5,1
ENSDARG00000115920,1,1
ENSDARG00000115921,0,0
ENSDARG00000115923,1,0
ENSDARG00000115924,1,1
ENSDARG00000115925,2,1
ENSDARG00000115926,5,1
ENSDARG00000115928,5,2
ENSDARG00000115929,0,0
ENSDARG00000115930,2,0
ENSDARG00000115935,5,1
ENSDARG00000115937,1,0
ENSDARG00000115938,5,0
ENSDARG00000115940,1,1
ENSDARG00000115941,2,1
ENSDARG00000115942,3,2
ENSDARG00000115943,5,2
ENSDARG00000115944,1,1
ENSDARG00000115946,0,2
ENSDARG00000115947,2,0
ENSDARG00000115949,2,1
ENSDARG00000115952,4,2
ENSDARG00000115953,5,-1
ENSDARG00000115955,2,0
ENSDARG00000115956,3,2
ENSDARG00000115957,1,0
ENSDARG00000115958,2,1
ENSDARG00000115959,1,0
ENSDARG00000115960,4,0
ENSDARG00000115962,5,2
ENSDARG00000115963,1,0
ENSDARG00000115964,4,0
ENSDARG00000115965,1,0
ENSDARG00000115968,0,0
ENSDARG00000115969,2,1
ENSDARG00000115970,1,-1
ENSDARG00000115971,2,1
ENSDARG00000115972,0,2
ENSDARG00000115973,2,1
ENSDARG00000115975,3,2
ENSDARG00000115976,5,1
ENSDARG00000115977,1,0
ENSDARG00000115979,3,2
ENSDARG00000115980,2,1
ENSDARG00000115981,1,0
ENSDARG00000115982,5,2
ENSDARG00000115984,0,0
ENSDARG00000115985,5,0
ENSDARG00000115986,4,0
ENSDARG00000115987,5,2
ENSDARG00000115990,5,1
ENSDARG00000115991,3,2
ENSDARG00000115992,2,1
ENSDARG00000115996,3,1
ENSDARG00000115999,0,2
ENSDARG00000116002,3,0
ENSDARG00000116003,1,0
ENSDARG00000116005,5,2
ENSDARG00000116007,2,1
ENSDARG00000116008,2,1
ENSDARG00000116009,3,2
ENSDARG00000116011,1,1
ENSDARG00000116012,1,0
ENSDARG00000116013,0,1
ENSDARG00000116014,3,0
ENSDARG00000116016,5,1
ENSDARG00000116017,3,2
ENSDARG00000116018,0,0
ENSDARG00000116021,1,1
ENSDARG00000116023,1,1
ENSDARG00000116024,2,0
ENSDARG00000116025,3,2
ENSDARG00000116027,2,0
ENSDARG00000116028,5,1
ENSDARG00000116031,5,1
ENSDARG00000116032,2,1
ENSDARG00000116033,3,2
ENSDARG00000116034,5,1
ENSDARG00000116035,2,-1
ENSDARG00000116037,5,2
ENSDARG00000116038,4,1
ENSDARG00000116039,2,1
ENSDARG00000116040,4,0
ENSDARG00000116041,2,1
ENSDARG00000116042,0,0
ENSDARG00000116043,2,1
ENSDARG00000116046,1,1
ENSDARG00000116047,2,1
ENSDARG00000116048,2,1
ENSDARG00000116049,2,0
ENSDARG00000116052,1,0
ENSDARG00000116053,2,1
ENSDARG00000116055,0,2
ENSDARG00000116056,3,-1
ENSDARG00000116057,0,1
ENSDARG00000116059,4,1
ENSDARG00000116060,3,2
ENSDARG00000116061,1,1
ENSDARG00000116062,0,1
ENSDARG00000116063,5,1
ENSDARG00000116064,2,1
ENSDARG00000116065,3,2
ENSDARG00000116066,3,0
ENSDARG00000116071,2,1
ENSDARG00000116072,4,1
ENSDARG00000116073,5,1
ENSDARG00000116075,0,0
ENSDARG00000116076,4,1
ENSDARG00000116077,2,1
ENSDARG00000116080,3,2
ENSDARG00000116081,0,1
ENSDARG00000116084,3,2
ENSDARG00000116085,4,2
ENSDARG00000116086,2,1
ENSDARG00000116087,3,2
ENSDARG00000116089,5,1
ENSDARG00000116090,3,2
ENSDARG00000116091,4,0
ENSDARG00000116092,3,0
ENSDARG00000116093,0,1
ENSDARG00000116094,5,0
ENSDARG00000116095,1,1
ENSDARG00000116097,1,-1
ENSDARG00000116098,1,1
ENSDARG00000116100,5,1
ENSDARG00000116101,3,1
ENSDARG00000116102,2,1
ENSDARG00000116103,4,2
ENSDARG00000116104,0,1
ENSDARG00000116106,0,0
ENSDARG00000116107,0,0
ENSDARG00000116109,2,0
ENSDARG00000116111,2,1
ENSDARG00000116112,2,1
ENSDARG00000116113,3,0
ENSDARG00000116114,1,1
ENSDARG00000116117,5,0
ENSDARG00000116119,4,1
ENSDARG00000116120,2,1
ENSDARG00000116121,5,1
ENSDARG00000116122,0,1
ENSDARG00000116123,2,1
ENSDARG00000116124,5,2
ENSDARG00000116125,2,1
ENSDARG00000116127,4,1
ENSDARG00000116129,4,2
ENSDARG00000116130,2,-1
ENSDARG00000116131,0,2
ENSDARG00000116132,1,1
ENSDARG00000116133,3,2
ENSDARG00000116134,4,1
ENSDARG00000116135,3,0
ENSDARG00000116136,4,1
ENSDARG00000116138,1,0
ENSDARG00000116139,2,1
ENSDARG00000116140,4,0
ENSDARG00000116141,3,2
ENSDARG00000116142,4,0
ENSDARG00000116143,3,0
ENSDARG00000116147,1,1
ENSDARG00000116150,3,2
ENSDARG00000116151,0,2
ENSDARG00000116152,1,-1
ENSDARG00000116154,3,2
ENSDARG00000116155,5,1
ENSDARG00000116156,0,0
ENSDARG00000116157,4,2
ENSDARG00000116158,5,2
ENSDARG00000116160,2,-1
ENSDARG00000116161,1,0
ENSDARG00000116162,3,2
ENSDARG00000116164,3,2
ENSDARG00000116165,0,2
ENSDARG00000116167,1,1
ENSDARG00000116168,0,2
ENSDARG00000116170,2,0
ENSDARG00000116171,2,1
ENSDARG00000116172,2,1
ENSDARG00000116173,3,-1
ENSDARG00000116176,1,0
ENSDARG00000116178,1,1
ENSDARG00000116179,0,0
ENSDARG00000116180,2,0
ENSDARG00000116182,1,1
ENSDARG00000116183,3,-1
ENSDARG00000116184,5,1
ENSDARG00000116186,3,2
ENSDARG00000116188,1,1
ENSDARG00000116190,3,-1
ENSDARG00000116191,3,0
ENSDARG00000116192,4,-1
ENSDARG00000116193,0,1
ENSDARG00000116194,1,1
ENSDARG00000116195,2,1
ENSDARG00000116196,3,0
ENSDARG00000116197,3,2
ENSDARG00000116198,5,1
ENSDARG00000116200,1,0
ENSDARG00000116201,2,1
ENSDARG00000116202,2,-1
ENSDARG00000116203,3,2
ENSDARG00000116204,3,2
ENSDARG00000116206,3,0
ENSDARG00000116207,0,0
ENSDARG00000116209,1,1
ENSDARG00000116211,5,0
ENSDARG00000116213,3,0
ENSDARG00000116214,0,2
ENSDARG00000116215,3,2
ENSDARG00000116216,5,0
ENSDARG00000116217,5,1
ENSDARG00000116219,4,2
ENSDARG00000116220,3,2
ENSDARG00000116222,4,0
ENSDARG00000116225,0,0
ENSDARG00000116226,3,1
ENSDARG00000116227,2,1
ENSDARG00000116229,0,0
ENSDARG00000116230,0,1
ENSDARG00000116231,1,0
ENSDARG00000116232,0,0
ENSDARG00000116233,0,1
ENSDARG00000116235,5,1
ENSDARG00000116237,2,1
ENSDARG00000116239,3,0
ENSDARG00000116240,4,0
ENSDARG00000116241,4,1
ENSDARG00000116242,0,1
ENSDARG00000116243,3,-1
ENSDARG00000116244,2,0
ENSDARG00000116245,5,0
ENSDARG00000116246,0,2
ENSDARG00000116249,5,1
ENSDARG00000116250,3,1
ENSDARG00000116251,5,1
ENSDARG00000116254,3,-1
ENSDARG00000116257,2,1
ENSDARG00000116258,4,0
ENSDARG00000116259,2,1
ENSDARG00000116260,3,1
ENSDARG00000116262,1,1
ENSDARG00000116263,1,1
ENSDARG00000116264,5,1
ENSDARG00000116265,1,0
ENSDARG00000116267,3,0
ENSDARG00000116270,3,0
ENSDARG00000116272,5,1
ENSDARG00000116273,2,0
ENSDARG00000116274,0,2
ENSDARG00000116275,3,2
ENSDARG00000116278,2,1
ENSDARG00000116280,1,0
ENSDARG00000116283,2,1
ENSDARG00000116286,2,0
ENSDARG00000116287,0,0
ENSDARG00000116288,2,1
ENSDARG00000116289,2,-1
ENSDARG00000116290,0,1
ENSDARG00000116291,5,0
ENSDARG00000116292,1,1
ENSDARG00000116294,0,2
ENSDARG00000116295,2,1
ENSDARG00000116296,0,1
ENSDARG00000116298,2,1
ENSDARG00000116299,0,0
ENSDARG00000116300,5,2
ENSDARG00000116301,5,1
ENSDARG00000116302,4,1
ENSDARG00000116304,3,2
ENSDARG00000116307,2,1
ENSDARG00000116309,5,1
ENSDARG00000116312,4,1
ENSDARG00000116313,2,-1
ENSDARG00000116314,3,-1
ENSDARG00000116315,1,-1
ENSDARG00000116316,3,2
ENSDARG00000116318,2,1
ENSDARG00000116319,5,0
ENSDARG00000116321,0,0
ENSDARG00000116322,2,0
ENSDARG00000116323,2,-1
ENSDARG00000116324,4,-1
ENSDARG00000116325,1,0
ENSDARG00000116328,5,1
ENSDARG00000116330,5,1
ENSDARG00000116333,1,0
ENSDARG00000116334,1,-1
ENSDARG00000116336,1,0
ENSDARG00000116339,2,1
ENSDARG00000116341,3,0
ENSDARG00000116342,5,1
ENSDARG00000116343,3,2
ENSDARG00000116344,4,1
ENSDARG00000116347,0,1
ENSDARG00000116348,0,1
ENSDARG00000116349,1,1
ENSDARG00000116350,2,1
ENSDARG00000116351,4,1
ENSDARG00000116353,0,0
ENSDARG00000116354,0,1
ENSDARG00000116357,1,0
ENSDARG00000116361,4,1
ENSDARG00000116364,0,0
ENSDARG00000116366,1,0
ENSDARG00000116367,2,1
ENSDARG00000116368,1,1
ENSDARG00000116369,5,0
ENSDARG00000116372,1,-1
ENSDARG00000116373,4,2
ENSDARG00000116374,2,1
ENSDARG00000116375,2,1
ENSDARG00000116377,3,2
ENSDARG00000116379,0,1
ENSDARG00000116380,2,1
ENSDARG00000116381,5,1
ENSDARG00000116382,0,2
ENSDARG00000116383,4,-1
ENSDARG00000116384,5,1
ENSDARG00000116386,1,0
ENSDARG00000116387,3,2
ENSDARG00000116388,4,2
ENSDARG00000116389,5,0
ENSDARG00000116392,2,1
ENSDARG00000116393,2,1
ENSDARG00000116394,3,-1
ENSDARG00000116395,3,2
ENSDARG00000116397,5,1
ENSDARG00000116398,5,2
ENSDARG00000116400,5,0
ENSDARG00000116401,1,0
ENSDARG00000116402,4,0
ENSDARG00000116404,2,0
ENSDARG00000116407,2,1
ENSDARG00000116409,2,1
ENSDARG00000116410,0,2
ENSDARG00000116411,5,1
ENSDARG00000116412,4,1
ENSDARG00000116413,2,1
ENSDARG00000116415,1,1
ENSDARG00000116416,2,0
ENSDARG00000116417,4,0
ENSDARG00000116419,2,1
ENSDARG00000116422,0,0
ENSDARG00000116423,0,1
ENSDARG00000116424,2,0
ENSDARG00000116425,5,0
ENSDARG00000116426,3,2
ENSDARG00000116427,1,0
ENSDARG00000116428,1,1
ENSDARG00000116429,3,0
ENSDARG00000116430,2,1
ENSDARG00000116431,0,2
ENSDARG00000116432,0,0
ENSDARG00000116433,0,0
ENSDARG00000116434,2,1
ENSDARG00000116435,3,2
ENSDARG00000116437,1,0
ENSDARG00000116438,3,2
ENSDARG00000116439,4,0
ENSDARG00000116440,2,1
ENSDARG00000116441,1,0
ENSDARG00000116442,4,0
ENSDARG00000116444,2,0
ENSDARG00000116445,4,0
ENSDARG00000116446,0,2
ENSDARG00000116448,2,-1
ENSDARG00000116449,1,1
ENSDARG00000116450,3,0
ENSDARG00000116452,5,2
ENSDARG00000116454,5,0
ENSDARG00000116455,1,1
ENSDARG00000116456,5,1
ENSDARG00000116457,2,0
ENSDARG00000116458,5,1
ENSDARG00000116459,1,1
ENSDARG00000116460,5,2
ENSDARG00000116461,2,0
ENSDARG00000116462,4,0
ENSDARG00000116463,2,1
ENSDARG00000116465,2,1
ENSDARG00000116466,1,0
ENSDARG00000116467,1,1
ENSDARG00000116468,1,1
ENSDARG00000116469,5,1
ENSDARG00000116472,5,1
ENSDARG00000116473,0,2
ENSDARG00000116476,1,1
ENSDARG00000116478,2,-1
ENSDARG00000116480,1,1
ENSDARG00000116482,0,2
ENSDARG00000116483,3,2
ENSDARG00000116485,3,2
ENSDARG00000116487,3,2
ENSDARG00000116488,2,0
ENSDARG00000116489,3,0
ENSDARG00000116490,1,0
ENSDARG00000116491,1,1
ENSDARG00000116492,5,2
ENSDARG00000116493,3,0
ENSDARG00000116494,1,-1
ENSDARG00000116496,3,2
ENSDARG00000116497,3,2
ENSDARG00000116498,2,0
ENSDARG00000116499,5,1
ENSDARG00000116500,2,1
ENSDARG00000116501,2,0
ENSDARG00000116503,1,1
ENSDARG00000116504,2,1
ENSDARG00000116505,2,0
ENSDARG00000116506,5,1
ENSDARG00000116508,2,1
ENSDARG00000116510,5,0
ENSDARG00000116511,5,0
ENSDARG00000116512,5,1
ENSDARG00000116513,2,-1
ENSDARG00000116516,3,1
ENSDARG00000116517,0,2
ENSDARG00000116519,5,1
ENSDARG00000116520,2,1
ENSDARG00000116521,1,1
ENSDARG00000116525,0,1
ENSDARG00000116526,1,1
ENSDARG00000116528,1,1
ENSDARG00000116529,1,1
ENSDARG00000116530,0,0
ENSDARG00000116533,1,1
ENSDARG00000116534,0,2
ENSDARG00000116536,1,0
ENSDARG00000116537,3,2
ENSDARG00000116538,3,2
ENSDARG00000116539,5,2
ENSDARG00000116541,4,1
ENSDARG00000116542,2,1
ENSDARG00000116543,1,1
ENSDARG00000116544,1,-1
ENSDARG00000116545,0,0
ENSDARG00000116546,5,0
ENSDARG00000116548,2,1
ENSDARG00000116549,5,0
ENSDARG00000116550,3,0
ENSDARG00000116551,4,1
ENSDARG00000116553,4,1
ENSDARG00000116555,3,2
ENSDARG00000116556,3,0
ENSDARG00000116558,1,1
ENSDARG00000116559,1,0
ENSDARG00000116560,0,2
ENSDARG00000116561,0,0
ENSDARG00000116562,2,0
ENSDARG00000116563,1,0
ENSDARG00000116564,0,1
ENSDARG00000116565,5,0
ENSDARG00000116567,4,1
ENSDARG00000116568,1,1
ENSDARG00000116569,1,0
ENSDARG00000116570,5,2
ENSDARG00000116571,2,1
ENSDARG00000116572,1,1
ENSDARG00000116573,1,-1
ENSDARG00000116574,4,1
ENSDARG00000116575,3,2
ENSDARG00000116576,2,1
ENSDARG00000116577,1,1
ENSDARG00000116578,5,2
ENSDARG00000116579,1,1
ENSDARG00000116580,0,0
ENSDARG00000116581,2,1
ENSDARG00000116582,5,2
ENSDARG00000116583,3,-1
ENSDARG00000116584,0,2
ENSDARG00000116586,3,0
ENSDARG00000116587,5,0
ENSDARG00000116589,2,0
ENSDARG00000116590,4,2
ENSDARG00000116596,1,1
ENSDARG00000116598,1,1
ENSDARG00000116600,0,2
ENSDARG00000116601,2,1
ENSDARG00000116602,3,2
ENSDARG00000116603,5,1
ENSDARG00000116604,2,0
ENSDARG00000116605,2,0
ENSDARG00000116607,5,1
ENSDARG00000116608,3,2
ENSDARG00000116609,1,-1
ENSDARG00000116610,3,2
ENSDARG00000116611,3,2
ENSDARG00000116612,4,1
ENSDARG00000116614,1,1
ENSDARG00000116615,0,2
ENSDARG00000116616,5,1
ENSDARG00000116618,4,1
ENSDARG00000116619,4,0
ENSDARG00000116620,5,1
ENSDARG00000116621,3,2
ENSDARG00000116622,1,1
ENSDARG00000116623,5,1
ENSDARG00000116624,0,0
ENSDARG00000116625,5,0
ENSDARG00000116627,1,1
ENSDARG00000116628,3,2
ENSDARG00000116629,2,1
ENSDARG00000116630,3,-1
ENSDARG00000116631,5,1
ENSDARG00000116632,3,0
ENSDARG00000116634,3,2
ENSDARG00000116635,4,1
ENSDARG00000116637,1,1
ENSDARG00000116638,1,1
ENSDARG00000116639,0,2
ENSDARG00000116640,2,1
ENSDARG00000116641,0,2
ENSDARG00000116642,0,2
ENSDARG00000116643,2,0
ENSDARG00000116644,2,1
ENSDARG00000116645,3,2
ENSDARG00000116646,2,-1
ENSDARG00000116647,2,0
ENSDARG00000116648,4,0
ENSDARG00000116649,1,1
ENSDARG00000116650,5,1
ENSDARG00000116651,2,1
ENSDARG00000116654,5,0
ENSDARG00000116656,3,2
ENSDARG00000116658,2,0
ENSDARG00000116659,4,1
ENSDARG00000116661,2,-1
ENSDARG00000116662,3,2
ENSDARG00000116663,2,0
ENSDARG00000116664,3,2
ENSDARG00000116665,1,1
ENSDARG00000116666,3,1
ENSDARG00000116667,5,0
ENSDARG00000116668,1,1
ENSDARG00000116669,2,1
ENSDARG00000116670,5,1
ENSDARG00000116671,4,2
ENSDARG00000116674,0,2
ENSDARG00000116676,3,2
ENSDARG00000116677,2,1
ENSDARG00000116678,4,0
ENSDARG00000116679,5,0
ENSDARG00000116680,2,0
ENSDARG00000116682,5,2
ENSDARG00000116685,5,0
ENSDARG00000116688,4,2
ENSDARG00000116689,3,0
ENSDARG00000116690,1,1
ENSDARG00000116692,5,0
ENSDARG00000116693,0,2
ENSDARG00000116694,5,1
ENSDARG00000116695,1,0
ENSDARG00000116697,0,0
ENSDARG00000116698,4,0
ENSDARG00000116699,3,-1
ENSDARG00000116700,5,0
ENSDARG00000116701,5,1
ENSDARG00000116702,5,2
ENSDARG00000116703,0,2
ENSDARG00000116704,1,1
ENSDARG00000116706,1,0
ENSDARG00000116708,5,2
ENSDARG00000116709,2,0
ENSDARG00000116710,5,1
ENSDARG00000116711,1,1
ENSDARG00000116712,1,1
ENSDARG00000116713,3,0
ENSDARG00000116714,4,0
ENSDARG00000116717,5,0
ENSDARG00000116718,4,0
ENSDARG00000116719,5,1
ENSDARG00000116721,4,0
ENSDARG00000116722,3,0
ENSDARG00000116723,5,0
ENSDARG00000116725,2,1
ENSDARG00000116726,2,0
ENSDARG00000116727,3,2
ENSDARG00000116728,2,1
ENSDARG00000116729,0,0
ENSDARG00000116731,3,2
ENSDARG00000116734,4,1
ENSDARG00000116735,1,0
ENSDARG00000116738,3,1
ENSDARG00000116740,0,0
ENSDARG00000116741,3,2
ENSDARG00000116743,1,0
ENSDARG00000116744,5,1
ENSDARG00000116745,1,1
ENSDARG00000116747,5,1
ENSDARG00000116748,1,0
ENSDARG00000116754,0,0
ENSDARG00000116755,0,2
ENSDARG00000116756,1,0
ENSDARG00000116757,0,0
ENSDARG00000116758,3,1
ENSDARG00000116759,3,1
ENSDARG00000116760,0,0
ENSDARG00000116761,3,2
ENSDARG00000116762,1,0
ENSDARG00000116763,1,1
ENSDARG00000116764,0,1
ENSDARG00000116765,0,1
ENSDARG00000116768,3,2
ENSDARG00000116769,3,0
ENSDARG00000116770,5,0
ENSDARG00000116771,3,0
ENSDARG00000116773,4,1
ENSDARG00000116774,1,1
ENSDARG00000116775,2,1
ENSDARG00000116776,5,2
ENSDARG00000116777,5,1
ENSDARG00000116778,2,1
ENSDARG00000116779,3,2
ENSDARG00000116781,5,0
ENSDARG00000116782,4,0
ENSDARG00000116783,0,0
ENSDARG00000116785,5,2
ENSDARG00000116786,5,1
ENSDARG00000116787,5,1
ENSDARG00000116788,5,2
ENSDARG00000116789,4,1
ENSDARG00000116790,2,1
ENSDARG00000116791,4,1
ENSDARG00000116792,2,1
ENSDARG00000116793,4,1
ENSDARG00000116795,4,0
ENSDARG00000116796,0,1
ENSDARG00000116797,2,1
ENSDARG00000116800,1,1
ENSDARG00000116801,0,0
ENSDARG00000116802,4,2
ENSDARG00000116803,1,1
ENSDARG00000116804,3,2
ENSDARG00000116805,1,1
ENSDARG00000116806,3,2
ENSDARG00000116808,1,0
ENSDARG00000116809,5,1
ENSDARG00000116810,5,1
ENSDARG00000116812,5,1
ENSDARG00000116813,3,0
ENSDARG00000116816,1,1
ENSDARG00000116817,3,0
ENSDARG00000116819,2,0
ENSDARG00000116820,5,2
ENSDARG00000116821,5,1
ENSDARG00000116822,5,1
ENSDARG00000116825,1,0
ENSDARG00000116827,0,2
ENSDARG00000116828,5,1
ENSDARG00000116829,1,1
ENSDARG00000116830,2,1
ENSDARG00000116831,0,2
ENSDARG00000116832,2,1
ENSDARG00000116833,3,0
ENSDARG00000116835,0,2
ENSDARG00000116836,4,0
ENSDARG00000116837,2,-1
ENSDARG00000116839,1,1
ENSDARG00000116842,5,1
ENSDARG00000116845,2,0
ENSDARG00000116846,1,1
ENSDARG00000116847,5,2
ENSDARG00000116848,2,0
ENSDARG00000116850,1,1
ENSDARG00000116851,2,0
ENSDARG00000116853,1,1
ENSDARG00000116854,5,1
ENSDARG00000116856,2,-1
ENSDARG00000116858,3,2
ENSDARG00000116860,3,-1
ENSDARG00000116861,4,0
ENSDARG00000116862,3,2
ENSDARG00000116863,3,1
ENSDARG00000116864,1,0
ENSDARG00000116867,4,1
ENSDARG00000116869,1,1
ENSDARG00000116870,1,0
ENSDARG00000116871,4,0
ENSDARG00000116872,2,1
ENSDARG00000116874,1,-1
ENSDARG00000116877,0,0
ENSDARG00000116878,5,2
ENSDARG00000116879,3,0
ENSDARG00000116880,5,1
ENSDARG00000116882,5,2
ENSDARG00000116883,2,0
ENSDARG00000116884,3,2
ENSDARG00000116885,0,2
ENSDARG00000116887,5,0
ENSDARG00000116889,5,1
ENSDARG00000116890,0,0
ENSDARG00000116891,2,0
ENSDARG00000116893,0,0
ENSDARG00000116894,5,1
ENSDARG00000116895,4,1
ENSDARG00000116896,5,0
ENSDARG00000116897,5,2
ENSDARG00000116898,2,1
ENSDARG00000116899,0,0
ENSDARG00000116901,3,2
ENSDARG00000116902,0,1
ENSDARG00000116903,0,2
ENSDARG00000116904,5,2
ENSDARG00000116907,0,0
ENSDARG00000116908,0,0
ENSDARG00000116913,4,1
ENSDARG00000116914,1,0
ENSDARG00000116915,2,1
ENSDARG00000116916,1,0
ENSDARG00000116918,1,1
ENSDARG00000116919,3,2
ENSDARG00000116921,0,2
ENSDARG00000116922,2,0
ENSDARG00000116923,3,0
ENSDARG00000116924,1,0
ENSDARG00000116925,3,2
ENSDARG00000116927,1,1
ENSDARG00000116928,3,2
ENSDARG00000116929,0,1
ENSDARG00000116930,2,1
ENSDARG00000116931,1,0
ENSDARG00000116932,2,1
ENSDARG00000116934,0,0
ENSDARG00000116936,1,0
ENSDARG00000116937,3,0
ENSDARG00000116938,2,-1
ENSDARG00000116941,1,0
ENSDARG00000116944,5,2
ENSDARG00000116946,5,1
ENSDARG00000116948,1,0
ENSDARG00000116949,4,1
ENSDARG00000116951,4,1
ENSDARG00000116955,3,2
ENSDARG00000116956,0,1
ENSDARG00000116957,3,2
ENSDARG00000116958,1,0
ENSDARG00000116960,0,0
ENSDARG00000116961,0,0
ENSDARG00000116962,5,0
ENSDARG00000116967,5,1
ENSDARG00000116968,5,1
ENSDARG00000116970,1,1
ENSDARG00000116972,1,-1
ENSDARG00000116973,0,0
ENSDARG00000116975,4,0
ENSDARG00000116976,3,0
ENSDARG00000116978,2,-1
ENSDARG00000116979,5,1
ENSDARG00000116982,2,0
ENSDARG00000116983,3,2
ENSDARG00000116985,2,1
ENSDARG00000116986,2,1
ENSDARG00000116987,5,1
ENSDARG00000116988,2,1
ENSDARG00000116989,4,0
ENSDARG00000116990,2,1
ENSDARG00000116991,2,0
ENSDARG00000116992,1,1
ENSDARG00000116993,1,0
ENSDARG00000116994,2,0
ENSDARG00000116995,1,0
ENSDARG00000116996,2,0
ENSDARG00000116997,2,1
ENSDARG00000116998,0,1
ENSDARG00000116999,2,0
ENSDARG00000117002,2,0
ENSDARG00000117003,1,1
ENSDARG00000117006,1,1
ENSDARG00000117008,3,2
ENSDARG00000117009,0,2
ENSDARG00000117010,5,2
ENSDARG00000117011,0,1
ENSDARG00000117012,5,0
ENSDARG00000117013,2,1
ENSDARG00000117014,0,0
ENSDARG00000117017,5,1
ENSDARG00000117018,2,1
ENSDARG00000117019,0,2
ENSDARG00000117020,2,1
ENSDARG00000117021,1,0
ENSDARG00000117022,5,1
ENSDARG00000117024,5,2
ENSDARG00000117025,0,2
ENSDARG00000117026,3,0
ENSDARG00000117027,3,1
ENSDARG00000117028,3,0
ENSDARG00000117030,3,-1
ENSDARG00000117032,0,0
ENSDARG00000117033,0,0
ENSDARG00000117034,4,0
ENSDARG00000117035,4,2
ENSDARG00000117037,0,2
ENSDARG00000117039,3,2
ENSDARG00000117040,0,0
ENSDARG00000117041,5,1
ENSDARG00000117042,2,1
ENSDARG00000117043,0,0
ENSDARG00000117044,2,1
ENSDARG00000117045,3,0
ENSDARG00000117048,0,0
ENSDARG00000117049,2,-1
ENSDARG00000117050,2,1
ENSDARG00000117051,3,2
ENSDARG00000117053,1,-1
ENSDARG00000117054,4,-1
ENSDARG00000117057,0,1
ENSDARG00000117058,5,0
ENSDARG00000117059,2,0
ENSDARG00000117060,4,1
ENSDARG00000117061,0,0
ENSDARG00000117062,5,2
ENSDARG00000117064,5,2
ENSDARG00000117066,2,1
ENSDARG00000117067,3,0
ENSDARG00000117068,5,0
ENSDARG00000117069,2,0
ENSDARG00000117070,0,1
ENSDARG00000117072,3,2
ENSDARG00000117073,5,1
ENSDARG00000117074,2,1
ENSDARG00000117075,3,0
ENSDARG00000117076,3,1
ENSDARG00000117079,0,2
ENSDARG00000117080,0,2
ENSDARG00000117081,5,1
ENSDARG00000117083,5,1
ENSDARG00000117085,1,1
ENSDARG00000117086,5,1
ENSDARG00000117087,5,1
ENSDARG00000117088,2,0
ENSDARG00000117089,1,0
ENSDARG00000117090,1,0
ENSDARG00000117091,4,1
ENSDARG00000117093,3,0
ENSDARG00000117094,4,1
ENSDARG00000117095,0,1
ENSDARG00000117096,1,1
ENSDARG00000117097,2,1
ENSDARG00000117099,5,1
ENSDARG00000117100,2,1
ENSDARG00000117102,0,2
ENSDARG00000117103,1,-1
ENSDARG00000117104,0,0
ENSDARG00000117106,1,-1
ENSDARG00000117107,4,0
ENSDARG00000117108,0,0
ENSDARG00000117109,2,1
ENSDARG00000117110,2,1
ENSDARG00000117111,1,0
ENSDARG00000117112,1,0
ENSDARG00000117113,5,0
ENSDARG00000117114,1,1
ENSDARG00000117115,5,0
ENSDARG00000117116,3,1
ENSDARG00000117119,3,0
ENSDARG00000117120,2,0
ENSDARG00000117123,3,2
ENSDARG00000117124,5,2
ENSDARG00000117125,3,2
ENSDARG00000117129,1,-1
ENSDARG00000117130,2,1
ENSDARG00000117131,1,1
ENSDARG00000117132,5,0
ENSDARG00000117133,4,1
ENSDARG00000117134,2,1
ENSDARG00000117135,2,1
ENSDARG00000117136,5,1
ENSDARG00000117137,4,1
ENSDARG00000117138,2,1
ENSDARG00000117140,0,0
ENSDARG00000117141,5,1
ENSDARG00000117142,0,2
ENSDARG00000117145,4,1
ENSDARG00000117146,3,0
ENSDARG00000117148,1,1
ENSDARG00000117149,4,1
ENSDARG00000117150,0,1
ENSDARG00000117151,0,0
ENSDARG00000117152,2,1
ENSDARG00000117153,1,1
ENSDARG00000117154,3,2
ENSDARG00000117155,2,0
ENSDARG00000117156,1,1
ENSDARG00000117158,5,1
ENSDARG00000117159,3,-1
ENSDARG00000117160,3,1
ENSDARG00000117161,1,0
ENSDARG00000117162,5,0
ENSDARG00000117163,1,1
ENSDARG00000117164,0,2
ENSDARG00000117165,1,-1
ENSDARG00000117166,0,1
ENSDARG00000117168,2,1
ENSDARG00000117171,1,0
ENSDARG00000117173,2,1
ENSDARG00000117175,1,1
ENSDARG00000117177,2,1
ENSDARG00000117178,5,2
ENSDARG00000117179,2,0
ENSDARG00000117180,2,0
ENSDARG00000117181,0,0
ENSDARG00000117182,1,1
ENSDARG00000117184,2,-1
ENSDARG00000117186,2,0
ENSDARG00000117189,3,2
ENSDARG00000117190,0,0
ENSDARG00000117191,2,1
ENSDARG00000117192,1,-1
ENSDARG00000117193,2,0
ENSDARG00000117196,5,1
ENSDARG00000117197,5,2
ENSDARG00000117198,2,1
ENSDARG00000117199,2,1
ENSDARG00000117200,5,0
ENSDARG00000117201,4,1
ENSDARG00000117202,1,1
ENSDARG00000117204,3,2
ENSDARG00000117205,3,2
ENSDARG00000117206,5,1
ENSDARG00000117207,5,2
ENSDARG00000117208,1,1
ENSDARG00000117209,0,0
ENSDARG00000117210,5,0
ENSDARG00000117211,0,0
ENSDARG00000117212,3,2
ENSDARG00000117213,3,2
ENSDARG00000117214,1,0
ENSDARG00000117215,4,1
ENSDARG00000117216,4,1
ENSDARG00000117217,2,0
ENSDARG00000117219,0,2
ENSDARG00000117220,5,1
ENSDARG00000117221,0,0
ENSDARG00000117222,1,1
ENSDARG00000117223,1,1
ENSDARG00000117224,3,2
ENSDARG00000117225,5,0
ENSDARG00000117226,0,0
ENSDARG00000117227,5,1
ENSDARG00000117228,0,1
ENSDARG00000117229,4,1
ENSDARG00000117230,0,2
ENSDARG00000117231,2,0
ENSDARG00000117232,0,0
ENSDARG00000117233,2,1
ENSDARG00000117234,5,1
ENSDARG00000117235,4,1
ENSDARG00000117236,0,2
ENSDARG00000117237,0,1
ENSDARG00000117238,3,0
ENSDARG00000117240,5,2
ENSDARG00000117241,3,0
ENSDARG00000117242,1,1
ENSDARG00000117243,5,1
ENSDARG00000117244,3,0
ENSDARG00000117245,2,0
ENSDARG00000117246,0,0
ENSDARG00000117247,0,1
ENSDARG00000117248,4,1
ENSDARG00000117249,4,1
ENSDARG00000117250,0,0
ENSDARG00000117251,2,0
ENSDARG00000117252,4,0
ENSDARG00000117253,2,1
ENSDARG00000117254,0,1
ENSDARG00000117255,5,2
ENSDARG00000117256,2,1
ENSDARG00000117257,0,0
ENSDARG00000117258,4,0
ENSDARG00000117259,2,1
ENSDARG00000117260,4,0
ENSDARG00000117261,1,1
ENSDARG00000117262,5,0
ENSDARG00000117263,2,1
ENSDARG00000117266,2,1
ENSDARG00000117267,0,1
ENSDARG00000117268,5,0
ENSDARG00000117269,2,1
ENSDARG00000117270,2,-1
ENSDARG00000117271,2,1
ENSDARG00000117272,1,1
ENSDARG00000117273,4,0
ENSDARG00000117274,0,2
ENSDARG00000117275,3,2
ENSDARG00000117276,5,1
ENSDARG00000117277,3,2
ENSDARG00000117278,2,0
ENSDARG00000117279,1,0
ENSDARG00000117280,1,1
ENSDARG00000117281,5,1
ENSDARG00000117282,0,2
ENSDARG00000117283,3,0
ENSDARG00000117284,0,0
ENSDARG00000117285,0,1
ENSDARG00000117286,5,0
ENSDARG00000117287,0,0
ENSDARG00000117288,3,0
ENSDARG00000117289,0,0
ENSDARG00000117290,5,1
ENSDARG00000117291,3,2
ENSDARG00000117292,5,1
ENSDARG00000117294,5,1
ENSDARG00000117295,4,1
ENSDARG00000117296,0,2
ENSDARG00000117297,3,2
ENSDARG00000117298,2,0
ENSDARG00000117299,2,0
ENSDARG00000117300,2,1
ENSDARG00000117301,5,1
ENSDARG00000117302,5,2
ENSDARG00000117303,1,1
ENSDARG00000117304,2,0
ENSDARG00000117306,2,-1
ENSDARG00000117307,2,1
ENSDARG00000117308,2,0
ENSDARG00000117309,1,1
ENSDARG00000117310,3,2
ENSDARG00000117311,0,0
ENSDARG00000117312,5,2
ENSDARG00000117313,1,1
ENSDARG00000117314,1,1
ENSDARG00000117315,1,0
ENSDARG00000117316,0,0
ENSDARG00000117317,3,0
ENSDARG00000117318,1,1
ENSDARG00000117319,2,1
ENSDARG00000117320,4,2
ENSDARG00000117321,5,1
ENSDARG00000117322,2,1
ENSDARG00000117323,5,2
ENSDARG00000117324,4,0
ENSDARG00000117325,2,0
ENSDARG00000117326,0,2
ENSDARG00000117327,2,1
ENSDARG00000117328,5,1
ENSDARG00000117329,4,1
ENSDARG00000117330,5,1
ENSDARG00000117332,4,0
ENSDARG00000117333,5,1
ENSDARG00000117334,5,0
ENSDARG00000117335,0,2
ENSDARG00000117337,2,1
ENSDARG00000117338,2,1
ENSDARG00000117339,0,0
ENSDARG00000117340,5,0
ENSDARG00000117341,4,1
ENSDARG00000117342,0,2
ENSDARG00000117344,3,2
ENSDARG00000117345,2,0
ENSDARG00000117346,5,2
ENSDARG00000117348,5,1
ENSDARG00000117349,4,2
ENSDARG00000117350,5,1
ENSDARG00000117351,1,0
ENSDARG00000117352,1,0
ENSDARG00000117353,2,1
ENSDARG00000117354,0,0
ENSDARG00000117355,2,1
ENSDARG00000117356,5,1
ENSDARG00000117357,0,0
ENSDARG00000117358,0,2
ENSDARG00000117359,0,1
ENSDARG00000117360,0,1
ENSDARG00000117361,4,1
ENSDARG00000117362,2,1
ENSDARG00000117363,2,0
ENSDARG00000117364,2,1
ENSDARG00000117365,4,2
ENSDARG00000117366,1,0
ENSDARG00000117367,0,2
ENSDARG00000117368,2,1
ENSDARG00000117369,5,1
ENSDARG00000117370,4,1
ENSDARG00000117371,4,0
ENSDARG00000117372,0,0
ENSDARG00000117373,3,0
ENSDARG00000117374,0,0
ENSDARG00000117376,5,0
ENSDARG00000117377,0,0
ENSDARG00000117379,4,1
ENSDARG00000117380,5,0
ENSDARG00000117381,3,2
ENSDARG00000117382,5,1
ENSDARG00000117383,0,2
ENSDARG00000117386,0,0
ENSDARG00000117387,1,0
ENSDARG00000117388,3,0
ENSDARG00000117389,0,2
ENSDARG00000117390,2,0
ENSDARG00000117391,5,1
ENSDARG00000117392,3,2
ENSDARG00000117393,3,2
ENSDARG00000117394,5,2
ENSDARG00000117395,0,0
ENSDARG00000117396,2,1
ENSDARG00000117397,1,1
ENSDARG00000117398,0,0
ENSDARG00000117399,3,0
ENSDARG00000117400,2,0
ENSDARG00000117401,3,2
ENSDARG00000117402,1,0
ENSDARG00000117403,2,1
ENSDARG00000117404,0,0
ENSDARG00000117405,3,0
ENSDARG00000117406,2,0
ENSDARG00000117407,2,1
ENSDARG00000117408,5,0
ENSDARG00000117409,3,2
ENSDARG00000117410,0,0
ENSDARG00000117411,2,1
ENSDARG00000117412,2,1
ENSDARG00000117413,1,1
ENSDARG00000117414,4,0
ENSDARG00000117415,5,1
ENSDARG00000117416,1,1
ENSDARG00000117417,0,0
ENSDARG00000117420,0,0
ENSDARG00000117421,5,1
ENSDARG00000117422,1,1
ENSDARG00000117424,2,1
ENSDARG00000117425,2,0
ENSDARG00000117426,2,1
ENSDARG00000117427,4,1
ENSDARG00000117428,0,0
ENSDARG00000117429,2,0
ENSDARG00000117430,2,0
ENSDARG00000117431,4,0
ENSDARG00000117432,2,0
ENSDARG00000117434,0,1
ENSDARG00000117435,2,1
ENSDARG00000117436,4,0
ENSDARG00000117437,2,1
ENSDARG00000117438,1,1
ENSDARG00000117439,1,1
ENSDARG00000117440,1,1
ENSDARG00000117441,5,0
ENSDARG00000117442,3,1
ENSDARG00000117443,5,1
ENSDARG00000117444,4,1
ENSDARG00000117445,2,1
ENSDARG00000117446,0,1
ENSDARG00000117447,1,1
ENSDARG00000117448,3,0
ENSDARG00000117449,0,0
ENSDARG00000117450,2,0
ENSDARG00000117451,5,2
ENSDARG00000117452,4,1
ENSDARG00000117453,2,1
ENSDARG00000117454,2,0
ENSDARG00000117455,5,2
ENSDARG00000117456,4,1
ENSDARG00000117457,4,0
ENSDARG00000117459,2,1
ENSDARG00000117460,5,1
ENSDARG00000117461,3,2
ENSDARG00000117462,3,2
ENSDARG00000117463,0,2
ENSDARG00000117464,5,1
ENSDARG00000117465,1,0
ENSDARG00000117466,0,2
ENSDARG00000117467,2,1
ENSDARG00000117468,5,0
ENSDARG00000117469,1,1
ENSDARG00000117470,0,0
ENSDARG00000117471,2,1
ENSDARG00000117472,2,0
ENSDARG00000117474,3,2
ENSDARG00000117475,1,0
ENSDARG00000117476,5,1
ENSDARG00000117477,0,0
ENSDARG00000117478,1,1
ENSDARG00000117479,0,1
ENSDARG00000117480,2,1
ENSDARG00000117481,4,1
ENSDARG00000117482,0,1
ENSDARG00000117483,0,1
ENSDARG00000117484,2,1
ENSDARG00000117485,3,0
ENSDARG00000117486,2,1
ENSDARG00000117487,0,2
ENSDARG00000117488,3,1
ENSDARG00000117489,1,1
ENSDARG00000117490,5,1
ENSDARG00000117491,4,1
ENSDARG00000117492,0,1
ENSDARG00000117494,1,1
ENSDARG00000117495,1,1
ENSDARG00000117496,5,1
ENSDARG00000117497,5,2
ENSDARG00000117498,1,1
ENSDARG00000117499,0,2
ENSDARG00000117500,2,0
ENSDARG00000117501,0,1
ENSDARG00000117502,0,0
ENSDARG00000117503,3,2
ENSDARG00000117505,5,0
ENSDARG00000117507,0,0
ENSDARG00000117508,5,1
ENSDARG00000117509,0,0
ENSDARG00000117510,4,-1
ENSDARG00000117511,1,1
ENSDARG00000117513,3,2
ENSDARG00000117514,4,1
ENSDARG00000117515,1,0
ENSDARG00000117516,0,0
ENSDARG00000117517,4,0
ENSDARG00000117518,0,0
ENSDARG00000117519,3,0
ENSDARG00000117520,2,0
ENSDARG00000117521,1,1
ENSDARG00000117522,5,2
ENSDARG00000117523,0,0
ENSDARG00000117524,4,1
ENSDARG00000117525,5,1
ENSDARG00000117526,0,0
ENSDARG00000117527,4,0
ENSDARG00000117528,0,0
ENSDARG00000117529,1,1
ENSDARG00000117530,4,1
ENSDARG00000117531,3,2
ENSDARG00000117532,0,0
ENSDARG00000117533,2,0
ENSDARG00000117534,4,1
ENSDARG00000117535,4,2
ENSDARG00000117536,0,2
ENSDARG00000117537,3,2
ENSDARG00000117538,1,0
ENSDARG00000117540,2,1
ENSDARG00000117543,2,0
ENSDARG00000117544,0,0
ENSDARG00000117546,3,0
ENSDARG00000117547,3,0
ENSDARG00000117549,2,0
ENSDARG00000117550,0,2
ENSDARG00000117551,0,2
ENSDARG00000117552,1,1
ENSDARG00000117554,4,1
ENSDARG00000117555,4,0
ENSDARG00000117556,5,1
ENSDARG00000117557,0,2
ENSDARG00000117560,2,1
ENSDARG00000117562,0,2
ENSDARG00000117563,0,2
ENSDARG00000117564,0,0
ENSDARG00000117565,2,1
ENSDARG00000117566,0,2
ENSDARG00000117567,0,0
ENSDARG00000117568,1,0
ENSDARG00000117570,0,2
ENSDARG00000117572,3,2
ENSDARG00000117574,1,1
ENSDARG00000117575,2,1
ENSDARG00000117576,5,1
ENSDARG00000117577,3,0
ENSDARG00000117578,0,0
ENSDARG00000117579,5,0
ENSDARG00000117580,0,0
ENSDARG00000117581,2,0
ENSDARG00000117582,2,1
ENSDARG00000117583,0,1
ENSDARG00000117584,5,1
ENSDARG00000117585,2,1
ENSDARG00000117586,2,1
ENSDARG00000117587,2,1
ENSDARG00000117589,0,1
ENSDARG00000117590,4,1
ENSDARG00000117592,3,2
ENSDARG00000117595,0,2
ENSDARG00000117596,4,-1
ENSDARG00000117598,1,0
ENSDARG00000117599,5,0
ENSDARG00000117600,4,1
ENSDARG00000117601,2,1
ENSDARG00000117602,0,1
ENSDARG00000117603,0,1
ENSDARG00000117605,5,1
ENSDARG00000117606,4,2
ENSDARG00000117607,2,1
ENSDARG00000117608,5,1
ENSDARG00000117609,4,1
ENSDARG00000117610,0,0
ENSDARG00000117611,2,1
ENSDARG00000117613,2,1
ENSDARG00000117614,2,1
ENSDARG00000117615,5,1
ENSDARG00000117616,4,1
ENSDARG00000117617,2,0
ENSDARG00000117618,1,1
ENSDARG00000117619,2,1
ENSDARG00000117620,1,1
ENSDARG00000117621,3,2
ENSDARG00000117622,0,0
ENSDARG00000117623,2,1
ENSDARG00000117624,4,1
ENSDARG00000117625,3,2
ENSDARG00000117626,3,2
ENSDARG00000117627,4,1
ENSDARG00000117628,5,0
ENSDARG00000117629,0,0
ENSDARG00000117630,0,2
ENSDARG00000117631,1,-1
ENSDARG00000117632,0,2
ENSDARG00000117633,4,0
ENSDARG00000117634,0,2
ENSDARG00000117635,0,0
ENSDARG00000117638,0,0
ENSDARG00000117639,0,1
ENSDARG00000117640,0,2
ENSDARG00000117641,3,2
ENSDARG00000117642,3,0
ENSDARG00000117643,2,1
ENSDARG00000117644,4,1
ENSDARG00000117645,3,2
ENSDARG00000117646,4,1
ENSDARG00000117647,2,1
ENSDARG00000117648,5,1
ENSDARG00000117649,0,0
ENSDARG00000117650,5,0
ENSDARG00000117651,2,1
ENSDARG00000117652,5,1
ENSDARG00000117653,4,0
ENSDARG00000117654,4,1
ENSDARG00000117655,1,1
ENSDARG00000117656,2,1
ENSDARG00000117657,0,2
ENSDARG00000117658,1,1
ENSDARG00000117659,5,0
ENSDARG00000117660,3,2
ENSDARG00000117661,1,0
ENSDARG00000117662,5,2
ENSDARG00000117664,2,0
ENSDARG00000117665,0,1
ENSDARG00000117666,1,0
ENSDARG00000117667,2,0
ENSDARG00000117668,3,2
ENSDARG00000117669,2,1
ENSDARG00000117670,5,1
ENSDARG00000117671,0,0
ENSDARG00000117672,0,2
ENSDARG00000117673,0,2
ENSDARG00000117674,2,0
ENSDARG00000117676,0,0
ENSDARG00000117677,2,-1
ENSDARG00000117678,2,0
ENSDARG00000117679,2,1
ENSDARG00000117680,0,1
ENSDARG00000117681,0,0
ENSDARG00000117682,5,2
ENSDARG00000117685,2,-1
ENSDARG00000117687,2,1
ENSDARG00000117688,4,0
ENSDARG00000117689,5,1
ENSDARG00000117690,0,2
ENSDARG00000117691,0,2
ENSDARG00000117692,3,2
ENSDARG00000117693,4,1
ENSDARG00000117694,4,1
ENSDARG00000117695,2,1
ENSDARG00000117696,3,1
ENSDARG00000117697,1,1
ENSDARG00000117698,1,1
ENSDARG00000117699,0,2
ENSDARG00000117700,1,0
ENSDARG00000117701,1,0
ENSDARG00000117703,2,1
ENSDARG00000117705,1,0
ENSDARG00000117706,5,1
ENSDARG00000117707,2,1
ENSDARG00000117708,1,1
ENSDARG00000117709,5,0
ENSDARG00000117710,3,0
ENSDARG00000117711,2,1
ENSDARG00000117712,1,0
ENSDARG00000117713,5,0
ENSDARG00000117714,1,1
ENSDARG00000117715,3,2
ENSDARG00000117717,1,1
ENSDARG00000117718,0,0
ENSDARG00000117719,0,0
ENSDARG00000117720,3,2
ENSDARG00000117721,1,0
ENSDARG00000117722,3,2
ENSDARG00000117723,2,1
ENSDARG00000117724,3,2
ENSDARG00000117725,3,0
ENSDARG00000117726,0,0
ENSDARG00000117727,0,0
ENSDARG00000117728,0,0
ENSDARG00000117729,5,2
ENSDARG00000117730,3,2
ENSDARG00000117731,1,1
ENSDARG00000117732,0,2
ENSDARG00000117733,5,1
ENSDARG00000117734,3,0
ENSDARG00000117736,5,0
ENSDARG00000117737,0,1
ENSDARG00000117738,1,0
ENSDARG00000117739,4,1
ENSDARG00000117740,3,2
ENSDARG00000117742,2,0
ENSDARG00000117744,0,1
ENSDARG00000117745,0,0
ENSDARG00000117747,5,1
ENSDARG00000117748,4,0
ENSDARG00000117749,4,2
ENSDARG00000117750,0,0
ENSDARG00000117751,3,2
ENSDARG00000117752,2,0
ENSDARG00000117753,2,1
ENSDARG00000117755,2,1
ENSDARG00000117758,3,2
ENSDARG00000117759,0,1
ENSDARG00000117760,0,1
ENSDARG00000117761,5,1
ENSDARG00000117762,4,0
ENSDARG00000117763,2,0
ENSDARG00000117765,0,0
ENSDARG00000117766,0,0
ENSDARG00000117767,3,0
ENSDARG00000117768,4,1
ENSDARG00000117769,4,0
ENSDARG00000117770,3,2
ENSDARG00000117771,1,0
ENSDARG00000117772,3,2
ENSDARG00000117773,1,1
ENSDARG00000117774,5,2
ENSDARG00000117775,0,1
ENSDARG00000117776,5,0
ENSDARG00000117777,0,0
ENSDARG00000117778,5,2
ENSDARG00000117779,4,0
ENSDARG00000117781,0,2
ENSDARG00000117782,0,0
ENSDARG00000117783,2,0
ENSDARG00000117784,3,2
ENSDARG00000117785,2,1
ENSDARG00000117787,4,0
ENSDARG00000117788,5,1
ENSDARG00000117790,2,1
ENSDARG00000117791,1,1
ENSDARG00000117792,0,1
ENSDARG00000117794,5,1
ENSDARG00000117796,0,1
ENSDARG00000117797,1,0
ENSDARG00000117798,1,1
ENSDARG00000117799,1,1
ENSDARG00000117800,0,0
ENSDARG00000117803,2,0
ENSDARG00000117804,0,0
ENSDARG00000117806,5,0
ENSDARG00000117807,2,0
ENSDARG00000117808,3,2
ENSDARG00000117809,4,1
ENSDARG00000117810,2,1
ENSDARG00000117811,4,1
ENSDARG00000117812,4,0
ENSDARG00000117813,0,0
ENSDARG00000117814,0,0
ENSDARG00000117815,4,0
ENSDARG00000117816,1,0
ENSDARG00000117817,0,0
ENSDARG00000117818,2,1
ENSDARG00000117819,3,-1
ENSDARG00000117820,1,1
ENSDARG00000117821,0,1
ENSDARG00000117823,2,1
ENSDARG00000117824,3,1
ENSDARG00000117825,2,0
ENSDARG00000117826,1,0
ENSDARG00000117827,2,0
